draw_date,draw_id,game,game_name,letter,numbers,raw_text,source,url,draw_sequence
2024-02-16,100,supiri_dhana_sampatha,Supiri Dhana Sampatha,U,03;02;04;04;08;03,100 | 2024-Feb-16 Friday,dlb,https://www.dlb.lk/result/17/,1
2024-02-17,101,supiri_dhana_sampatha,Supiri Dhana Sampatha,G,06;00;07;02;09;01,101 | 2024-Feb-17 Saturday,dlb,https://www.dlb.lk/result/17/,2
2024-02-18,102,supiri_dhana_sampatha,Supiri Dhana Sampatha,W,05;09;07;01;05;06,102 | 2024-Feb-18 Sunday,dlb,https://www.dlb.lk/result/17/,3
2024-02-19,103,supiri_dhana_sampatha,Supiri Dhana Sampatha,J,05;02;07;02;00;08,103 | 2024-Feb-19 Monday,dlb,https://www.dlb.lk/result/17/,4
2024-02-20,104,supiri_dhana_sampatha,Supiri Dhana Sampatha,V,07;05;01;09;00;09,104 | 2024-Feb-20 Tuesday,dlb,https://www.dlb.lk/result/17/,5
2024-02-21,105,supiri_dhana_sampatha,Supiri Dhana Sampatha,R,07;08;09;09;02;08,105 | 2024-Feb-21 Wednesday,dlb,https://www.dlb.lk/result/17/,6
2024-02-22,106,supiri_dhana_sampatha,Supiri Dhana Sampatha,A,05;09;09;08;02;00,106 | 2024-Feb-22 Thursday,dlb,https://www.dlb.lk/result/17/,7
2024-02-23,107,supiri_dhana_sampatha,Supiri Dhana Sampatha,K,04;09;05;04;06;00,107 | 2024-Feb-23 Friday,dlb,https://www.dlb.lk/result/17/,8
2024-02-24,108,supiri_dhana_sampatha,Supiri Dhana Sampatha,B,08;03;02;03;06;08,108 | 2024-Feb-24 Saturday,dlb,https://www.dlb.lk/result/17/,9
2024-02-25,109,supiri_dhana_sampatha,Supiri Dhana Sampatha,V,02;02;02;05;08;03,109 | 2024-Feb-25 Sunday,dlb,https://www.dlb.lk/result/17/,10
2024-02-26,110,supiri_dhana_sampatha,Supiri Dhana Sampatha,E,03;06;05;02;01;07,110 | 2024-Feb-26 Monday,dlb,https://www.dlb.lk/result/17/,11
2024-02-27,111,supiri_dhana_sampatha,Supiri Dhana Sampatha,Y,04;00;01;00;09;08,111 | 2024-Feb-27 Tuesday,dlb,https://www.dlb.lk/result/17/,12
2024-02-28,112,supiri_dhana_sampatha,Supiri Dhana Sampatha,Y,00;01;08;03;02;08,112 | 2024-Feb-28 Wednesday,dlb,https://www.dlb.lk/result/17/,13
2024-02-29,113,supiri_dhana_sampatha,Supiri Dhana Sampatha,P,03;00;03;09;07;04,113 | 2024-Feb-29 Thursday,dlb,https://www.dlb.lk/result/17/,14
2024-03-01,114,supiri_dhana_sampatha,Supiri Dhana Sampatha,G,09;05;00;00;00;05,114 | 2024-Mar-01 Friday,dlb,https://www.dlb.lk/result/17/,15
2024-03-02,115,supiri_dhana_sampatha,Supiri Dhana Sampatha,K,05;00;09;07;04;07,115 | 2024-Mar-02 Saturday,dlb,https://www.dlb.lk/result/17/,16
2024-03-03,116,supiri_dhana_sampatha,Supiri Dhana Sampatha,G,05;00;07;09;00;04,116 | 2024-Mar-03 Sunday,dlb,https://www.dlb.lk/result/17/,17
2024-03-04,117,supiri_dhana_sampatha,Supiri Dhana Sampatha,T,04;03;00;00;03;08,117 | 2024-Mar-04 Monday,dlb,https://www.dlb.lk/result/17/,18
2024-03-05,118,supiri_dhana_sampatha,Supiri Dhana Sampatha,E,04;08;03;08;01;05,118 | 2024-Mar-05 Tuesday,dlb,https://www.dlb.lk/result/17/,19
2024-03-06,119,supiri_dhana_sampatha,Supiri Dhana Sampatha,U,06;08;09;00;04;08,119 | 2024-Mar-06 Wednesday,dlb,https://www.dlb.lk/result/17/,20
2024-03-07,120,supiri_dhana_sampatha,Supiri Dhana Sampatha,M,07;04;01;09;02;00,120 | 2024-Mar-07 Thursday,dlb,https://www.dlb.lk/result/17/,21
2024-03-08,121,supiri_dhana_sampatha,Supiri Dhana Sampatha,H,02;03;05;05;08;06,121 | 2024-Mar-08 Friday,dlb,https://www.dlb.lk/result/17/,22
2024-03-09,122,supiri_dhana_sampatha,Supiri Dhana Sampatha,H,02;07;06;04;00;02,122 | 2024-Mar-09 Saturday,dlb,https://www.dlb.lk/result/17/,23
2024-03-10,123,supiri_dhana_sampatha,Supiri Dhana Sampatha,U,03;02;04;00;05;03,123 | 2024-Mar-10 Sunday,dlb,https://www.dlb.lk/result/17/,24
2024-03-11,124,supiri_dhana_sampatha,Supiri Dhana Sampatha,K,00;02;01;06;02;01,124 | 2024-Mar-11 Monday,dlb,https://www.dlb.lk/result/17/,25
2024-03-12,125,supiri_dhana_sampatha,Supiri Dhana Sampatha,J,09;08;08;02;04;08,125 | 2024-Mar-12 Tuesday,dlb,https://www.dlb.lk/result/17/,26
2024-03-13,126,supiri_dhana_sampatha,Supiri Dhana Sampatha,Z,03;00;02;00;06;03,126 | 2024-Mar-13 Wednesday,dlb,https://www.dlb.lk/result/17/,27
2024-03-14,127,supiri_dhana_sampatha,Supiri Dhana Sampatha,R,03;00;02;04;02;03,127 | 2024-Mar-14 Thursday,dlb,https://www.dlb.lk/result/17/,28
2024-03-15,128,supiri_dhana_sampatha,Supiri Dhana Sampatha,E,05;06;06;00;07;02,128 | 2024-Mar-15 Friday,dlb,https://www.dlb.lk/result/17/,29
2024-03-16,129,supiri_dhana_sampatha,Supiri Dhana Sampatha,Y,07;05;00;02;05;06,129 | 2024-Mar-16 Saturday,dlb,https://www.dlb.lk/result/17/,30
2024-03-17,130,supiri_dhana_sampatha,Supiri Dhana Sampatha,O,01;06;02;00;05;03,130 | 2024-Mar-17 Sunday,dlb,https://www.dlb.lk/result/17/,31
2024-03-18,131,supiri_dhana_sampatha,Supiri Dhana Sampatha,Q,00;00;06;06;03;01,131 | 2024-Mar-18 Monday,dlb,https://www.dlb.lk/result/17/,32
2024-03-19,132,supiri_dhana_sampatha,Supiri Dhana Sampatha,E,01;07;08;06;02;03,132 | 2024-Mar-19 Tuesday,dlb,https://www.dlb.lk/result/17/,33
2024-03-20,133,supiri_dhana_sampatha,Supiri Dhana Sampatha,T,05;08;03;04;03;00,133 | 2024-Mar-20 Wednesday,dlb,https://www.dlb.lk/result/17/,34
2024-03-21,134,supiri_dhana_sampatha,Supiri Dhana Sampatha,K,00;01;00;02;06;01,134 | 2024-Mar-21 Thursday,dlb,https://www.dlb.lk/result/17/,35
2024-03-22,135,supiri_dhana_sampatha,Supiri Dhana Sampatha,O,06;07;00;08;03;01,135 | 2024-Mar-22 Friday,dlb,https://www.dlb.lk/result/17/,36
2024-03-23,136,supiri_dhana_sampatha,Supiri Dhana Sampatha,M,04;08;06;07;08;01,136 | 2024-Mar-23 Saturday,dlb,https://www.dlb.lk/result/17/,37
2024-03-24,137,supiri_dhana_sampatha,Supiri Dhana Sampatha,L,03;04;06;06;04;07,137 | 2024-Mar-24 Sunday,dlb,https://www.dlb.lk/result/17/,38
2024-03-25,138,supiri_dhana_sampatha,Supiri Dhana Sampatha,U,09;02;05;00;05;05,138 | 2024-Mar-25 Monday,dlb,https://www.dlb.lk/result/17/,39
2024-03-26,139,supiri_dhana_sampatha,Supiri Dhana Sampatha,S,07;07;05;09;03;08,139 | 2024-Mar-26 Tuesday,dlb,https://www.dlb.lk/result/17/,40
2024-03-27,140,supiri_dhana_sampatha,Supiri Dhana Sampatha,O,02;00;05;06;07;06,140 | 2024-Mar-27 Wednesday,dlb,https://www.dlb.lk/result/17/,41
2024-03-28,141,supiri_dhana_sampatha,Supiri Dhana Sampatha,K,09;08;05;05;08;02,141 | 2024-Mar-28 Thursday,dlb,https://www.dlb.lk/result/17/,42
2024-03-29,142,supiri_dhana_sampatha,Supiri Dhana Sampatha,Y,09;02;02;02;05;06,142 | 2024-Mar-29 Friday,dlb,https://www.dlb.lk/result/17/,43
2024-03-30,143,supiri_dhana_sampatha,Supiri Dhana Sampatha,E,03;00;08;01;03;09,143 | 2024-Mar-30 Saturday,dlb,https://www.dlb.lk/result/17/,44
2024-03-31,144,supiri_dhana_sampatha,Supiri Dhana Sampatha,U,02;04;02;01;08;08,144 | 2024-Mar-31 Sunday,dlb,https://www.dlb.lk/result/17/,45
2024-04-01,145,supiri_dhana_sampatha,Supiri Dhana Sampatha,K,09;04;00;06;02;06,145 | 2024-Apr-01 Monday,dlb,https://www.dlb.lk/result/17/,46
2024-04-02,146,supiri_dhana_sampatha,Supiri Dhana Sampatha,G,02;00;01;09;07;08,146 | 2024-Apr-02 Tuesday,dlb,https://www.dlb.lk/result/17/,47
2024-04-03,147,supiri_dhana_sampatha,Supiri Dhana Sampatha,K,06;03;03;00;05;06,147 | 2024-Apr-03 Wednesday,dlb,https://www.dlb.lk/result/17/,48
2024-04-04,148,supiri_dhana_sampatha,Supiri Dhana Sampatha,F,06;07;03;08;03;06,148 | 2024-Apr-04 Thursday,dlb,https://www.dlb.lk/result/17/,49
2024-04-05,149,supiri_dhana_sampatha,Supiri Dhana Sampatha,H,00;09;09;00;00;04,149 | 2024-Apr-05 Friday,dlb,https://www.dlb.lk/result/17/,50
2024-04-06,150,supiri_dhana_sampatha,Supiri Dhana Sampatha,N,01;05;04;04;06;02,150 | 2024-Apr-06 Saturday,dlb,https://www.dlb.lk/result/17/,51
2024-04-07,151,supiri_dhana_sampatha,Supiri Dhana Sampatha,W,07;03;00;00;07;01,151 | 2024-Apr-07 Sunday,dlb,https://www.dlb.lk/result/17/,52
2024-04-08,152,supiri_dhana_sampatha,Supiri Dhana Sampatha,T,02;01;01;05;01;07,152 | 2024-Apr-08 Monday,dlb,https://www.dlb.lk/result/17/,53
2024-04-09,153,supiri_dhana_sampatha,Supiri Dhana Sampatha,B,00;01;02;04;04;03,153 | 2024-Apr-09 Tuesday,dlb,https://www.dlb.lk/result/17/,54
2024-04-10,154,supiri_dhana_sampatha,Supiri Dhana Sampatha,A,07;03;05;05;05;04,154 | 2024-Apr-10 Wednesday,dlb,https://www.dlb.lk/result/17/,55
2024-04-11,155,supiri_dhana_sampatha,Supiri Dhana Sampatha,Y,01;04;09;01;00;03,155 | 2024-Apr-11 Thursday,dlb,https://www.dlb.lk/result/17/,56
2024-04-17,156,supiri_dhana_sampatha,Supiri Dhana Sampatha,A,01;03;06;09;05;03,156 | 2024-Apr-17 Wednesday,dlb,https://www.dlb.lk/result/17/,57
2024-04-18,157,supiri_dhana_sampatha,Supiri Dhana Sampatha,K,03;06;03;09;04;00,157 | 2024-Apr-18 Thursday,dlb,https://www.dlb.lk/result/17/,58
2024-04-19,158,supiri_dhana_sampatha,Supiri Dhana Sampatha,S,05;07;00;05;03;01,158 | 2024-Apr-19 Friday,dlb,https://www.dlb.lk/result/17/,59
2024-04-20,159,supiri_dhana_sampatha,Supiri Dhana Sampatha,Z,08;08;07;08;05;00,159 | 2024-Apr-20 Saturday,dlb,https://www.dlb.lk/result/17/,60
2024-04-21,160,supiri_dhana_sampatha,Supiri Dhana Sampatha,Y,00;00;07;03;09;00,160 | 2024-Apr-21 Sunday,dlb,https://www.dlb.lk/result/17/,61
2024-04-22,161,supiri_dhana_sampatha,Supiri Dhana Sampatha,D,09;08;00;05;06;02,161 | 2024-Apr-22 Monday,dlb,https://www.dlb.lk/result/17/,62
2024-04-23,162,supiri_dhana_sampatha,Supiri Dhana Sampatha,E,00;02;02;02;05;01,162 | 2024-Apr-23 Tuesday,dlb,https://www.dlb.lk/result/17/,63
2024-04-24,163,supiri_dhana_sampatha,Supiri Dhana Sampatha,Y,07;06;04;01;09;02,163 | 2024-Apr-24 Wednesday,dlb,https://www.dlb.lk/result/17/,64
2024-04-25,164,supiri_dhana_sampatha,Supiri Dhana Sampatha,N,02;03;00;08;09;09,164 | 2024-Apr-25 Thursday,dlb,https://www.dlb.lk/result/17/,65
2024-04-26,165,supiri_dhana_sampatha,Supiri Dhana Sampatha,Z,05;08;09;00;05;02,165 | 2024-Apr-26 Friday,dlb,https://www.dlb.lk/result/17/,66
2024-04-27,166,supiri_dhana_sampatha,Supiri Dhana Sampatha,B,09;03;02;04;01;00,166 | 2024-Apr-27 Saturday,dlb,https://www.dlb.lk/result/17/,67
2024-04-28,167,supiri_dhana_sampatha,Supiri Dhana Sampatha,C,06;05;03;05;00;02,167 | 2024-Apr-28 Sunday,dlb,https://www.dlb.lk/result/17/,68
2024-04-29,168,supiri_dhana_sampatha,Supiri Dhana Sampatha,X,05;00;09;01;03;07,168 | 2024-Apr-29 Monday,dlb,https://www.dlb.lk/result/17/,69
2024-04-30,169,supiri_dhana_sampatha,Supiri Dhana Sampatha,P,02;02;04;07;02;02,169 | 2024-Apr-30 Tuesday,dlb,https://www.dlb.lk/result/17/,70
2024-05-01,170,supiri_dhana_sampatha,Supiri Dhana Sampatha,R,08;04;09;09;06;04,170 | 2024-May-01 Wednesday,dlb,https://www.dlb.lk/result/17/,71
2024-05-02,171,supiri_dhana_sampatha,Supiri Dhana Sampatha,V,09;02;06;05;01;05,171 | 2024-May-02 Thursday,dlb,https://www.dlb.lk/result/17/,72
2024-05-03,172,supiri_dhana_sampatha,Supiri Dhana Sampatha,O,04;05;04;04;03;08,172 | 2024-May-03 Friday,dlb,https://www.dlb.lk/result/17/,73
2024-05-04,173,supiri_dhana_sampatha,Supiri Dhana Sampatha,J,00;00;02;04;00;03,173 | 2024-May-04 Saturday,dlb,https://www.dlb.lk/result/17/,74
2024-05-05,174,supiri_dhana_sampatha,Supiri Dhana Sampatha,G,02;08;05;04;08;03,174 | 2024-May-05 Sunday,dlb,https://www.dlb.lk/result/17/,75
2024-05-06,175,supiri_dhana_sampatha,Supiri Dhana Sampatha,V,05;01;00;08;03;01,175 | 2024-May-06 Monday,dlb,https://www.dlb.lk/result/17/,76
2024-05-07,176,supiri_dhana_sampatha,Supiri Dhana Sampatha,F,03;06;00;09;03;04,176 | 2024-May-07 Tuesday,dlb,https://www.dlb.lk/result/17/,77
2024-05-08,177,supiri_dhana_sampatha,Supiri Dhana Sampatha,L,02;06;07;05;03;05,177 | 2024-May-08 Wednesday,dlb,https://www.dlb.lk/result/17/,78
2024-05-09,178,supiri_dhana_sampatha,Supiri Dhana Sampatha,U,07;02;08;08;01;07,178 | 2024-May-09 Thursday,dlb,https://www.dlb.lk/result/17/,79
2024-05-10,179,supiri_dhana_sampatha,Supiri Dhana Sampatha,C,02;05;01;02;02;02,179 | 2024-May-10 Friday,dlb,https://www.dlb.lk/result/17/,80
2024-05-11,180,supiri_dhana_sampatha,Supiri Dhana Sampatha,S,01;06;04;08;04;03,180 | 2024-May-11 Saturday,dlb,https://www.dlb.lk/result/17/,81
2024-05-12,181,supiri_dhana_sampatha,Supiri Dhana Sampatha,K,06;04;02;04;09;07,181 | 2024-May-12 Sunday,dlb,https://www.dlb.lk/result/17/,82
2024-05-13,182,supiri_dhana_sampatha,Supiri Dhana Sampatha,H,05;05;06;06;05;02,182 | 2024-May-13 Monday,dlb,https://www.dlb.lk/result/17/,83
2024-05-14,183,supiri_dhana_sampatha,Supiri Dhana Sampatha,M,09;05;01;03;05;01,183 | 2024-May-14 Tuesday,dlb,https://www.dlb.lk/result/17/,84
2024-05-15,184,supiri_dhana_sampatha,Supiri Dhana Sampatha,V,06;04;06;07;00;00,184 | 2024-May-15 Wednesday,dlb,https://www.dlb.lk/result/17/,85
2024-05-16,185,supiri_dhana_sampatha,Supiri Dhana Sampatha,J,00;08;05;04;03;01,185 | 2024-May-16 Thursday,dlb,https://www.dlb.lk/result/17/,86
2024-05-17,186,supiri_dhana_sampatha,Supiri Dhana Sampatha,J,02;06;04;05;03;04,186 | 2024-May-17 Friday,dlb,https://www.dlb.lk/result/17/,87
2024-05-18,187,supiri_dhana_sampatha,Supiri Dhana Sampatha,Y,03;03;09;03;03;05,187 | 2024-May-18 Saturday,dlb,https://www.dlb.lk/result/17/,88
2024-05-19,188,supiri_dhana_sampatha,Supiri Dhana Sampatha,E,05;07;00;01;04;07,188 | 2024-May-19 Sunday,dlb,https://www.dlb.lk/result/17/,89
2024-05-20,189,supiri_dhana_sampatha,Supiri Dhana Sampatha,L,00;02;07;05;05;00,189 | 2024-May-20 Monday,dlb,https://www.dlb.lk/result/17/,90
2024-05-21,190,supiri_dhana_sampatha,Supiri Dhana Sampatha,K,03;00;01;07;07;08,190 | 2024-May-21 Tuesday,dlb,https://www.dlb.lk/result/17/,91
2024-05-22,191,supiri_dhana_sampatha,Supiri Dhana Sampatha,Z,04;03;06;04;02;00,191 | 2024-May-22 Wednesday,dlb,https://www.dlb.lk/result/17/,92
2024-05-25,192,supiri_dhana_sampatha,Supiri Dhana Sampatha,L,03;00;02;03;07;00,192 | 2024-May-25 Saturday,dlb,https://www.dlb.lk/result/17/,93
2024-05-26,193,supiri_dhana_sampatha,Supiri Dhana Sampatha,V,07;08;09;08;07;00,193 | 2024-May-26 Sunday,dlb,https://www.dlb.lk/result/17/,94
2024-05-27,194,supiri_dhana_sampatha,Supiri Dhana Sampatha,R,08;01;09;05;07;03,194 | 2024-May-27 Monday,dlb,https://www.dlb.lk/result/17/,95
2024-05-28,195,supiri_dhana_sampatha,Supiri Dhana Sampatha,Y,02;01;03;01;09;06,195 | 2024-May-28 Tuesday,dlb,https://www.dlb.lk/result/17/,96
2024-05-29,196,supiri_dhana_sampatha,Supiri Dhana Sampatha,H,09;09;07;06;01;00,196 | 2024-May-29 Wednesday,dlb,https://www.dlb.lk/result/17/,97
2024-05-30,197,supiri_dhana_sampatha,Supiri Dhana Sampatha,S,01;03;00;05;00;05,197 | 2024-May-30 Thursday,dlb,https://www.dlb.lk/result/17/,98
2024-05-31,198,supiri_dhana_sampatha,Supiri Dhana Sampatha,W,00;06;05;00;01;01,198 | 2024-May-31 Friday,dlb,https://www.dlb.lk/result/17/,99
2024-06-01,199,supiri_dhana_sampatha,Supiri Dhana Sampatha,K,02;04;05;05;00;00,199 | 2024-Jun-01 Saturday,dlb,https://www.dlb.lk/result/17/,100
2024-06-02,200,supiri_dhana_sampatha,Supiri Dhana Sampatha,L,09;00;07;03;04;03,200 | 2024-Jun-02 Sunday,dlb,https://www.dlb.lk/result/17/,101
2024-06-03,201,supiri_dhana_sampatha,Supiri Dhana Sampatha,J,08;09;05;01;00;09,201 | 2024-Jun-03 Monday,dlb,https://www.dlb.lk/result/17/,102
2024-06-04,202,supiri_dhana_sampatha,Supiri Dhana Sampatha,X,04;03;05;02;03;06,202 | 2024-Jun-04 Tuesday,dlb,https://www.dlb.lk/result/17/,103
2024-06-05,203,supiri_dhana_sampatha,Supiri Dhana Sampatha,E,07;03;03;06;04;08,203 | 2024-Jun-05 Wednesday,dlb,https://www.dlb.lk/result/17/,104
2024-06-06,204,supiri_dhana_sampatha,Supiri Dhana Sampatha,S,03;00;00;07;06;01,204 | 2024-Jun-06 Thursday,dlb,https://www.dlb.lk/result/17/,105
2024-06-07,205,supiri_dhana_sampatha,Supiri Dhana Sampatha,D,01;05;08;00;00;06,205 | 2024-Jun-07 Friday,dlb,https://www.dlb.lk/result/17/,106
2024-06-08,206,supiri_dhana_sampatha,Supiri Dhana Sampatha,S,00;09;00;08;08;01,206 | 2024-Jun-08 Saturday,dlb,https://www.dlb.lk/result/17/,107
2024-06-09,207,supiri_dhana_sampatha,Supiri Dhana Sampatha,U,08;03;01;09;07;07,207 | 2024-Jun-09 Sunday,dlb,https://www.dlb.lk/result/17/,108
2024-06-10,208,supiri_dhana_sampatha,Supiri Dhana Sampatha,N,00;09;03;09;02;05,208 | 2024-Jun-10 Monday,dlb,https://www.dlb.lk/result/17/,109
2024-06-11,209,supiri_dhana_sampatha,Supiri Dhana Sampatha,Q,06;09;02;04;00;08,209 | 2024-Jun-11 Tuesday,dlb,https://www.dlb.lk/result/17/,110
2024-06-12,210,supiri_dhana_sampatha,Supiri Dhana Sampatha,A,07;01;06;03;08;07,210 | 2024-Jun-12 Wednesday,dlb,https://www.dlb.lk/result/17/,111
2024-06-13,211,supiri_dhana_sampatha,Supiri Dhana Sampatha,O,01;00;09;03;00;05,211 | 2024-Jun-13 Thursday,dlb,https://www.dlb.lk/result/17/,112
2024-06-14,212,supiri_dhana_sampatha,Supiri Dhana Sampatha,Q,04;04;07;01;07;00,212 | 2024-Jun-14 Friday,dlb,https://www.dlb.lk/result/17/,113
2024-06-15,213,supiri_dhana_sampatha,Supiri Dhana Sampatha,C,09;03;07;06;03;03,213 | 2024-Jun-15 Saturday,dlb,https://www.dlb.lk/result/17/,114
2024-06-16,214,supiri_dhana_sampatha,Supiri Dhana Sampatha,N,05;07;05;08;04;06,214 | 2024-Jun-16 Sunday,dlb,https://www.dlb.lk/result/17/,115
2024-06-17,215,supiri_dhana_sampatha,Supiri Dhana Sampatha,Y,05;02;03;04;02;09,215 | 2024-Jun-17 Monday,dlb,https://www.dlb.lk/result/17/,116
2024-06-18,216,supiri_dhana_sampatha,Supiri Dhana Sampatha,N,04;02;00;06;05;03,216 | 2024-Jun-18 Tuesday,dlb,https://www.dlb.lk/result/17/,117
2024-06-19,217,supiri_dhana_sampatha,Supiri Dhana Sampatha,F,05;00;03;09;02;00,217 | 2024-Jun-19 Wednesday,dlb,https://www.dlb.lk/result/17/,118
2024-06-20,218,supiri_dhana_sampatha,Supiri Dhana Sampatha,Q,03;07;03;06;07;02,218 | 2024-Jun-20 Thursday,dlb,https://www.dlb.lk/result/17/,119
2024-06-21,219,supiri_dhana_sampatha,Supiri Dhana Sampatha,E,01;00;01;06;05;04,219 | 2024-Jun-21 Friday,dlb,https://www.dlb.lk/result/17/,120
2024-06-22,220,supiri_dhana_sampatha,Supiri Dhana Sampatha,C,04;07;09;09;07;04,220 | 2024-Jun-22 Saturday,dlb,https://www.dlb.lk/result/17/,121
2024-06-23,221,supiri_dhana_sampatha,Supiri Dhana Sampatha,G,03;00;02;08;03;00,221 | 2024-Jun-23 Sunday,dlb,https://www.dlb.lk/result/17/,122
2024-06-24,222,supiri_dhana_sampatha,Supiri Dhana Sampatha,A,00;02;06;03;07;02,222 | 2024-Jun-24 Monday,dlb,https://www.dlb.lk/result/17/,123
2024-06-25,223,supiri_dhana_sampatha,Supiri Dhana Sampatha,V,03;00;07;08;06;07,223 | 2024-Jun-25 Tuesday,dlb,https://www.dlb.lk/result/17/,124
2024-06-26,224,supiri_dhana_sampatha,Supiri Dhana Sampatha,W,00;04;02;07;02;08,224 | 2024-Jun-26 Wednesday,dlb,https://www.dlb.lk/result/17/,125
2024-06-27,225,supiri_dhana_sampatha,Supiri Dhana Sampatha,U,05;01;06;04;07;01,225 | 2024-Jun-27 Thursday,dlb,https://www.dlb.lk/result/17/,126
2024-06-28,226,supiri_dhana_sampatha,Supiri Dhana Sampatha,B,06;08;07;08;07;04,226 | 2024-Jun-28 Friday,dlb,https://www.dlb.lk/result/17/,127
2024-06-29,227,supiri_dhana_sampatha,Supiri Dhana Sampatha,C,06;02;07;04;09;08,227 | 2024-Jun-29 Saturday,dlb,https://www.dlb.lk/result/17/,128
2024-06-30,228,supiri_dhana_sampatha,Supiri Dhana Sampatha,O,07;05;07;03;02;06,228 | 2024-Jun-30 Sunday,dlb,https://www.dlb.lk/result/17/,129
2024-07-01,229,supiri_dhana_sampatha,Supiri Dhana Sampatha,W,03;04;08;02;09;01,229 | 2024-Jul-01 Monday,dlb,https://www.dlb.lk/result/17/,130
2024-07-02,230,supiri_dhana_sampatha,Supiri Dhana Sampatha,W,07;02;02;08;00;05,230 | 2024-Jul-02 Tuesday,dlb,https://www.dlb.lk/result/17/,131
2024-07-03,231,supiri_dhana_sampatha,Supiri Dhana Sampatha,Z,08;09;03;07;04;09,231 | 2024-Jul-03 Wednesday,dlb,https://www.dlb.lk/result/17/,132
2024-07-04,232,supiri_dhana_sampatha,Supiri Dhana Sampatha,V,09;06;07;05;03;00,232 | 2024-Jul-04 Thursday,dlb,https://www.dlb.lk/result/17/,133
2024-07-05,233,supiri_dhana_sampatha,Supiri Dhana Sampatha,B,06;05;01;05;05;03,233 | 2024-Jul-05 Friday,dlb,https://www.dlb.lk/result/17/,134
2024-07-06,234,supiri_dhana_sampatha,Supiri Dhana Sampatha,E,05;06;04;00;04;01,234 | 2024-Jul-06 Saturday,dlb,https://www.dlb.lk/result/17/,135
2024-07-07,235,supiri_dhana_sampatha,Supiri Dhana Sampatha,K,07;09;05;08;02;03,235 | 2024-Jul-07 Sunday,dlb,https://www.dlb.lk/result/17/,136
2024-07-08,236,supiri_dhana_sampatha,Supiri Dhana Sampatha,Z,01;01;05;02;09;01,236 | 2024-Jul-08 Monday,dlb,https://www.dlb.lk/result/17/,137
2024-07-09,237,supiri_dhana_sampatha,Supiri Dhana Sampatha,N,06;02;04;02;09;04,237 | 2024-Jul-09 Tuesday,dlb,https://www.dlb.lk/result/17/,138
2024-07-10,238,supiri_dhana_sampatha,Supiri Dhana Sampatha,H,08;00;09;09;01;08,238 | 2024-Jul-10 Wednesday,dlb,https://www.dlb.lk/result/17/,139
2024-07-11,239,supiri_dhana_sampatha,Supiri Dhana Sampatha,B,07;02;03;08;01;02,239 | 2024-Jul-11 Thursday,dlb,https://www.dlb.lk/result/17/,140
2024-07-12,240,supiri_dhana_sampatha,Supiri Dhana Sampatha,H,09;02;06;03;04;09,240 | 2024-Jul-12 Friday,dlb,https://www.dlb.lk/result/17/,141
2024-07-13,241,supiri_dhana_sampatha,Supiri Dhana Sampatha,E,06;03;06;03;06;00,241 | 2024-Jul-13 Saturday,dlb,https://www.dlb.lk/result/17/,142
2024-07-14,242,supiri_dhana_sampatha,Supiri Dhana Sampatha,N,09;02;05;09;02;02,242 | 2024-Jul-14 Sunday,dlb,https://www.dlb.lk/result/17/,143
2024-07-15,243,supiri_dhana_sampatha,Supiri Dhana Sampatha,E,05;07;04;07;05;05,243 | 2024-Jul-15 Monday,dlb,https://www.dlb.lk/result/17/,144
2024-07-16,244,supiri_dhana_sampatha,Supiri Dhana Sampatha,R,02;06;09;03;07;05,244 | 2024-Jul-16 Tuesday,dlb,https://www.dlb.lk/result/17/,145
2024-07-17,245,supiri_dhana_sampatha,Supiri Dhana Sampatha,B,09;02;08;03;06;06,245 | 2024-Jul-17 Wednesday,dlb,https://www.dlb.lk/result/17/,146
2024-07-18,246,supiri_dhana_sampatha,Supiri Dhana Sampatha,U,06;04;01;08;09;06,246 | 2024-Jul-18 Thursday,dlb,https://www.dlb.lk/result/17/,147
2024-07-19,247,supiri_dhana_sampatha,Supiri Dhana Sampatha,G,06;06;02;00;06;00,247 | 2024-Jul-19 Friday,dlb,https://www.dlb.lk/result/17/,148
2024-07-20,248,supiri_dhana_sampatha,Supiri Dhana Sampatha,R,06;00;04;02;00;08,248 | 2024-Jul-20 Saturday,dlb,https://www.dlb.lk/result/17/,149
2024-07-21,249,supiri_dhana_sampatha,Supiri Dhana Sampatha,W,09;05;00;04;05;08,249 | 2024-Jul-21 Sunday,dlb,https://www.dlb.lk/result/17/,150
2024-07-22,250,supiri_dhana_sampatha,Supiri Dhana Sampatha,C,05;01;09;09;03;08,250 | 2024-Jul-22 Monday,dlb,https://www.dlb.lk/result/17/,151
2024-07-23,251,supiri_dhana_sampatha,Supiri Dhana Sampatha,E,07;03;01;00;08;03,251 | 2024-Jul-23 Tuesday,dlb,https://www.dlb.lk/result/17/,152
2024-07-24,252,supiri_dhana_sampatha,Supiri Dhana Sampatha,R,02;08;04;03;03;09,252 | 2024-Jul-24 Wednesday,dlb,https://www.dlb.lk/result/17/,153
2024-07-25,253,supiri_dhana_sampatha,Supiri Dhana Sampatha,O,04;00;03;05;02;07,253 | 2024-Jul-25 Thursday,dlb,https://www.dlb.lk/result/17/,154
2024-07-26,254,supiri_dhana_sampatha,Supiri Dhana Sampatha,L,04;05;00;07;07;08,254 | 2024-Jul-26 Friday,dlb,https://www.dlb.lk/result/17/,155
2024-07-27,255,supiri_dhana_sampatha,Supiri Dhana Sampatha,H,06;00;04;08;03;06,255 | 2024-Jul-27 Saturday,dlb,https://www.dlb.lk/result/17/,156
2024-07-28,256,supiri_dhana_sampatha,Supiri Dhana Sampatha,C,06;06;09;08;01;06,256 | 2024-Jul-28 Sunday,dlb,https://www.dlb.lk/result/17/,157
2024-07-29,257,supiri_dhana_sampatha,Supiri Dhana Sampatha,N,05;05;04;03;05;00,257 | 2024-Jul-29 Monday,dlb,https://www.dlb.lk/result/17/,158
2024-07-30,258,supiri_dhana_sampatha,Supiri Dhana Sampatha,R,00;08;09;09;00;08,258 | 2024-Jul-30 Tuesday,dlb,https://www.dlb.lk/result/17/,159
2024-07-31,259,supiri_dhana_sampatha,Supiri Dhana Sampatha,Z,04;02;04;09;02;01,259 | 2024-Jul-31 Wednesday,dlb,https://www.dlb.lk/result/17/,160
2024-08-01,260,supiri_dhana_sampatha,Supiri Dhana Sampatha,V,09;03;07;09;07;01,260 | 2024-Aug-01 Thursday,dlb,https://www.dlb.lk/result/17/,161
2024-08-02,261,supiri_dhana_sampatha,Supiri Dhana Sampatha,L,03;07;03;07;06;08,261 | 2024-Aug-02 Friday,dlb,https://www.dlb.lk/result/17/,162
2024-08-03,262,supiri_dhana_sampatha,Supiri Dhana Sampatha,P,00;02;00;08;04;08,262 | 2024-Aug-03 Saturday,dlb,https://www.dlb.lk/result/17/,163
2024-08-04,263,supiri_dhana_sampatha,Supiri Dhana Sampatha,W,08;02;03;03;02;04,263 | 2024-Aug-04 Sunday,dlb,https://www.dlb.lk/result/17/,164
2024-08-05,264,supiri_dhana_sampatha,Supiri Dhana Sampatha,E,03;08;09;05;04;06,264 | 2024-Aug-05 Monday,dlb,https://www.dlb.lk/result/17/,165
2024-08-06,265,supiri_dhana_sampatha,Supiri Dhana Sampatha,T,03;01;05;05;03;05,265 | 2024-Aug-06 Tuesday,dlb,https://www.dlb.lk/result/17/,166
2024-08-07,266,supiri_dhana_sampatha,Supiri Dhana Sampatha,R,04;00;06;01;03;06,266 | 2024-Aug-07 Wednesday,dlb,https://www.dlb.lk/result/17/,167
2024-08-08,267,supiri_dhana_sampatha,Supiri Dhana Sampatha,R,05;00;07;06;01;01,267 | 2024-Aug-08 Thursday,dlb,https://www.dlb.lk/result/17/,168
2024-08-09,268,supiri_dhana_sampatha,Supiri Dhana Sampatha,Z,03;09;07;09;05;08,268 | 2024-Aug-09 Friday,dlb,https://www.dlb.lk/result/17/,169
2024-08-10,269,supiri_dhana_sampatha,Supiri Dhana Sampatha,A,00;01;03;05;09;05,269 | 2024-Aug-10 Saturday,dlb,https://www.dlb.lk/result/17/,170
2024-08-11,270,supiri_dhana_sampatha,Supiri Dhana Sampatha,S,02;00;04;08;08;07,270 | 2024-Aug-11 Sunday,dlb,https://www.dlb.lk/result/17/,171
2024-08-12,271,supiri_dhana_sampatha,Supiri Dhana Sampatha,A,00;07;06;05;04;08,271 | 2024-Aug-12 Monday,dlb,https://www.dlb.lk/result/17/,172
2024-08-13,272,supiri_dhana_sampatha,Supiri Dhana Sampatha,U,05;07;04;04;07;04,272 | 2024-Aug-13 Tuesday,dlb,https://www.dlb.lk/result/17/,173
2024-08-14,273,supiri_dhana_sampatha,Supiri Dhana Sampatha,Z,01;05;07;02;02;03,273 | 2024-Aug-14 Wednesday,dlb,https://www.dlb.lk/result/17/,174
2024-08-15,274,supiri_dhana_sampatha,Supiri Dhana Sampatha,U,07;03;09;08;06;00,274 | 2024-Aug-15 Thursday,dlb,https://www.dlb.lk/result/17/,175
2024-08-16,275,supiri_dhana_sampatha,Supiri Dhana Sampatha,V,07;02;06;09;09;03,275 | 2024-Aug-16 Friday,dlb,https://www.dlb.lk/result/17/,176
2024-08-17,276,supiri_dhana_sampatha,Supiri Dhana Sampatha,C,06;05;05;09;04;00,276 | 2024-Aug-17 Saturday,dlb,https://www.dlb.lk/result/17/,177
2024-08-18,277,supiri_dhana_sampatha,Supiri Dhana Sampatha,H,03;06;09;03;07;07,277 | 2024-Aug-18 Sunday,dlb,https://www.dlb.lk/result/17/,178
2024-08-19,278,supiri_dhana_sampatha,Supiri Dhana Sampatha,T,05;07;03;01;00;04,278 | 2024-Aug-19 Monday,dlb,https://www.dlb.lk/result/17/,179
2024-08-20,279,supiri_dhana_sampatha,Supiri Dhana Sampatha,A,06;03;03;06;00;07,279 | 2024-Aug-20 Tuesday,dlb,https://www.dlb.lk/result/17/,180
2024-08-21,280,supiri_dhana_sampatha,Supiri Dhana Sampatha,F,00;03;07;01;08;08,280 | 2024-Aug-21 Wednesday,dlb,https://www.dlb.lk/result/17/,181
2024-08-22,281,supiri_dhana_sampatha,Supiri Dhana Sampatha,S,05;07;08;08;00;07,281 | 2024-Aug-22 Thursday,dlb,https://www.dlb.lk/result/17/,182
2024-08-23,282,supiri_dhana_sampatha,Supiri Dhana Sampatha,G,07;07;09;01;02;03,282 | 2024-Aug-23 Friday,dlb,https://www.dlb.lk/result/17/,183
2024-08-24,283,supiri_dhana_sampatha,Supiri Dhana Sampatha,T,02;01;01;07;08;06,283 | 2024-Aug-24 Saturday,dlb,https://www.dlb.lk/result/17/,184
2024-08-25,284,supiri_dhana_sampatha,Supiri Dhana Sampatha,R,06;07;08;07;05;06,284 | 2024-Aug-25 Sunday,dlb,https://www.dlb.lk/result/17/,185
2024-08-26,285,supiri_dhana_sampatha,Supiri Dhana Sampatha,B,08;01;06;02;00;01,285 | 2024-Aug-26 Monday,dlb,https://www.dlb.lk/result/17/,186
2024-08-27,286,supiri_dhana_sampatha,Supiri Dhana Sampatha,Y,07;08;02;04;01;00,286 | 2024-Aug-27 Tuesday,dlb,https://www.dlb.lk/result/17/,187
2024-08-28,287,supiri_dhana_sampatha,Supiri Dhana Sampatha,G,06;02;05;04;01;00,287 | 2024-Aug-28 Wednesday,dlb,https://www.dlb.lk/result/17/,188
2024-08-29,288,supiri_dhana_sampatha,Supiri Dhana Sampatha,D,03;09;03;04;09;00,288 | 2024-Aug-29 Thursday,dlb,https://www.dlb.lk/result/17/,189
2024-08-30,289,supiri_dhana_sampatha,Supiri Dhana Sampatha,G,09;02;08;04;03;03,289 | 2024-Aug-30 Friday,dlb,https://www.dlb.lk/result/17/,190
2024-08-31,290,supiri_dhana_sampatha,Supiri Dhana Sampatha,H,04;00;00;08;00;03,290 | 2024-Aug-31 Saturday,dlb,https://www.dlb.lk/result/17/,191
2024-09-01,291,supiri_dhana_sampatha,Supiri Dhana Sampatha,M,03;09;00;04;02;06,291 | 2024-Sep-01 Sunday,dlb,https://www.dlb.lk/result/17/,192
2024-09-02,292,supiri_dhana_sampatha,Supiri Dhana Sampatha,M,02;04;01;09;05;04,292 | 2024-Sep-02 Monday,dlb,https://www.dlb.lk/result/17/,193
2024-09-03,293,supiri_dhana_sampatha,Supiri Dhana Sampatha,N,05;02;01;03;01;06,293 | 2024-Sep-03 Tuesday,dlb,https://www.dlb.lk/result/17/,194
2024-09-04,294,supiri_dhana_sampatha,Supiri Dhana Sampatha,L,08;09;02;01;03;07,294 | 2024-Sep-04 Wednesday,dlb,https://www.dlb.lk/result/17/,195
2024-09-05,295,supiri_dhana_sampatha,Supiri Dhana Sampatha,H,08;06;02;01;03;00,295 | 2024-Sep-05 Thursday,dlb,https://www.dlb.lk/result/17/,196
2024-09-06,296,supiri_dhana_sampatha,Supiri Dhana Sampatha,Z,00;02;03;00;09;00,296 | 2024-Sep-06 Friday,dlb,https://www.dlb.lk/result/17/,197
2024-09-07,297,supiri_dhana_sampatha,Supiri Dhana Sampatha,D,05;09;06;01;05;09,297 | 2024-Sep-07 Saturday,dlb,https://www.dlb.lk/result/17/,198
2024-09-08,298,supiri_dhana_sampatha,Supiri Dhana Sampatha,T,00;07;07;09;00;03,298 | 2024-Sep-08 Sunday,dlb,https://www.dlb.lk/result/17/,199
2024-09-09,299,supiri_dhana_sampatha,Supiri Dhana Sampatha,L,09;08;02;02;06;07,299 | 2024-Sep-09 Monday,dlb,https://www.dlb.lk/result/17/,200
2024-09-10,300,supiri_dhana_sampatha,Supiri Dhana Sampatha,O,03;08;05;08;07;02,300 | 2024-Sep-10 Tuesday,dlb,https://www.dlb.lk/result/17/,201
2024-09-11,301,supiri_dhana_sampatha,Supiri Dhana Sampatha,A,00;08;08;05;09;02,301 | 2024-Sep-11 Wednesday,dlb,https://www.dlb.lk/result/17/,202
2024-09-12,302,supiri_dhana_sampatha,Supiri Dhana Sampatha,W,05;07;02;02;06;03,302 | 2024-Sep-12 Thursday,dlb,https://www.dlb.lk/result/17/,203
2024-09-13,303,supiri_dhana_sampatha,Supiri Dhana Sampatha,L,07;03;08;06;06;06,303 | 2024-Sep-13 Friday,dlb,https://www.dlb.lk/result/17/,204
2024-09-14,304,supiri_dhana_sampatha,Supiri Dhana Sampatha,P,00;00;06;04;07;01,304 | 2024-Sep-14 Saturday,dlb,https://www.dlb.lk/result/17/,205
2024-09-15,305,supiri_dhana_sampatha,Supiri Dhana Sampatha,Y,08;00;09;04;04;03,305 | 2024-Sep-15 Sunday,dlb,https://www.dlb.lk/result/17/,206
2024-09-16,306,supiri_dhana_sampatha,Supiri Dhana Sampatha,H,04;06;08;00;02;02,306 | 2024-Sep-16 Monday,dlb,https://www.dlb.lk/result/17/,207
2024-09-17,307,supiri_dhana_sampatha,Supiri Dhana Sampatha,D,06;06;09;06;03;09,307 | 2024-Sep-17 Tuesday,dlb,https://www.dlb.lk/result/17/,208
2024-09-18,308,supiri_dhana_sampatha,Supiri Dhana Sampatha,F,01;06;02;05;04;05,308 | 2024-Sep-18 Wednesday,dlb,https://www.dlb.lk/result/17/,209
2024-09-19,309,supiri_dhana_sampatha,Supiri Dhana Sampatha,Q,06;02;07;08;08;00,309 | 2024-Sep-19 Thursday,dlb,https://www.dlb.lk/result/17/,210
2024-09-20,310,supiri_dhana_sampatha,Supiri Dhana Sampatha,E,06;07;00;09;03;03,310 | 2024-Sep-20 Friday,dlb,https://www.dlb.lk/result/17/,211
2024-09-21,311,supiri_dhana_sampatha,Supiri Dhana Sampatha,O,02;08;06;09;05;03,311 | 2024-Sep-21 Saturday,dlb,https://www.dlb.lk/result/17/,212
2024-09-23,312,supiri_dhana_sampatha,Supiri Dhana Sampatha,T,06;05;09;04;01;05,312 | 2024-Sep-23 Monday,dlb,https://www.dlb.lk/result/17/,213
2024-09-24,313,supiri_dhana_sampatha,Supiri Dhana Sampatha,Y,00;04;04;02;07;04,313 | 2024-Sep-24 Tuesday,dlb,https://www.dlb.lk/result/17/,214
2024-09-25,314,supiri_dhana_sampatha,Supiri Dhana Sampatha,E,01;02;02;01;00;08,314 | 2024-Sep-25 Wednesday,dlb,https://www.dlb.lk/result/17/,215
2024-09-26,315,supiri_dhana_sampatha,Supiri Dhana Sampatha,S,07;02;01;03;00;04,315 | 2024-Sep-26 Thursday,dlb,https://www.dlb.lk/result/17/,216
2024-09-27,316,supiri_dhana_sampatha,Supiri Dhana Sampatha,D,04;06;02;08;03;05,316 | 2024-Sep-27 Friday,dlb,https://www.dlb.lk/result/17/,217
2024-09-28,317,supiri_dhana_sampatha,Supiri Dhana Sampatha,X,09;05;00;04;04;05,317 | 2024-Sep-28 Saturday,dlb,https://www.dlb.lk/result/17/,218
2024-09-29,318,supiri_dhana_sampatha,Supiri Dhana Sampatha,K,09;03;02;09;02;09,318 | 2024-Sep-29 Sunday,dlb,https://www.dlb.lk/result/17/,219
2024-09-30,319,supiri_dhana_sampatha,Supiri Dhana Sampatha,T,03;00;08;08;02;08,319 | 2024-Sep-30 Monday,dlb,https://www.dlb.lk/result/17/,220
2024-10-01,320,supiri_dhana_sampatha,Supiri Dhana Sampatha,Z,06;02;03;04;04;03,320 | 2024-Oct-01 Tuesday,dlb,https://www.dlb.lk/result/17/,221
2024-10-02,321,supiri_dhana_sampatha,Supiri Dhana Sampatha,K,01;02;09;04;04;00,321 | 2024-Oct-02 Wednesday,dlb,https://www.dlb.lk/result/17/,222
2024-10-03,322,supiri_dhana_sampatha,Supiri Dhana Sampatha,Y,05;05;08;02;02;01,322 | 2024-Oct-03 Thursday,dlb,https://www.dlb.lk/result/17/,223
2024-10-04,323,supiri_dhana_sampatha,Supiri Dhana Sampatha,U,03;01;01;01;08;07,323 | 2024-Oct-04 Friday,dlb,https://www.dlb.lk/result/17/,224
2024-10-05,324,supiri_dhana_sampatha,Supiri Dhana Sampatha,D,04;06;07;00;05;05,324 | 2024-Oct-05 Saturday,dlb,https://www.dlb.lk/result/17/,225
2024-10-06,325,supiri_dhana_sampatha,Supiri Dhana Sampatha,E,05;01;05;02;03;06,325 | 2024-Oct-06 Sunday,dlb,https://www.dlb.lk/result/17/,226
2024-10-07,326,supiri_dhana_sampatha,Supiri Dhana Sampatha,T,06;09;09;04;06;07,326 | 2024-Oct-07 Monday,dlb,https://www.dlb.lk/result/17/,227
2024-10-08,327,supiri_dhana_sampatha,Supiri Dhana Sampatha,T,05;04;03;07;02;08,327 | 2024-Oct-08 Tuesday,dlb,https://www.dlb.lk/result/17/,228
2024-10-09,328,supiri_dhana_sampatha,Supiri Dhana Sampatha,L,02;00;09;03;01;07,328 | 2024-Oct-09 Wednesday,dlb,https://www.dlb.lk/result/17/,229
2024-10-10,329,supiri_dhana_sampatha,Supiri Dhana Sampatha,O,04;07;09;03;08;03,329 | 2024-Oct-10 Thursday,dlb,https://www.dlb.lk/result/17/,230
2024-10-11,330,supiri_dhana_sampatha,Supiri Dhana Sampatha,R,03;06;00;09;02;05,330 | 2024-Oct-11 Friday,dlb,https://www.dlb.lk/result/17/,231
2024-10-12,331,supiri_dhana_sampatha,Supiri Dhana Sampatha,V,05;03;01;02;03;06,331 | 2024-Oct-12 Saturday,dlb,https://www.dlb.lk/result/17/,232
2024-10-13,332,supiri_dhana_sampatha,Supiri Dhana Sampatha,J,05;09;09;05;03;04,332 | 2024-Oct-13 Sunday,dlb,https://www.dlb.lk/result/17/,233
2024-10-14,333,supiri_dhana_sampatha,Supiri Dhana Sampatha,U,02;07;09;08;02;03,333 | 2024-Oct-14 Monday,dlb,https://www.dlb.lk/result/17/,234
2024-10-15,334,supiri_dhana_sampatha,Supiri Dhana Sampatha,Q,01;08;07;03;08;05,334 | 2024-Oct-15 Tuesday,dlb,https://www.dlb.lk/result/17/,235
2024-10-16,335,supiri_dhana_sampatha,Supiri Dhana Sampatha,K,04;05;02;06;07;06,335 | 2024-Oct-16 Wednesday,dlb,https://www.dlb.lk/result/17/,236
2024-10-17,336,supiri_dhana_sampatha,Supiri Dhana Sampatha,Q,02;07;02;06;03;03,336 | 2024-Oct-17 Thursday,dlb,https://www.dlb.lk/result/17/,237
2024-10-18,337,supiri_dhana_sampatha,Supiri Dhana Sampatha,Z,02;09;02;04;07;09,337 | 2024-Oct-18 Friday,dlb,https://www.dlb.lk/result/17/,238
2024-10-19,338,supiri_dhana_sampatha,Supiri Dhana Sampatha,E,03;07;07;01;06;04,338 | 2024-Oct-19 Saturday,dlb,https://www.dlb.lk/result/17/,239
2024-10-20,339,supiri_dhana_sampatha,Supiri Dhana Sampatha,C,02;02;01;05;07;03,339 | 2024-Oct-20 Sunday,dlb,https://www.dlb.lk/result/17/,240
2024-10-21,340,supiri_dhana_sampatha,Supiri Dhana Sampatha,G,01;03;05;00;03;08,340 | 2024-Oct-21 Monday,dlb,https://www.dlb.lk/result/17/,241
2024-10-22,341,supiri_dhana_sampatha,Supiri Dhana Sampatha,P,08;06;06;02;02;07,341 | 2024-Oct-22 Tuesday,dlb,https://www.dlb.lk/result/17/,242
2024-10-23,342,supiri_dhana_sampatha,Supiri Dhana Sampatha,V,06;02;03;00;07;04,342 | 2024-Oct-23 Wednesday,dlb,https://www.dlb.lk/result/17/,243
2024-10-24,343,supiri_dhana_sampatha,Supiri Dhana Sampatha,L,04;09;02;06;08;07,343 | 2024-Oct-24 Thursday,dlb,https://www.dlb.lk/result/17/,244
2024-10-25,344,supiri_dhana_sampatha,Supiri Dhana Sampatha,M,09;08;05;00;02;09,344 | 2024-Oct-25 Friday,dlb,https://www.dlb.lk/result/17/,245
2024-10-26,345,supiri_dhana_sampatha,Supiri Dhana Sampatha,M,00;05;06;02;00;07,345 | 2024-Oct-26 Saturday,dlb,https://www.dlb.lk/result/17/,246
2024-10-27,346,supiri_dhana_sampatha,Supiri Dhana Sampatha,R,00;02;05;06;00;06,346 | 2024-Oct-27 Sunday,dlb,https://www.dlb.lk/result/17/,247
2024-10-28,347,supiri_dhana_sampatha,Supiri Dhana Sampatha,L,01;02;01;06;05;02,347 | 2024-Oct-28 Monday,dlb,https://www.dlb.lk/result/17/,248
2024-10-29,348,supiri_dhana_sampatha,Supiri Dhana Sampatha,K,09;02;06;03;07;05,348 | 2024-Oct-29 Tuesday,dlb,https://www.dlb.lk/result/17/,249
2024-10-30,349,supiri_dhana_sampatha,Supiri Dhana Sampatha,O,04;09;08;03;07;00,349 | 2024-Oct-30 Wednesday,dlb,https://www.dlb.lk/result/17/,250
2024-10-31,350,supiri_dhana_sampatha,Supiri Dhana Sampatha,G,00;07;07;01;05;06,350 | 2024-Oct-31 Thursday,dlb,https://www.dlb.lk/result/17/,251
2024-11-01,351,supiri_dhana_sampatha,Supiri Dhana Sampatha,Y,03;07;09;05;06;00,351 | 2024-Nov-01 Friday,dlb,https://www.dlb.lk/result/17/,252
2024-11-02,352,supiri_dhana_sampatha,Supiri Dhana Sampatha,F,07;05;05;03;08;00,352 | 2024-Nov-02 Saturday,dlb,https://www.dlb.lk/result/17/,253
2024-11-03,353,supiri_dhana_sampatha,Supiri Dhana Sampatha,K,09;02;04;08;06;07,353 | 2024-Nov-03 Sunday,dlb,https://www.dlb.lk/result/17/,254
2024-11-04,354,supiri_dhana_sampatha,Supiri Dhana Sampatha,S,00;08;05;00;07;04,354 | 2024-Nov-04 Monday,dlb,https://www.dlb.lk/result/17/,255
2024-11-05,355,supiri_dhana_sampatha,Supiri Dhana Sampatha,J,04;00;01;07;02;06,355 | 2024-Nov-05 Tuesday,dlb,https://www.dlb.lk/result/17/,256
2024-11-06,356,supiri_dhana_sampatha,Supiri Dhana Sampatha,L,08;06;02;08;04;04,356 | 2024-Nov-06 Wednesday,dlb,https://www.dlb.lk/result/17/,257
2024-11-07,357,supiri_dhana_sampatha,Supiri Dhana Sampatha,E,08;01;09;02;06;03,357 | 2024-Nov-07 Thursday,dlb,https://www.dlb.lk/result/17/,258
2024-11-08,358,supiri_dhana_sampatha,Supiri Dhana Sampatha,Q,08;08;01;04;07;04,358 | 2024-Nov-08 Friday,dlb,https://www.dlb.lk/result/17/,259
2024-11-09,359,supiri_dhana_sampatha,Supiri Dhana Sampatha,J,08;02;08;00;09;07,359 | 2024-Nov-09 Saturday,dlb,https://www.dlb.lk/result/17/,260
2024-11-10,360,supiri_dhana_sampatha,Supiri Dhana Sampatha,S,00;01;05;07;06;05,360 | 2024-Nov-10 Sunday,dlb,https://www.dlb.lk/result/17/,261
2024-11-11,361,supiri_dhana_sampatha,Supiri Dhana Sampatha,O,05;00;02;09;05;08,361 | 2024-Nov-11 Monday,dlb,https://www.dlb.lk/result/17/,262
2024-11-12,362,supiri_dhana_sampatha,Supiri Dhana Sampatha,K,02;08;09;06;06;02,362 | 2024-Nov-12 Tuesday,dlb,https://www.dlb.lk/result/17/,263
2024-11-13,363,supiri_dhana_sampatha,Supiri Dhana Sampatha,L,08;08;00;05;08;07,363 | 2024-Nov-13 Wednesday,dlb,https://www.dlb.lk/result/17/,264
2024-11-14,364,supiri_dhana_sampatha,Supiri Dhana Sampatha,Z,03;07;06;08;05;05,364 | 2024-Nov-14 Thursday,dlb,https://www.dlb.lk/result/17/,265
2024-11-16,365,supiri_dhana_sampatha,Supiri Dhana Sampatha,Z,06;05;07;06;05;02,365 | 2024-Nov-16 Saturday,dlb,https://www.dlb.lk/result/17/,266
2024-11-17,366,supiri_dhana_sampatha,Supiri Dhana Sampatha,C,03;01;03;03;05;00,366 | 2024-Nov-17 Sunday,dlb,https://www.dlb.lk/result/17/,267
2024-11-18,367,supiri_dhana_sampatha,Supiri Dhana Sampatha,T,04;03;06;05;09;09,367 | 2024-Nov-18 Monday,dlb,https://www.dlb.lk/result/17/,268
2024-11-19,368,supiri_dhana_sampatha,Supiri Dhana Sampatha,X,08;09;05;06;05;09,368 | 2024-Nov-19 Tuesday,dlb,https://www.dlb.lk/result/17/,269
2024-11-20,369,supiri_dhana_sampatha,Supiri Dhana Sampatha,G,05;00;06;00;03;09,369 | 2024-Nov-20 Wednesday,dlb,https://www.dlb.lk/result/17/,270
2024-11-21,370,supiri_dhana_sampatha,Supiri Dhana Sampatha,A,09;03;04;01;04;05,370 | 2024-Nov-21 Thursday,dlb,https://www.dlb.lk/result/17/,271
2024-11-22,371,supiri_dhana_sampatha,Supiri Dhana Sampatha,R,05;08;07;04;05;07,371 | 2024-Nov-22 Friday,dlb,https://www.dlb.lk/result/17/,272
2024-11-23,372,supiri_dhana_sampatha,Supiri Dhana Sampatha,R,08;09;06;03;00;09,372 | 2024-Nov-23 Saturday,dlb,https://www.dlb.lk/result/17/,273
2024-11-24,373,supiri_dhana_sampatha,Supiri Dhana Sampatha,E,08;01;07;05;02;06,373 | 2024-Nov-24 Sunday,dlb,https://www.dlb.lk/result/17/,274
2024-11-25,374,supiri_dhana_sampatha,Supiri Dhana Sampatha,Y,06;03;07;00;06;04,374 | 2024-Nov-25 Monday,dlb,https://www.dlb.lk/result/17/,275
2024-11-26,375,supiri_dhana_sampatha,Supiri Dhana Sampatha,L,08;05;04;09;03;04,375 | 2024-Nov-26 Tuesday,dlb,https://www.dlb.lk/result/17/,276
2024-11-27,376,supiri_dhana_sampatha,Supiri Dhana Sampatha,Z,02;08;00;08;00;04,376 | 2024-Nov-27 Wednesday,dlb,https://www.dlb.lk/result/17/,277
2024-11-28,377,supiri_dhana_sampatha,Supiri Dhana Sampatha,V,07;00;05;09;00;07,377 | 2024-Nov-28 Thursday,dlb,https://www.dlb.lk/result/17/,278
2024-11-29,378,supiri_dhana_sampatha,Supiri Dhana Sampatha,T,07;09;08;02;09;02,378 | 2024-Nov-29 Friday,dlb,https://www.dlb.lk/result/17/,279
2024-11-30,379,supiri_dhana_sampatha,Supiri Dhana Sampatha,G,01;00;02;08;04;08,379 | 2024-Nov-30 Saturday,dlb,https://www.dlb.lk/result/17/,280
2024-12-01,380,supiri_dhana_sampatha,Supiri Dhana Sampatha,D,04;02;09;01;04;08,380 | 2024-Dec-01 Sunday,dlb,https://www.dlb.lk/result/17/,281
2024-12-02,381,supiri_dhana_sampatha,Supiri Dhana Sampatha,V,09;09;00;00;05;03,381 | 2024-Dec-02 Monday,dlb,https://www.dlb.lk/result/17/,282
2024-12-03,382,supiri_dhana_sampatha,Supiri Dhana Sampatha,J,08;09;00;05;06;07,382 | 2024-Dec-03 Tuesday,dlb,https://www.dlb.lk/result/17/,283
2024-12-04,383,supiri_dhana_sampatha,Supiri Dhana Sampatha,U,00;06;01;09;05;00,383 | 2024-Dec-04 Wednesday,dlb,https://www.dlb.lk/result/17/,284
2024-12-05,384,supiri_dhana_sampatha,Supiri Dhana Sampatha,Z,02;08;05;08;09;01,384 | 2024-Dec-05 Thursday,dlb,https://www.dlb.lk/result/17/,285
2024-12-06,385,supiri_dhana_sampatha,Supiri Dhana Sampatha,E,08;02;06;04;02;09,385 | 2024-Dec-06 Friday,dlb,https://www.dlb.lk/result/17/,286
2024-12-07,386,supiri_dhana_sampatha,Supiri Dhana Sampatha,U,08;01;03;04;01;01,386 | 2024-Dec-07 Saturday,dlb,https://www.dlb.lk/result/17/,287
2024-12-08,387,supiri_dhana_sampatha,Supiri Dhana Sampatha,J,09;04;05;07;07;06,387 | 2024-Dec-08 Sunday,dlb,https://www.dlb.lk/result/17/,288
2024-12-09,388,supiri_dhana_sampatha,Supiri Dhana Sampatha,Y,09;04;00;06;07;09,388 | 2024-Dec-09 Monday,dlb,https://www.dlb.lk/result/17/,289
2024-12-10,389,supiri_dhana_sampatha,Supiri Dhana Sampatha,G,08;04;06;06;01;03,389 | 2024-Dec-10 Tuesday,dlb,https://www.dlb.lk/result/17/,290
2024-12-11,390,supiri_dhana_sampatha,Supiri Dhana Sampatha,B,03;04;08;08;08;05,390 | 2024-Dec-11 Wednesday,dlb,https://www.dlb.lk/result/17/,291
2024-12-12,391,supiri_dhana_sampatha,Supiri Dhana Sampatha,N,08;08;05;01;02;04,391 | 2024-Dec-12 Thursday,dlb,https://www.dlb.lk/result/17/,292
2024-12-13,392,supiri_dhana_sampatha,Supiri Dhana Sampatha,Z,07;03;08;05;02;04,392 | 2024-Dec-13 Friday,dlb,https://www.dlb.lk/result/17/,293
2024-12-14,393,supiri_dhana_sampatha,Supiri Dhana Sampatha,A,03;09;01;08;07;08,393 | 2024-Dec-14 Saturday,dlb,https://www.dlb.lk/result/17/,294
2024-12-15,394,supiri_dhana_sampatha,Supiri Dhana Sampatha,T,02;05;04;00;04;06,394 | 2024-Dec-15 Sunday,dlb,https://www.dlb.lk/result/17/,295
2024-12-16,395,supiri_dhana_sampatha,Supiri Dhana Sampatha,L,03;03;09;01;00;07,395 | 2024-Dec-16 Monday,dlb,https://www.dlb.lk/result/17/,296
2024-12-17,396,supiri_dhana_sampatha,Supiri Dhana Sampatha,L,08;02;06;09;06;02,396 | 2024-Dec-17 Tuesday,dlb,https://www.dlb.lk/result/17/,297
2024-12-18,397,supiri_dhana_sampatha,Supiri Dhana Sampatha,V,08;07;06;06;06;01,397 | 2024-Dec-18 Wednesday,dlb,https://www.dlb.lk/result/17/,298
2024-12-19,398,supiri_dhana_sampatha,Supiri Dhana Sampatha,L,00;06;04;07;01;07,398 | 2024-Dec-19 Thursday,dlb,https://www.dlb.lk/result/17/,299
2024-12-20,399,supiri_dhana_sampatha,Supiri Dhana Sampatha,H,05;07;05;01;01;06,399 | 2024-Dec-20 Friday,dlb,https://www.dlb.lk/result/17/,300
2024-12-21,400,supiri_dhana_sampatha,Supiri Dhana Sampatha,Q,06;03;08;02;00;04,400 | 2024-Dec-21 Saturday,dlb,https://www.dlb.lk/result/17/,301
2024-12-22,401,supiri_dhana_sampatha,Supiri Dhana Sampatha,V,08;09;07;03;08;03,401 | 2024-Dec-22 Sunday,dlb,https://www.dlb.lk/result/17/,302
2024-12-23,402,supiri_dhana_sampatha,Supiri Dhana Sampatha,A,00;02;02;05;00;02,402 | 2024-Dec-23 Monday,dlb,https://www.dlb.lk/result/17/,303
2024-12-24,403,supiri_dhana_sampatha,Supiri Dhana Sampatha,U,02;03;06;05;03;07,403 | 2024-Dec-24 Tuesday,dlb,https://www.dlb.lk/result/17/,304
2024-12-25,404,supiri_dhana_sampatha,Supiri Dhana Sampatha,B,04;09;06;06;01;08,404 | 2024-Dec-25 Wednesday,dlb,https://www.dlb.lk/result/17/,305
2024-12-26,405,supiri_dhana_sampatha,Supiri Dhana Sampatha,N,05;06;08;01;04;09,405 | 2024-Dec-26 Thursday,dlb,https://www.dlb.lk/result/17/,306
2024-12-27,406,supiri_dhana_sampatha,Supiri Dhana Sampatha,W,07;03;01;07;03;07,406 | 2024-Dec-27 Friday,dlb,https://www.dlb.lk/result/17/,307
2024-12-28,407,supiri_dhana_sampatha,Supiri Dhana Sampatha,Q,04;06;07;09;03;07,407 | 2024-Dec-28 Saturday,dlb,https://www.dlb.lk/result/17/,308
2024-12-29,408,supiri_dhana_sampatha,Supiri Dhana Sampatha,Z,07;00;03;04;00;08,408 | 2024-Dec-29 Sunday,dlb,https://www.dlb.lk/result/17/,309
2024-12-30,409,supiri_dhana_sampatha,Supiri Dhana Sampatha,Z,06;05;03;06;04;04,409 | 2024-Dec-30 Monday,dlb,https://www.dlb.lk/result/17/,310
2024-12-31,410,supiri_dhana_sampatha,Supiri Dhana Sampatha,W,08;01;07;02;09;05,410 | 2024-Dec-31 Tuesday,dlb,https://www.dlb.lk/result/17/,311
2025-01-01,411,supiri_dhana_sampatha,Supiri Dhana Sampatha,P,02;02;07;03;08;08,411 | 2025-Jan-01 Wednesday,dlb,https://www.dlb.lk/result/17/,312
2025-01-02,412,supiri_dhana_sampatha,Supiri Dhana Sampatha,V,02;02;09;02;01;09,412 | 2025-Jan-02 Thursday,dlb,https://www.dlb.lk/result/17/,313
2025-01-03,413,supiri_dhana_sampatha,Supiri Dhana Sampatha,H,03;03;06;00;09;08,413 | 2025-Jan-03 Friday,dlb,https://www.dlb.lk/result/17/,314
2025-01-04,414,supiri_dhana_sampatha,Supiri Dhana Sampatha,N,08;05;04;06;03;02,414 | 2025-Jan-04 Saturday,dlb,https://www.dlb.lk/result/17/,315
2025-01-05,415,supiri_dhana_sampatha,Supiri Dhana Sampatha,W,01;03;00;07;02;02,415 | 2025-Jan-05 Sunday,dlb,https://www.dlb.lk/result/17/,316
2025-01-06,416,supiri_dhana_sampatha,Supiri Dhana Sampatha,L,02;08;03;01;07;05,416 | 2025-Jan-06 Monday,dlb,https://www.dlb.lk/result/17/,317
2025-01-07,417,supiri_dhana_sampatha,Supiri Dhana Sampatha,R,03;00;02;05;08;07,417 | 2025-Jan-07 Tuesday,dlb,https://www.dlb.lk/result/17/,318
2025-01-08,418,supiri_dhana_sampatha,Supiri Dhana Sampatha,V,04;00;01;04;09;00,418 | 2025-Jan-08 Wednesday,dlb,https://www.dlb.lk/result/17/,319
2025-01-09,419,supiri_dhana_sampatha,Supiri Dhana Sampatha,Y,08;02;01;08;07;04,419 | 2025-Jan-09 Thursday,dlb,https://www.dlb.lk/result/17/,320
2025-01-10,420,supiri_dhana_sampatha,Supiri Dhana Sampatha,U,00;07;09;05;04;04,420 | 2025-Jan-10 Friday,dlb,https://www.dlb.lk/result/17/,321
2025-01-11,421,supiri_dhana_sampatha,Supiri Dhana Sampatha,O,04;01;08;07;01;00,421 | 2025-Jan-11 Saturday,dlb,https://www.dlb.lk/result/17/,322
2025-01-12,422,supiri_dhana_sampatha,Supiri Dhana Sampatha,V,00;07;03;00;05;04,422 | 2025-Jan-12 Sunday,dlb,https://www.dlb.lk/result/17/,323
2025-01-13,423,supiri_dhana_sampatha,Supiri Dhana Sampatha,G,00;07;03;01;09;08,423 | 2025-Jan-13 Monday,dlb,https://www.dlb.lk/result/17/,324
2025-01-14,424,supiri_dhana_sampatha,Supiri Dhana Sampatha,M,03;02;06;03;07;04,424 | 2025-Jan-14 Tuesday,dlb,https://www.dlb.lk/result/17/,325
2025-01-15,425,supiri_dhana_sampatha,Supiri Dhana Sampatha,C,00;09;08;08;04;04,425 | 2025-Jan-15 Wednesday,dlb,https://www.dlb.lk/result/17/,326
2025-01-16,426,supiri_dhana_sampatha,Supiri Dhana Sampatha,C,03;08;07;08;09;05,426 | 2025-Jan-16 Thursday,dlb,https://www.dlb.lk/result/17/,327
2025-01-17,427,supiri_dhana_sampatha,Supiri Dhana Sampatha,S,09;00;06;09;03;01,427 | 2025-Jan-17 Friday,dlb,https://www.dlb.lk/result/17/,328
2025-01-18,428,supiri_dhana_sampatha,Supiri Dhana Sampatha,T,08;05;05;00;06;05,428 | 2025-Jan-18 Saturday,dlb,https://www.dlb.lk/result/17/,329
2025-01-19,429,supiri_dhana_sampatha,Supiri Dhana Sampatha,O,01;09;01;03;08;03,429 | 2025-Jan-19 Sunday,dlb,https://www.dlb.lk/result/17/,330
2025-01-20,430,supiri_dhana_sampatha,Supiri Dhana Sampatha,G,02;04;08;04;04;05,430 | 2025-Jan-20 Monday,dlb,https://www.dlb.lk/result/17/,331
2025-01-21,431,supiri_dhana_sampatha,Supiri Dhana Sampatha,U,03;05;07;07;08;01,431 | 2025-Jan-21 Tuesday,dlb,https://www.dlb.lk/result/17/,332
2025-01-22,432,supiri_dhana_sampatha,Supiri Dhana Sampatha,O,05;00;09;03;09;00,432 | 2025-Jan-22 Wednesday,dlb,https://www.dlb.lk/result/17/,333
2025-01-23,433,supiri_dhana_sampatha,Supiri Dhana Sampatha,A,08;08;05;00;08;08,433 | 2025-Jan-23 Thursday,dlb,https://www.dlb.lk/result/17/,334
2025-01-24,434,supiri_dhana_sampatha,Supiri Dhana Sampatha,Y,02;02;00;01;02;09,434 | 2025-Jan-24 Friday,dlb,https://www.dlb.lk/result/17/,335
2025-01-25,435,supiri_dhana_sampatha,Supiri Dhana Sampatha,X,03;08;08;03;00;00,435 | 2025-Jan-25 Saturday,dlb,https://www.dlb.lk/result/17/,336
2025-01-26,436,supiri_dhana_sampatha,Supiri Dhana Sampatha,D,03;03;02;03;09;09,436 | 2025-Jan-26 Sunday,dlb,https://www.dlb.lk/result/17/,337
2025-01-27,437,supiri_dhana_sampatha,Supiri Dhana Sampatha,L,05;01;00;03;07;09,437 | 2025-Jan-27 Monday,dlb,https://www.dlb.lk/result/17/,338
2025-01-28,438,supiri_dhana_sampatha,Supiri Dhana Sampatha,U,00;08;07;08;04;01,438 | 2025-Jan-28 Tuesday,dlb,https://www.dlb.lk/result/17/,339
2025-01-29,439,supiri_dhana_sampatha,Supiri Dhana Sampatha,D,03;08;02;01;05;00,439 | 2025-Jan-29 Wednesday,dlb,https://www.dlb.lk/result/17/,340
2025-01-30,440,supiri_dhana_sampatha,Supiri Dhana Sampatha,E,06;05;03;03;02;06,440 | 2025-Jan-30 Thursday,dlb,https://www.dlb.lk/result/17/,341
2025-01-31,441,supiri_dhana_sampatha,Supiri Dhana Sampatha,C,08;07;04;07;08;02,441 | 2025-Jan-31 Friday,dlb,https://www.dlb.lk/result/17/,342
2025-02-01,442,supiri_dhana_sampatha,Supiri Dhana Sampatha,G,02;04;08;02;02;04,442 | 2025-Feb-01 Saturday,dlb,https://www.dlb.lk/result/17/,343
2025-02-02,443,supiri_dhana_sampatha,Supiri Dhana Sampatha,P,04;06;06;06;09;08,443 | 2025-Feb-02 Sunday,dlb,https://www.dlb.lk/result/17/,344
2025-02-03,444,supiri_dhana_sampatha,Supiri Dhana Sampatha,N,08;01;00;04;04;04,444 | 2025-Feb-03 Monday,dlb,https://www.dlb.lk/result/17/,345
2025-02-04,445,supiri_dhana_sampatha,Supiri Dhana Sampatha,Z,05;00;05;09;03;05,445 | 2025-Feb-04 Tuesday,dlb,https://www.dlb.lk/result/17/,346
2025-02-05,446,supiri_dhana_sampatha,Supiri Dhana Sampatha,A,03;02;09;00;09;03,446 | 2025-Feb-05 Wednesday,dlb,https://www.dlb.lk/result/17/,347
2025-02-06,447,supiri_dhana_sampatha,Supiri Dhana Sampatha,K,06;06;06;03;04;06,447 | 2025-Feb-06 Thursday,dlb,https://www.dlb.lk/result/17/,348
2025-02-07,448,supiri_dhana_sampatha,Supiri Dhana Sampatha,T,01;09;05;02;03;03,448 | 2025-Feb-07 Friday,dlb,https://www.dlb.lk/result/17/,349
2025-02-08,449,supiri_dhana_sampatha,Supiri Dhana Sampatha,E,06;06;00;05;03;03,449 | 2025-Feb-08 Saturday,dlb,https://www.dlb.lk/result/17/,350
2025-02-09,450,supiri_dhana_sampatha,Supiri Dhana Sampatha,K,01;02;01;06;06;05,450 | 2025-Feb-09 Sunday,dlb,https://www.dlb.lk/result/17/,351
2025-02-10,451,supiri_dhana_sampatha,Supiri Dhana Sampatha,Q,09;09;02;04;09;08,451 | 2025-Feb-10 Monday,dlb,https://www.dlb.lk/result/17/,352
2025-02-11,452,supiri_dhana_sampatha,Supiri Dhana Sampatha,Q,03;01;00;02;05;07,452 | 2025-Feb-11 Tuesday,dlb,https://www.dlb.lk/result/17/,353
2025-02-12,453,supiri_dhana_sampatha,Supiri Dhana Sampatha,Q,05;07;01;00;01;08,453 | 2025-Feb-12 Wednesday,dlb,https://www.dlb.lk/result/17/,354
2025-02-13,454,supiri_dhana_sampatha,Supiri Dhana Sampatha,R,07;02;05;05;01;04,454 | 2025-Feb-13 Thursday,dlb,https://www.dlb.lk/result/17/,355
2025-02-14,455,supiri_dhana_sampatha,Supiri Dhana Sampatha,R,07;06;00;09;08;06,455 | 2025-Feb-14 Friday,dlb,https://www.dlb.lk/result/17/,356
2025-02-15,456,supiri_dhana_sampatha,Supiri Dhana Sampatha,D,00;03;07;00;01;09,456 | 2025-Feb-15 Saturday,dlb,https://www.dlb.lk/result/17/,357
2025-02-16,457,supiri_dhana_sampatha,Supiri Dhana Sampatha,G,06;08;08;03;03;05,457 | 2025-Feb-16 Sunday,dlb,https://www.dlb.lk/result/17/,358
2025-02-17,458,supiri_dhana_sampatha,Supiri Dhana Sampatha,X,01;04;05;04;07;00,458 | 2025-Feb-17 Monday,dlb,https://www.dlb.lk/result/17/,359
2025-02-18,459,supiri_dhana_sampatha,Supiri Dhana Sampatha,J,07;06;07;02;00;00,459 | 2025-Feb-18 Tuesday,dlb,https://www.dlb.lk/result/17/,360
2025-02-19,460,supiri_dhana_sampatha,Supiri Dhana Sampatha,N,00;07;00;00;05;06,460 | 2025-Feb-19 Wednesday,dlb,https://www.dlb.lk/result/17/,361
2025-02-20,461,supiri_dhana_sampatha,Supiri Dhana Sampatha,S,05;07;04;01;01;06,461 | 2025-Feb-20 Thursday,dlb,https://www.dlb.lk/result/17/,362
2025-02-21,462,supiri_dhana_sampatha,Supiri Dhana Sampatha,O,09;02;01;03;07;09,462 | 2025-Feb-21 Friday,dlb,https://www.dlb.lk/result/17/,363
2025-02-22,463,supiri_dhana_sampatha,Supiri Dhana Sampatha,B,01;00;02;08;04;01,463 | 2025-Feb-22 Saturday,dlb,https://www.dlb.lk/result/17/,364
2025-02-23,464,supiri_dhana_sampatha,Supiri Dhana Sampatha,B,06;02;06;05;08;06,464 | 2025-Feb-23 Sunday,dlb,https://www.dlb.lk/result/17/,365
2025-02-24,465,supiri_dhana_sampatha,Supiri Dhana Sampatha,O,08;02;09;04;08;00,465 | 2025-Feb-24 Monday,dlb,https://www.dlb.lk/result/17/,366
2025-02-25,466,supiri_dhana_sampatha,Supiri Dhana Sampatha,O,05;02;00;07;06;03,466 | 2025-Feb-25 Tuesday,dlb,https://www.dlb.lk/result/17/,367
2025-02-26,467,supiri_dhana_sampatha,Supiri Dhana Sampatha,K,03;06;09;09;00;07,467 | 2025-Feb-26 Wednesday,dlb,https://www.dlb.lk/result/17/,368
2025-02-27,468,supiri_dhana_sampatha,Supiri Dhana Sampatha,J,00;07;00;06;08;03,468 | 2025-Feb-27 Thursday,dlb,https://www.dlb.lk/result/17/,369
2025-02-28,469,supiri_dhana_sampatha,Supiri Dhana Sampatha,F,04;07;09;04;02;09,469 | 2025-Feb-28 Friday,dlb,https://www.dlb.lk/result/17/,370
2025-03-01,470,supiri_dhana_sampatha,Supiri Dhana Sampatha,X,09;07;01;05;03;01,470 | 2025-Mar-01 Saturday,dlb,https://www.dlb.lk/result/17/,371
2025-03-02,471,supiri_dhana_sampatha,Supiri Dhana Sampatha,E,01;01;08;01;01;05,471 | 2025-Mar-02 Sunday,dlb,https://www.dlb.lk/result/17/,372
2025-03-03,472,supiri_dhana_sampatha,Supiri Dhana Sampatha,P,02;01;03;09;06;03,472 | 2025-Mar-03 Monday,dlb,https://www.dlb.lk/result/17/,373
2025-03-04,473,supiri_dhana_sampatha,Supiri Dhana Sampatha,O,08;07;07;03;06;05,473 | 2025-Mar-04 Tuesday,dlb,https://www.dlb.lk/result/17/,374
2025-03-05,474,supiri_dhana_sampatha,Supiri Dhana Sampatha,Y,08;00;02;00;09;01,474 | 2025-Mar-05 Wednesday,dlb,https://www.dlb.lk/result/17/,375
2025-03-06,475,supiri_dhana_sampatha,Supiri Dhana Sampatha,R,07;02;04;00;00;07,475 | 2025-Mar-06 Thursday,dlb,https://www.dlb.lk/result/17/,376
2025-03-07,476,supiri_dhana_sampatha,Supiri Dhana Sampatha,H,03;09;05;02;07;07,476 | 2025-Mar-07 Friday,dlb,https://www.dlb.lk/result/17/,377
2025-03-08,477,supiri_dhana_sampatha,Supiri Dhana Sampatha,Y,02;02;01;05;09;02,477 | 2025-Mar-08 Saturday,dlb,https://www.dlb.lk/result/17/,378
2025-03-09,478,supiri_dhana_sampatha,Supiri Dhana Sampatha,B,09;00;01;05;05;02,478 | 2025-Mar-09 Sunday,dlb,https://www.dlb.lk/result/17/,379
2025-03-10,479,supiri_dhana_sampatha,Supiri Dhana Sampatha,M,07;02;00;00;06;09,479 | 2025-Mar-10 Monday,dlb,https://www.dlb.lk/result/17/,380
2025-03-11,480,supiri_dhana_sampatha,Supiri Dhana Sampatha,B,07;08;02;09;04;02,480 | 2025-Mar-11 Tuesday,dlb,https://www.dlb.lk/result/17/,381
2025-03-12,481,supiri_dhana_sampatha,Supiri Dhana Sampatha,O,07;02;04;04;04;09,481 | 2025-Mar-12 Wednesday,dlb,https://www.dlb.lk/result/17/,382
2025-03-13,482,supiri_dhana_sampatha,Supiri Dhana Sampatha,N,02;01;00;02;00;02,482 | 2025-Mar-13 Thursday,dlb,https://www.dlb.lk/result/17/,383
2025-03-14,483,supiri_dhana_sampatha,Supiri Dhana Sampatha,M,02;00;03;08;08;02,483 | 2025-Mar-14 Friday,dlb,https://www.dlb.lk/result/17/,384
2025-03-15,484,supiri_dhana_sampatha,Supiri Dhana Sampatha,F,07;09;05;02;00;06,484 | 2025-Mar-15 Saturday,dlb,https://www.dlb.lk/result/17/,385
2025-03-16,485,supiri_dhana_sampatha,Supiri Dhana Sampatha,Q,08;09;01;00;08;08,485 | 2025-Mar-16 Sunday,dlb,https://www.dlb.lk/result/17/,386
2025-03-17,486,supiri_dhana_sampatha,Supiri Dhana Sampatha,S,07;05;00;00;06;08,486 | 2025-Mar-17 Monday,dlb,https://www.dlb.lk/result/17/,387
2025-03-18,487,supiri_dhana_sampatha,Supiri Dhana Sampatha,T,00;01;01;06;04;04,487 | 2025-Mar-18 Tuesday,dlb,https://www.dlb.lk/result/17/,388
2025-03-19,488,supiri_dhana_sampatha,Supiri Dhana Sampatha,X,03;00;01;09;04;01,488 | 2025-Mar-19 Wednesday,dlb,https://www.dlb.lk/result/17/,389
2025-03-20,489,supiri_dhana_sampatha,Supiri Dhana Sampatha,Q,03;06;01;04;04;08,489 | 2025-Mar-20 Thursday,dlb,https://www.dlb.lk/result/17/,390
2025-03-21,490,supiri_dhana_sampatha,Supiri Dhana Sampatha,Q,09;01;04;00;07;08,490 | 2025-Mar-21 Friday,dlb,https://www.dlb.lk/result/17/,391
2025-03-22,491,supiri_dhana_sampatha,Supiri Dhana Sampatha,T,03;06;00;02;04;09,491 | 2025-Mar-22 Saturday,dlb,https://www.dlb.lk/result/17/,392
2025-03-23,492,supiri_dhana_sampatha,Supiri Dhana Sampatha,S,08;02;07;04;04;06,492 | 2025-Mar-23 Sunday,dlb,https://www.dlb.lk/result/17/,393
2025-03-24,493,supiri_dhana_sampatha,Supiri Dhana Sampatha,L,08;08;00;07;04;08,493 | 2025-Mar-24 Monday,dlb,https://www.dlb.lk/result/17/,394
2025-03-25,494,supiri_dhana_sampatha,Supiri Dhana Sampatha,J,07;08;07;08;08;06,494 | 2025-Mar-25 Tuesday,dlb,https://www.dlb.lk/result/17/,395
2025-03-26,495,supiri_dhana_sampatha,Supiri Dhana Sampatha,L,07;00;03;00;01;00,495 | 2025-Mar-26 Wednesday,dlb,https://www.dlb.lk/result/17/,396
2025-03-27,496,supiri_dhana_sampatha,Supiri Dhana Sampatha,M,03;06;08;04;05;07,496 | 2025-Mar-27 Thursday,dlb,https://www.dlb.lk/result/17/,397
2025-03-28,497,supiri_dhana_sampatha,Supiri Dhana Sampatha,C,07;01;02;01;03;00,497 | 2025-Mar-28 Friday,dlb,https://www.dlb.lk/result/17/,398
2025-03-29,498,supiri_dhana_sampatha,Supiri Dhana Sampatha,X,09;03;06;06;06;00,498 | 2025-Mar-29 Saturday,dlb,https://www.dlb.lk/result/17/,399
2025-03-30,499,supiri_dhana_sampatha,Supiri Dhana Sampatha,W,08;07;01;02;07;03,499 | 2025-Mar-30 Sunday,dlb,https://www.dlb.lk/result/17/,400
2025-03-31,500,supiri_dhana_sampatha,Supiri Dhana Sampatha,K,04;05;06;07;02;08,500 | 2025-Mar-31 Monday,dlb,https://www.dlb.lk/result/17/,401
2025-04-01,501,supiri_dhana_sampatha,Supiri Dhana Sampatha,N,08;08;08;03;06;08,501 | 2025-Apr-01 Tuesday,dlb,https://www.dlb.lk/result/17/,402
2025-04-02,502,supiri_dhana_sampatha,Supiri Dhana Sampatha,E,00;07;02;08;06;05,502 | 2025-Apr-02 Wednesday,dlb,https://www.dlb.lk/result/17/,403
2025-04-03,503,supiri_dhana_sampatha,Supiri Dhana Sampatha,W,06;02;03;08;02;00,503 | 2025-Apr-03 Thursday,dlb,https://www.dlb.lk/result/17/,404
2025-04-04,504,supiri_dhana_sampatha,Supiri Dhana Sampatha,K,07;02;09;03;09;01,504 | 2025-Apr-04 Friday,dlb,https://www.dlb.lk/result/17/,405
2025-04-05,505,supiri_dhana_sampatha,Supiri Dhana Sampatha,J,09;07;04;00;08;01,505 | 2025-Apr-05 Saturday,dlb,https://www.dlb.lk/result/17/,406
2025-04-06,506,supiri_dhana_sampatha,Supiri Dhana Sampatha,C,00;07;04;01;09;03,506 | 2025-Apr-06 Sunday,dlb,https://www.dlb.lk/result/17/,407
2025-04-07,507,supiri_dhana_sampatha,Supiri Dhana Sampatha,F,03;02;01;03;04;07,507 | 2025-Apr-07 Monday,dlb,https://www.dlb.lk/result/17/,408
2025-04-08,508,supiri_dhana_sampatha,Supiri Dhana Sampatha,L,02;04;07;04;03;03,508 | 2025-Apr-08 Tuesday,dlb,https://www.dlb.lk/result/17/,409
2025-04-09,509,supiri_dhana_sampatha,Supiri Dhana Sampatha,D,09;00;07;00;02;04,509 | 2025-Apr-09 Wednesday,dlb,https://www.dlb.lk/result/17/,410
2025-04-10,510,supiri_dhana_sampatha,Supiri Dhana Sampatha,N,07;08;09;00;08;01,510 | 2025-Apr-10 Thursday,dlb,https://www.dlb.lk/result/17/,411
2025-04-11,511,supiri_dhana_sampatha,Supiri Dhana Sampatha,M,07;00;09;08;03;03,511 | 2025-Apr-11 Friday,dlb,https://www.dlb.lk/result/17/,412
2025-04-12,512,supiri_dhana_sampatha,Supiri Dhana Sampatha,C,02;06;02;02;07;05,512 | 2025-Apr-12 Saturday,dlb,https://www.dlb.lk/result/17/,413
2025-04-18,513,supiri_dhana_sampatha,Supiri Dhana Sampatha,C,07;08;02;02;09;01,513 | 2025-Apr-18 Friday,dlb,https://www.dlb.lk/result/17/,414
2025-04-19,514,supiri_dhana_sampatha,Supiri Dhana Sampatha,J,05;00;06;07;00;03,514 | 2025-Apr-19 Saturday,dlb,https://www.dlb.lk/result/17/,415
2025-04-20,515,supiri_dhana_sampatha,Supiri Dhana Sampatha,U,04;04;01;00;08;01,515 | 2025-Apr-20 Sunday,dlb,https://www.dlb.lk/result/17/,416
2025-04-21,516,supiri_dhana_sampatha,Supiri Dhana Sampatha,X,02;04;06;00;00;04,516 | 2025-Apr-21 Monday,dlb,https://www.dlb.lk/result/17/,417
2025-04-22,517,supiri_dhana_sampatha,Supiri Dhana Sampatha,O,01;00;06;03;04;07,517 | 2025-Apr-22 Tuesday,dlb,https://www.dlb.lk/result/17/,418
2025-04-23,518,supiri_dhana_sampatha,Supiri Dhana Sampatha,J,06;04;09;03;05;06,518 | 2025-Apr-23 Wednesday,dlb,https://www.dlb.lk/result/17/,419
2025-04-24,519,supiri_dhana_sampatha,Supiri Dhana Sampatha,S,03;06;05;02;04;05,519 | 2025-Apr-24 Thursday,dlb,https://www.dlb.lk/result/17/,420
2025-04-25,520,supiri_dhana_sampatha,Supiri Dhana Sampatha,S,01;07;03;04;02;05,520 | 2025-Apr-25 Friday,dlb,https://www.dlb.lk/result/17/,421
2025-04-26,521,supiri_dhana_sampatha,Supiri Dhana Sampatha,V,03;00;08;07;03;02,521 | 2025-Apr-26 Saturday,dlb,https://www.dlb.lk/result/17/,422
2025-04-27,522,supiri_dhana_sampatha,Supiri Dhana Sampatha,X,05;02;01;04;00;04,522 | 2025-Apr-27 Sunday,dlb,https://www.dlb.lk/result/17/,423
2025-04-28,523,supiri_dhana_sampatha,Supiri Dhana Sampatha,R,01;06;03;03;03;06,523 | 2025-Apr-28 Monday,dlb,https://www.dlb.lk/result/17/,424
2025-04-29,524,supiri_dhana_sampatha,Supiri Dhana Sampatha,F,06;03;02;09;02;08,524 | 2025-Apr-29 Tuesday,dlb,https://www.dlb.lk/result/17/,425
2025-04-30,525,supiri_dhana_sampatha,Supiri Dhana Sampatha,H,01;03;06;04;03;09,525 | 2025-Apr-30 Wednesday,dlb,https://www.dlb.lk/result/17/,426
2025-05-01,526,supiri_dhana_sampatha,Supiri Dhana Sampatha,C,09;00;03;01;03;09,526 | 2025-May-01 Thursday,dlb,https://www.dlb.lk/result/17/,427
2025-05-02,527,supiri_dhana_sampatha,Supiri Dhana Sampatha,K,06;00;01;03;03;07,527 | 2025-May-02 Friday,dlb,https://www.dlb.lk/result/17/,428
2025-05-03,528,supiri_dhana_sampatha,Supiri Dhana Sampatha,Q,09;07;01;08;02;06,528 | 2025-May-03 Saturday,dlb,https://www.dlb.lk/result/17/,429
2025-05-04,529,supiri_dhana_sampatha,Supiri Dhana Sampatha,R,09;05;03;05;00;08,529 | 2025-May-04 Sunday,dlb,https://www.dlb.lk/result/17/,430
2025-05-05,530,supiri_dhana_sampatha,Supiri Dhana Sampatha,K,08;06;05;03;08;00,530 | 2025-May-05 Monday,dlb,https://www.dlb.lk/result/17/,431
2025-05-06,531,supiri_dhana_sampatha,Supiri Dhana Sampatha,H,06;06;05;03;08;05,531 | 2025-May-06 Tuesday,dlb,https://www.dlb.lk/result/17/,432
2025-05-07,532,supiri_dhana_sampatha,Supiri Dhana Sampatha,G,08;02;07;02;08;02,532 | 2025-May-07 Wednesday,dlb,https://www.dlb.lk/result/17/,433
2025-05-08,533,supiri_dhana_sampatha,Supiri Dhana Sampatha,J,08;00;02;04;05;01,533 | 2025-May-08 Thursday,dlb,https://www.dlb.lk/result/17/,434
2025-05-09,534,supiri_dhana_sampatha,Supiri Dhana Sampatha,P,03;04;07;06;05;01,534 | 2025-May-09 Friday,dlb,https://www.dlb.lk/result/17/,435
2025-05-10,535,supiri_dhana_sampatha,Supiri Dhana Sampatha,E,01;03;08;08;05;07,535 | 2025-May-10 Saturday,dlb,https://www.dlb.lk/result/17/,436
2025-05-11,536,supiri_dhana_sampatha,Supiri Dhana Sampatha,Q,01;04;07;00;07;07,536 | 2025-May-11 Sunday,dlb,https://www.dlb.lk/result/17/,437
2025-05-14,537,supiri_dhana_sampatha,Supiri Dhana Sampatha,K,02;05;06;03;08;04,537 | 2025-May-14 Wednesday,dlb,https://www.dlb.lk/result/17/,438
2025-05-15,538,supiri_dhana_sampatha,Supiri Dhana Sampatha,Q,06;06;08;09;05;00,538 | 2025-May-15 Thursday,dlb,https://www.dlb.lk/result/17/,439
2025-05-16,539,supiri_dhana_sampatha,Supiri Dhana Sampatha,T,05;06;01;02;01;06,539 | 2025-May-16 Friday,dlb,https://www.dlb.lk/result/17/,440
2025-05-17,540,supiri_dhana_sampatha,Supiri Dhana Sampatha,T,08;06;09;05;07;07,540 | 2025-May-17 Saturday,dlb,https://www.dlb.lk/result/17/,441
2025-05-18,541,supiri_dhana_sampatha,Supiri Dhana Sampatha,E,08;08;05;04;04;06,541 | 2025-May-18 Sunday,dlb,https://www.dlb.lk/result/17/,442
2025-05-19,542,supiri_dhana_sampatha,Supiri Dhana Sampatha,X,07;00;01;08;01;01,542 | 2025-May-19 Monday,dlb,https://www.dlb.lk/result/17/,443
2025-05-20,543,supiri_dhana_sampatha,Supiri Dhana Sampatha,P,00;02;05;06;02;07,543 | 2025-May-20 Tuesday,dlb,https://www.dlb.lk/result/17/,444
2025-05-21,544,supiri_dhana_sampatha,Supiri Dhana Sampatha,C,07;09;08;00;04;02,544 | 2025-May-21 Wednesday,dlb,https://www.dlb.lk/result/17/,445
2025-05-22,545,supiri_dhana_sampatha,Supiri Dhana Sampatha,A,02;02;07;07;05;03,545 | 2025-May-22 Thursday,dlb,https://www.dlb.lk/result/17/,446
2025-05-23,546,supiri_dhana_sampatha,Supiri Dhana Sampatha,G,03;07;01;03;07;09,546 | 2025-May-23 Friday,dlb,https://www.dlb.lk/result/17/,447
2025-05-24,547,supiri_dhana_sampatha,Supiri Dhana Sampatha,U,08;01;00;01;05;01,547 | 2025-May-24 Saturday,dlb,https://www.dlb.lk/result/17/,448
2025-05-25,548,supiri_dhana_sampatha,Supiri Dhana Sampatha,F,09;05;01;08;04;01,548 | 2025-May-25 Sunday,dlb,https://www.dlb.lk/result/17/,449
2025-05-26,549,supiri_dhana_sampatha,Supiri Dhana Sampatha,Y,02;09;02;04;04;03,549 | 2025-May-26 Monday,dlb,https://www.dlb.lk/result/17/,450
2025-05-27,550,supiri_dhana_sampatha,Supiri Dhana Sampatha,D,01;01;08;00;00;04,550 | 2025-May-27 Tuesday,dlb,https://www.dlb.lk/result/17/,451
2025-05-28,551,supiri_dhana_sampatha,Supiri Dhana Sampatha,A,04;02;06;07;09;08,551 | 2025-May-28 Wednesday,dlb,https://www.dlb.lk/result/17/,452
2025-05-29,552,supiri_dhana_sampatha,Supiri Dhana Sampatha,J,07;00;01;03;07;09,552 | 2025-May-29 Thursday,dlb,https://www.dlb.lk/result/17/,453
2025-05-30,553,supiri_dhana_sampatha,Supiri Dhana Sampatha,U,04;06;05;00;00;08,553 | 2025-May-30 Friday,dlb,https://www.dlb.lk/result/17/,454
2025-05-31,554,supiri_dhana_sampatha,Supiri Dhana Sampatha,X,07;05;07;08;02;06,554 | 2025-May-31 Saturday,dlb,https://www.dlb.lk/result/17/,455
2025-06-01,555,supiri_dhana_sampatha,Supiri Dhana Sampatha,V,07;03;07;04;00;00,555 | 2025-Jun-01 Sunday,dlb,https://www.dlb.lk/result/17/,456
2025-06-02,556,supiri_dhana_sampatha,Supiri Dhana Sampatha,H,04;02;06;01;09;08,556 | 2025-Jun-02 Monday,dlb,https://www.dlb.lk/result/17/,457
2025-06-03,557,supiri_dhana_sampatha,Supiri Dhana Sampatha,S,04;01;08;06;02;01,557 | 2025-Jun-03 Tuesday,dlb,https://www.dlb.lk/result/17/,458
2025-06-04,558,supiri_dhana_sampatha,Supiri Dhana Sampatha,T,07;05;01;00;09;05,558 | 2025-Jun-04 Wednesday,dlb,https://www.dlb.lk/result/17/,459
2025-06-05,559,supiri_dhana_sampatha,Supiri Dhana Sampatha,K,04;06;08;01;03;02,559 | 2025-Jun-05 Thursday,dlb,https://www.dlb.lk/result/17/,460
2025-06-06,560,supiri_dhana_sampatha,Supiri Dhana Sampatha,Q,08;07;03;05;06;08,560 | 2025-Jun-06 Friday,dlb,https://www.dlb.lk/result/17/,461
2025-06-07,561,supiri_dhana_sampatha,Supiri Dhana Sampatha,X,08;02;09;05;06;02,561 | 2025-Jun-07 Saturday,dlb,https://www.dlb.lk/result/17/,462
2025-06-08,562,supiri_dhana_sampatha,Supiri Dhana Sampatha,S,06;03;07;07;03;07,562 | 2025-Jun-08 Sunday,dlb,https://www.dlb.lk/result/17/,463
2025-06-09,563,supiri_dhana_sampatha,Supiri Dhana Sampatha,L,00;08;01;03;05;03,563 | 2025-Jun-09 Monday,dlb,https://www.dlb.lk/result/17/,464
2025-06-10,564,supiri_dhana_sampatha,Supiri Dhana Sampatha,J,08;07;08;03;01;05,564 | 2025-Jun-10 Tuesday,dlb,https://www.dlb.lk/result/17/,465
2025-06-11,565,supiri_dhana_sampatha,Supiri Dhana Sampatha,G,09;06;03;01;02;03,565 | 2025-Jun-11 Wednesday,dlb,https://www.dlb.lk/result/17/,466
2025-06-12,566,supiri_dhana_sampatha,Supiri Dhana Sampatha,Z,07;06;02;05;08;08,566 | 2025-Jun-12 Thursday,dlb,https://www.dlb.lk/result/17/,467
2025-06-13,567,supiri_dhana_sampatha,Supiri Dhana Sampatha,V,09;08;07;04;00;06,567 | 2025-Jun-13 Friday,dlb,https://www.dlb.lk/result/17/,468
2025-06-14,568,supiri_dhana_sampatha,Supiri Dhana Sampatha,E,02;07;05;07;05;02,568 | 2025-Jun-14 Saturday,dlb,https://www.dlb.lk/result/17/,469
2025-06-15,569,supiri_dhana_sampatha,Supiri Dhana Sampatha,C,09;04;07;00;04;06,569 | 2025-Jun-15 Sunday,dlb,https://www.dlb.lk/result/17/,470
2025-06-16,570,supiri_dhana_sampatha,Supiri Dhana Sampatha,D,09;05;00;07;09;06,570 | 2025-Jun-16 Monday,dlb,https://www.dlb.lk/result/17/,471
2025-06-17,571,supiri_dhana_sampatha,Supiri Dhana Sampatha,P,01;03;09;00;05;02,571 | 2025-Jun-17 Tuesday,dlb,https://www.dlb.lk/result/17/,472
2025-06-18,572,supiri_dhana_sampatha,Supiri Dhana Sampatha,T,00;07;03;08;02;03,572 | 2025-Jun-18 Wednesday,dlb,https://www.dlb.lk/result/17/,473
2025-06-19,573,supiri_dhana_sampatha,Supiri Dhana Sampatha,H,03;05;02;00;07;05,573 | 2025-Jun-19 Thursday,dlb,https://www.dlb.lk/result/17/,474
2025-06-20,574,supiri_dhana_sampatha,Supiri Dhana Sampatha,J,09;06;00;05;02;07,574 | 2025-Jun-20 Friday,dlb,https://www.dlb.lk/result/17/,475
2025-06-21,575,supiri_dhana_sampatha,Supiri Dhana Sampatha,J,02;04;07;04;01;00,575 | 2025-Jun-21 Saturday,dlb,https://www.dlb.lk/result/17/,476
2025-06-22,576,supiri_dhana_sampatha,Supiri Dhana Sampatha,O,00;00;02;01;08;03,576 | 2025-Jun-22 Sunday,dlb,https://www.dlb.lk/result/17/,477
2025-06-23,577,supiri_dhana_sampatha,Supiri Dhana Sampatha,V,06;02;01;02;09;02,577 | 2025-Jun-23 Monday,dlb,https://www.dlb.lk/result/17/,478
2025-06-24,578,supiri_dhana_sampatha,Supiri Dhana Sampatha,O,02;00;02;02;09;02,578 | 2025-Jun-24 Tuesday,dlb,https://www.dlb.lk/result/17/,479
2025-06-25,579,supiri_dhana_sampatha,Supiri Dhana Sampatha,C,02;03;08;01;01;01,579 | 2025-Jun-25 Wednesday,dlb,https://www.dlb.lk/result/17/,480
2025-06-26,580,supiri_dhana_sampatha,Supiri Dhana Sampatha,K,09;07;02;04;09;08,580 | 2025-Jun-26 Thursday,dlb,https://www.dlb.lk/result/17/,481
2025-06-27,581,supiri_dhana_sampatha,Supiri Dhana Sampatha,X,02;02;00;07;03;08,581 | 2025-Jun-27 Friday,dlb,https://www.dlb.lk/result/17/,482
2025-06-28,582,supiri_dhana_sampatha,Supiri Dhana Sampatha,O,01;00;03;05;06;09,582 | 2025-Jun-28 Saturday,dlb,https://www.dlb.lk/result/17/,483
2025-06-29,583,supiri_dhana_sampatha,Supiri Dhana Sampatha,C,04;02;06;08;03;05,583 | 2025-Jun-29 Sunday,dlb,https://www.dlb.lk/result/17/,484
2025-06-30,584,supiri_dhana_sampatha,Supiri Dhana Sampatha,Y,07;05;06;01;05;01,584 | 2025-Jun-30 Monday,dlb,https://www.dlb.lk/result/17/,485
2025-07-01,585,supiri_dhana_sampatha,Supiri Dhana Sampatha,F,08;07;09;06;01;02,585 | 2025-Jul-01 Tuesday,dlb,https://www.dlb.lk/result/17/,486
2025-07-02,586,supiri_dhana_sampatha,Supiri Dhana Sampatha,X,00;02;05;02;00;02,586 | 2025-Jul-02 Wednesday,dlb,https://www.dlb.lk/result/17/,487
2025-07-03,587,supiri_dhana_sampatha,Supiri Dhana Sampatha,E,06;05;04;02;05;07,587 | 2025-Jul-03 Thursday,dlb,https://www.dlb.lk/result/17/,488
2025-07-04,588,supiri_dhana_sampatha,Supiri Dhana Sampatha,T,08;07;06;01;00;09,588 | 2025-Jul-04 Friday,dlb,https://www.dlb.lk/result/17/,489
2025-07-05,589,supiri_dhana_sampatha,Supiri Dhana Sampatha,S,09;03;02;04;00;09,589 | 2025-Jul-05 Saturday,dlb,https://www.dlb.lk/result/17/,490
2025-07-06,590,supiri_dhana_sampatha,Supiri Dhana Sampatha,H,03;07;09;05;02;01,590 | 2025-Jul-06 Sunday,dlb,https://www.dlb.lk/result/17/,491
2025-07-07,591,supiri_dhana_sampatha,Supiri Dhana Sampatha,Z,09;08;03;05;04;08,591 | 2025-Jul-07 Monday,dlb,https://www.dlb.lk/result/17/,492
2025-07-08,592,supiri_dhana_sampatha,Supiri Dhana Sampatha,J,05;00;02;07;08;00,592 | 2025-Jul-08 Tuesday,dlb,https://www.dlb.lk/result/17/,493
2025-07-09,593,supiri_dhana_sampatha,Supiri Dhana Sampatha,J,04;01;07;01;05;07,593 | 2025-Jul-09 Wednesday,dlb,https://www.dlb.lk/result/17/,494
2025-07-10,594,supiri_dhana_sampatha,Supiri Dhana Sampatha,A,04;07;09;08;08;05,594 | 2025-Jul-10 Thursday,dlb,https://www.dlb.lk/result/17/,495
2025-07-11,595,supiri_dhana_sampatha,Supiri Dhana Sampatha,A,06;08;09;06;05;06,595 | 2025-Jul-11 Friday,dlb,https://www.dlb.lk/result/17/,496
2025-07-12,596,supiri_dhana_sampatha,Supiri Dhana Sampatha,L,04;09;02;07;03;03,596 | 2025-Jul-12 Saturday,dlb,https://www.dlb.lk/result/17/,497
2025-07-13,597,supiri_dhana_sampatha,Supiri Dhana Sampatha,Z,02;06;04;09;03;09,597 | 2025-Jul-13 Sunday,dlb,https://www.dlb.lk/result/17/,498
2025-07-14,598,supiri_dhana_sampatha,Supiri Dhana Sampatha,D,03;08;06;06;07;03,598 | 2025-Jul-14 Monday,dlb,https://www.dlb.lk/result/17/,499
2025-07-15,599,supiri_dhana_sampatha,Supiri Dhana Sampatha,Q,06;02;07;02;04;08,599 | 2025-Jul-15 Tuesday,dlb,https://www.dlb.lk/result/17/,500
2025-07-16,600,supiri_dhana_sampatha,Supiri Dhana Sampatha,V,03;04;06;03;02;05,600 | 2025-Jul-16 Wednesday,dlb,https://www.dlb.lk/result/17/,501
2025-07-17,601,supiri_dhana_sampatha,Supiri Dhana Sampatha,H,03;07;01;05;02;01,601 | 2025-Jul-17 Thursday,dlb,https://www.dlb.lk/result/17/,502
2025-07-18,602,supiri_dhana_sampatha,Supiri Dhana Sampatha,F,07;02;01;05;08;02,602 | 2025-Jul-18 Friday,dlb,https://www.dlb.lk/result/17/,503
2025-07-19,603,supiri_dhana_sampatha,Supiri Dhana Sampatha,A,04;06;06;03;03;01,603 | 2025-Jul-19 Saturday,dlb,https://www.dlb.lk/result/17/,504
2025-07-20,604,supiri_dhana_sampatha,Supiri Dhana Sampatha,P,00;05;08;02;00;04,604 | 2025-Jul-20 Sunday,dlb,https://www.dlb.lk/result/17/,505
2025-07-21,605,supiri_dhana_sampatha,Supiri Dhana Sampatha,J,05;06;00;03;04;04,605 | 2025-Jul-21 Monday,dlb,https://www.dlb.lk/result/17/,506
2025-07-22,606,supiri_dhana_sampatha,Supiri Dhana Sampatha,B,04;03;06;06;08;03,606 | 2025-Jul-22 Tuesday,dlb,https://www.dlb.lk/result/17/,507
2025-07-23,607,supiri_dhana_sampatha,Supiri Dhana Sampatha,S,02;01;01;00;03;05,607 | 2025-Jul-23 Wednesday,dlb,https://www.dlb.lk/result/17/,508
2025-07-24,608,supiri_dhana_sampatha,Supiri Dhana Sampatha,C,02;03;02;02;01;06,608 | 2025-Jul-24 Thursday,dlb,https://www.dlb.lk/result/17/,509
2025-07-25,609,supiri_dhana_sampatha,Supiri Dhana Sampatha,A,02;01;02;05;03;09,609 | 2025-Jul-25 Friday,dlb,https://www.dlb.lk/result/17/,510
2025-07-26,610,supiri_dhana_sampatha,Supiri Dhana Sampatha,K,09;08;03;07;04;07,610 | 2025-Jul-26 Saturday,dlb,https://www.dlb.lk/result/17/,511
2025-07-27,611,supiri_dhana_sampatha,Supiri Dhana Sampatha,L,00;05;06;07;05;07,611 | 2025-Jul-27 Sunday,dlb,https://www.dlb.lk/result/17/,512
2025-07-28,612,supiri_dhana_sampatha,Supiri Dhana Sampatha,N,00;05;04;08;04;01,612 | 2025-Jul-28 Monday,dlb,https://www.dlb.lk/result/17/,513
2025-07-29,613,supiri_dhana_sampatha,Supiri Dhana Sampatha,D,01;05;01;02;05;07,613 | 2025-Jul-29 Tuesday,dlb,https://www.dlb.lk/result/17/,514
2025-07-30,614,supiri_dhana_sampatha,Supiri Dhana Sampatha,X,04;03;04;09;04;07,614 | 2025-Jul-30 Wednesday,dlb,https://www.dlb.lk/result/17/,515
2025-07-31,615,supiri_dhana_sampatha,Supiri Dhana Sampatha,K,01;07;05;08;01;00,615 | 2025-Jul-31 Thursday,dlb,https://www.dlb.lk/result/17/,516
2025-08-01,616,supiri_dhana_sampatha,Supiri Dhana Sampatha,B,09;02;08;06;05;06,616 | 2025-Aug-01 Friday,dlb,https://www.dlb.lk/result/17/,517
2025-08-02,617,supiri_dhana_sampatha,Supiri Dhana Sampatha,D,02;06;06;07;08;05,617 | 2025-Aug-02 Saturday,dlb,https://www.dlb.lk/result/17/,518
2025-08-03,618,supiri_dhana_sampatha,Supiri Dhana Sampatha,K,08;05;04;04;03;01,618 | 2025-Aug-03 Sunday,dlb,https://www.dlb.lk/result/17/,519
2025-08-04,619,supiri_dhana_sampatha,Supiri Dhana Sampatha,L,08;00;01;09;07;04,619 | 2025-Aug-04 Monday,dlb,https://www.dlb.lk/result/17/,520
2025-08-05,620,supiri_dhana_sampatha,Supiri Dhana Sampatha,W,03;00;08;04;06;06,620 | 2025-Aug-05 Tuesday,dlb,https://www.dlb.lk/result/17/,521
2025-08-06,621,supiri_dhana_sampatha,Supiri Dhana Sampatha,S,07;03;09;04;02;08,621 | 2025-Aug-06 Wednesday,dlb,https://www.dlb.lk/result/17/,522
2025-08-07,622,supiri_dhana_sampatha,Supiri Dhana Sampatha,C,02;07;01;07;06;03,622 | 2025-Aug-07 Thursday,dlb,https://www.dlb.lk/result/17/,523
2025-08-08,623,supiri_dhana_sampatha,Supiri Dhana Sampatha,D,04;05;01;01;04;03,623 | 2025-Aug-08 Friday,dlb,https://www.dlb.lk/result/17/,524
2025-08-09,624,supiri_dhana_sampatha,Supiri Dhana Sampatha,J,08;08;05;01;04;03,624 | 2025-Aug-09 Saturday,dlb,https://www.dlb.lk/result/17/,525
2025-08-10,625,supiri_dhana_sampatha,Supiri Dhana Sampatha,K,00;05;09;07;07;02,625 | 2025-Aug-10 Sunday,dlb,https://www.dlb.lk/result/17/,526
2025-08-11,626,supiri_dhana_sampatha,Supiri Dhana Sampatha,Z,02;00;07;04;04;03,626 | 2025-Aug-11 Monday,dlb,https://www.dlb.lk/result/17/,527
2025-08-12,627,supiri_dhana_sampatha,Supiri Dhana Sampatha,G,01;02;04;09;08;00,627 | 2025-Aug-12 Tuesday,dlb,https://www.dlb.lk/result/17/,528
2025-08-13,628,supiri_dhana_sampatha,Supiri Dhana Sampatha,M,00;09;04;03;01;09,628 | 2025-Aug-13 Wednesday,dlb,https://www.dlb.lk/result/17/,529
2025-08-14,629,supiri_dhana_sampatha,Supiri Dhana Sampatha,V,09;07;07;07;09;05,629 | 2025-Aug-14 Thursday,dlb,https://www.dlb.lk/result/17/,530
2025-08-15,630,supiri_dhana_sampatha,Supiri Dhana Sampatha,H,01;07;08;05;03;07,630 | 2025-Aug-15 Friday,dlb,https://www.dlb.lk/result/17/,531
2025-08-16,631,supiri_dhana_sampatha,Supiri Dhana Sampatha,E,01;04;07;01;01;04,631 | 2025-Aug-16 Saturday,dlb,https://www.dlb.lk/result/17/,532
2025-08-17,632,supiri_dhana_sampatha,Supiri Dhana Sampatha,N,00;03;07;07;06;04,632 | 2025-Aug-17 Sunday,dlb,https://www.dlb.lk/result/17/,533
2025-08-18,633,supiri_dhana_sampatha,Supiri Dhana Sampatha,A,00;06;06;02;09;08,633 | 2025-Aug-18 Monday,dlb,https://www.dlb.lk/result/17/,534
2025-08-19,634,supiri_dhana_sampatha,Supiri Dhana Sampatha,N,00;01;08;08;02;01,634 | 2025-Aug-19 Tuesday,dlb,https://www.dlb.lk/result/17/,535
2025-08-20,635,supiri_dhana_sampatha,Supiri Dhana Sampatha,X,05;04;06;08;07;01,635 | 2025-Aug-20 Wednesday,dlb,https://www.dlb.lk/result/17/,536
2025-08-21,636,supiri_dhana_sampatha,Supiri Dhana Sampatha,W,06;02;07;02;07;07,636 | 2025-Aug-21 Thursday,dlb,https://www.dlb.lk/result/17/,537
2025-08-22,637,supiri_dhana_sampatha,Supiri Dhana Sampatha,M,00;01;03;05;07;01,637 | 2025-Aug-22 Friday,dlb,https://www.dlb.lk/result/17/,538
2025-08-23,638,supiri_dhana_sampatha,Supiri Dhana Sampatha,A,02;02;08;08;05;04,638 | 2025-Aug-23 Saturday,dlb,https://www.dlb.lk/result/17/,539
2025-08-24,639,supiri_dhana_sampatha,Supiri Dhana Sampatha,R,05;07;08;01;07;07,639 | 2025-Aug-24 Sunday,dlb,https://www.dlb.lk/result/17/,540
2025-08-25,640,supiri_dhana_sampatha,Supiri Dhana Sampatha,E,00;06;00;06;05;09,640 | 2025-Aug-25 Monday,dlb,https://www.dlb.lk/result/17/,541
2025-08-26,641,supiri_dhana_sampatha,Supiri Dhana Sampatha,D,02;04;09;04;02;04,641 | 2025-Aug-26 Tuesday,dlb,https://www.dlb.lk/result/17/,542
2025-08-27,642,supiri_dhana_sampatha,Supiri Dhana Sampatha,C,01;05;08;04;06;03,642 | 2025-Aug-27 Wednesday,dlb,https://www.dlb.lk/result/17/,543
2025-08-28,643,supiri_dhana_sampatha,Supiri Dhana Sampatha,U,09;02;03;03;01;06,643 | 2025-Aug-28 Thursday,dlb,https://www.dlb.lk/result/17/,544
2025-08-29,644,supiri_dhana_sampatha,Supiri Dhana Sampatha,Q,02;01;01;03;00;05,644 | 2025-Aug-29 Friday,dlb,https://www.dlb.lk/result/17/,545
2025-08-30,645,supiri_dhana_sampatha,Supiri Dhana Sampatha,T,00;01;01;08;04;06,645 | 2025-Aug-30 Saturday,dlb,https://www.dlb.lk/result/17/,546
2025-08-31,646,supiri_dhana_sampatha,Supiri Dhana Sampatha,A,08;09;07;09;06;00,646 | 2025-Aug-31 Sunday,dlb,https://www.dlb.lk/result/17/,547
2025-09-01,647,supiri_dhana_sampatha,Supiri Dhana Sampatha,X,07;03;04;03;09;02,647 | 2025-Sep-01 Monday,dlb,https://www.dlb.lk/result/17/,548
2025-09-02,648,supiri_dhana_sampatha,Supiri Dhana Sampatha,P,08;01;00;08;01;04,648 | 2025-Sep-02 Tuesday,dlb,https://www.dlb.lk/result/17/,549
2025-09-03,649,supiri_dhana_sampatha,Supiri Dhana Sampatha,S,00;04;09;03;09;03,649 | 2025-Sep-03 Wednesday,dlb,https://www.dlb.lk/result/17/,550
2025-09-04,650,supiri_dhana_sampatha,Supiri Dhana Sampatha,M,09;08;07;09;03;00,650 | 2025-Sep-04 Thursday,dlb,https://www.dlb.lk/result/17/,551
2025-09-05,651,supiri_dhana_sampatha,Supiri Dhana Sampatha,Y,02;02;04;03;00;00,651 | 2025-Sep-05 Friday,dlb,https://www.dlb.lk/result/17/,552
2025-09-06,652,supiri_dhana_sampatha,Supiri Dhana Sampatha,T,01;04;09;07;01;01,652 | 2025-Sep-06 Saturday,dlb,https://www.dlb.lk/result/17/,553
2025-09-07,653,supiri_dhana_sampatha,Supiri Dhana Sampatha,S,07;01;01;05;08;03,653 | 2025-Sep-07 Sunday,dlb,https://www.dlb.lk/result/17/,554
2025-09-08,654,supiri_dhana_sampatha,Supiri Dhana Sampatha,G,00;00;04;06;04;09,654 | 2025-Sep-08 Monday,dlb,https://www.dlb.lk/result/17/,555
2025-09-09,655,supiri_dhana_sampatha,Supiri Dhana Sampatha,T,01;02;00;06;00;02,655 | 2025-Sep-09 Tuesday,dlb,https://www.dlb.lk/result/17/,556
2025-09-10,656,supiri_dhana_sampatha,Supiri Dhana Sampatha,A,04;05;02;05;03;07,656 | 2025-Sep-10 Wednesday,dlb,https://www.dlb.lk/result/17/,557
2025-09-11,657,supiri_dhana_sampatha,Supiri Dhana Sampatha,A,04;02;07;05;05;05,657 | 2025-Sep-11 Thursday,dlb,https://www.dlb.lk/result/17/,558
2025-09-12,658,supiri_dhana_sampatha,Supiri Dhana Sampatha,U,02;07;08;08;00;09,658 | 2025-Sep-12 Friday,dlb,https://www.dlb.lk/result/17/,559
2025-09-13,659,supiri_dhana_sampatha,Supiri Dhana Sampatha,H,04;06;00;03;03;02,659 | 2025-Sep-13 Saturday,dlb,https://www.dlb.lk/result/17/,560
2025-09-14,660,supiri_dhana_sampatha,Supiri Dhana Sampatha,F,07;00;01;06;03;08,660 | 2025-Sep-14 Sunday,dlb,https://www.dlb.lk/result/17/,561
2025-09-15,661,supiri_dhana_sampatha,Supiri Dhana Sampatha,M,02;07;04;08;06;09,661 | 2025-Sep-15 Monday,dlb,https://www.dlb.lk/result/17/,562
2025-09-16,662,supiri_dhana_sampatha,Supiri Dhana Sampatha,C,05;01;04;03;01;05,662 | 2025-Sep-16 Tuesday,dlb,https://www.dlb.lk/result/17/,563
2025-09-17,663,supiri_dhana_sampatha,Supiri Dhana Sampatha,F,01;02;00;02;07;09,663 | 2025-Sep-17 Wednesday,dlb,https://www.dlb.lk/result/17/,564
2025-09-18,664,supiri_dhana_sampatha,Supiri Dhana Sampatha,Y,02;07;05;06;05;03,664 | 2025-Sep-18 Thursday,dlb,https://www.dlb.lk/result/17/,565
2025-09-19,665,supiri_dhana_sampatha,Supiri Dhana Sampatha,B,02;06;09;01;07;01,665 | 2025-Sep-19 Friday,dlb,https://www.dlb.lk/result/17/,566
2025-09-20,666,supiri_dhana_sampatha,Supiri Dhana Sampatha,D,04;01;09;03;09;00,666 | 2025-Sep-20 Saturday,dlb,https://www.dlb.lk/result/17/,567
2025-09-21,667,supiri_dhana_sampatha,Supiri Dhana Sampatha,T,06;07;07;07;09;02,667 | 2025-Sep-21 Sunday,dlb,https://www.dlb.lk/result/17/,568
2025-09-22,668,supiri_dhana_sampatha,Supiri Dhana Sampatha,L,00;05;04;02;07;03,668 | 2025-Sep-22 Monday,dlb,https://www.dlb.lk/result/17/,569
2025-09-23,669,supiri_dhana_sampatha,Supiri Dhana Sampatha,E,03;08;06;00;09;01,669 | 2025-Sep-23 Tuesday,dlb,https://www.dlb.lk/result/17/,570
2025-09-24,670,supiri_dhana_sampatha,Supiri Dhana Sampatha,H,07;04;00;08;03;08,670 | 2025-Sep-24 Wednesday,dlb,https://www.dlb.lk/result/17/,571
2025-09-25,671,supiri_dhana_sampatha,Supiri Dhana Sampatha,G,04;06;03;08;04;02,671 | 2025-Sep-25 Thursday,dlb,https://www.dlb.lk/result/17/,572
2025-09-26,672,supiri_dhana_sampatha,Supiri Dhana Sampatha,S,00;05;07;04;09;09,672 | 2025-Sep-26 Friday,dlb,https://www.dlb.lk/result/17/,573
2025-09-27,673,supiri_dhana_sampatha,Supiri Dhana Sampatha,F,04;08;01;01;06;08,673 | 2025-Sep-27 Saturday,dlb,https://www.dlb.lk/result/17/,574
2025-09-28,674,supiri_dhana_sampatha,Supiri Dhana Sampatha,M,03;07;00;08;05;06,674 | 2025-Sep-28 Sunday,dlb,https://www.dlb.lk/result/17/,575
2025-09-29,675,supiri_dhana_sampatha,Supiri Dhana Sampatha,N,05;00;00;06;01;02,675 | 2025-Sep-29 Monday,dlb,https://www.dlb.lk/result/17/,576
2025-09-30,676,supiri_dhana_sampatha,Supiri Dhana Sampatha,N,02;09;05;04;08;00,676 | 2025-Sep-30 Tuesday,dlb,https://www.dlb.lk/result/17/,577
2025-10-01,677,supiri_dhana_sampatha,Supiri Dhana Sampatha,X,00;05;04;04;08;05,677 | 2025-Oct-01 Wednesday,dlb,https://www.dlb.lk/result/17/,578
2025-10-02,678,supiri_dhana_sampatha,Supiri Dhana Sampatha,A,08;01;00;05;03;05,678 | 2025-Oct-02 Thursday,dlb,https://www.dlb.lk/result/17/,579
2025-10-03,679,supiri_dhana_sampatha,Supiri Dhana Sampatha,T,03;06;06;01;09;00,679 | 2025-Oct-03 Friday,dlb,https://www.dlb.lk/result/17/,580
2025-10-04,680,supiri_dhana_sampatha,Supiri Dhana Sampatha,N,05;08;06;08;05;04,680 | 2025-Oct-04 Saturday,dlb,https://www.dlb.lk/result/17/,581
2025-10-05,681,supiri_dhana_sampatha,Supiri Dhana Sampatha,D,06;03;07;02;03;02,681 | 2025-Oct-05 Sunday,dlb,https://www.dlb.lk/result/17/,582
2025-10-06,682,supiri_dhana_sampatha,Supiri Dhana Sampatha,T,05;03;01;09;05;07,682 | 2025-Oct-06 Monday,dlb,https://www.dlb.lk/result/17/,583
2025-10-07,683,supiri_dhana_sampatha,Supiri Dhana Sampatha,O,04;08;01;05;00;06,683 | 2025-Oct-07 Tuesday,dlb,https://www.dlb.lk/result/17/,584
2025-10-08,684,supiri_dhana_sampatha,Supiri Dhana Sampatha,E,06;04;01;03;00;08,684 | 2025-Oct-08 Wednesday,dlb,https://www.dlb.lk/result/17/,585
2025-10-09,685,supiri_dhana_sampatha,Supiri Dhana Sampatha,R,07;08;04;02;00;09,685 | 2025-Oct-09 Thursday,dlb,https://www.dlb.lk/result/17/,586
2025-10-10,686,supiri_dhana_sampatha,Supiri Dhana Sampatha,G,09;00;08;03;06;07,686 | 2025-Oct-10 Friday,dlb,https://www.dlb.lk/result/17/,587
2025-10-11,687,supiri_dhana_sampatha,Supiri Dhana Sampatha,T,06;01;02;02;02;04,687 | 2025-Oct-11 Saturday,dlb,https://www.dlb.lk/result/17/,588
2025-10-12,688,supiri_dhana_sampatha,Supiri Dhana Sampatha,N,08;01;04;01;07;00,688 | 2025-Oct-12 Sunday,dlb,https://www.dlb.lk/result/17/,589
2025-10-13,689,supiri_dhana_sampatha,Supiri Dhana Sampatha,V,03;01;00;08;03;00,689 | 2025-Oct-13 Monday,dlb,https://www.dlb.lk/result/17/,590
2025-10-14,690,supiri_dhana_sampatha,Supiri Dhana Sampatha,T,01;07;05;07;02;09,690 | 2025-Oct-14 Tuesday,dlb,https://www.dlb.lk/result/17/,591
2025-10-15,691,supiri_dhana_sampatha,Supiri Dhana Sampatha,C,01;04;05;02;05;00,691 | 2025-Oct-15 Wednesday,dlb,https://www.dlb.lk/result/17/,592
2025-10-16,692,supiri_dhana_sampatha,Supiri Dhana Sampatha,S,09;02;03;02;05;05,692 | 2025-Oct-16 Thursday,dlb,https://www.dlb.lk/result/17/,593
2025-10-17,693,supiri_dhana_sampatha,Supiri Dhana Sampatha,M,00;07;01;01;05;08,693 | 2025-Oct-17 Friday,dlb,https://www.dlb.lk/result/17/,594
2025-10-18,694,supiri_dhana_sampatha,Supiri Dhana Sampatha,P,05;07;07;05;02;09,694 | 2025-Oct-18 Saturday,dlb,https://www.dlb.lk/result/17/,595
2025-10-19,695,supiri_dhana_sampatha,Supiri Dhana Sampatha,P,06;08;06;04;05;04,695 | 2025-Oct-19 Sunday,dlb,https://www.dlb.lk/result/17/,596
2025-10-20,696,supiri_dhana_sampatha,Supiri Dhana Sampatha,C,03;08;04;06;04;02,696 | 2025-Oct-20 Monday,dlb,https://www.dlb.lk/result/17/,597
2025-10-21,697,supiri_dhana_sampatha,Supiri Dhana Sampatha,K,04;03;04;06;02;03,697 | 2025-Oct-21 Tuesday,dlb,https://www.dlb.lk/result/17/,598
2025-10-22,698,supiri_dhana_sampatha,Supiri Dhana Sampatha,Y,00;00;09;08;03;02,698 | 2025-Oct-22 Wednesday,dlb,https://www.dlb.lk/result/17/,599
2025-10-23,699,supiri_dhana_sampatha,Supiri Dhana Sampatha,F,00;06;04;04;07;05,699 | 2025-Oct-23 Thursday,dlb,https://www.dlb.lk/result/17/,600
2025-10-24,700,supiri_dhana_sampatha,Supiri Dhana Sampatha,F,06;06;04;04;08;04,700 | 2025-Oct-24 Friday,dlb,https://www.dlb.lk/result/17/,601
2025-10-25,701,supiri_dhana_sampatha,Supiri Dhana Sampatha,W,01;09;03;02;02;04,701 | 2025-Oct-25 Saturday,dlb,https://www.dlb.lk/result/17/,602
2025-10-26,702,supiri_dhana_sampatha,Supiri Dhana Sampatha,Y,02;08;07;05;08;03,702 | 2025-Oct-26 Sunday,dlb,https://www.dlb.lk/result/17/,603
2025-10-27,703,supiri_dhana_sampatha,Supiri Dhana Sampatha,N,06;03;00;00;09;03,703 | 2025-Oct-27 Monday,dlb,https://www.dlb.lk/result/17/,604
2025-10-28,704,supiri_dhana_sampatha,Supiri Dhana Sampatha,O,03;02;07;03;05;07,704 | 2025-Oct-28 Tuesday,dlb,https://www.dlb.lk/result/17/,605
2025-10-29,705,supiri_dhana_sampatha,Supiri Dhana Sampatha,A,09;03;09;01;02;04,705 | 2025-Oct-29 Wednesday,dlb,https://www.dlb.lk/result/17/,606
2025-10-30,706,supiri_dhana_sampatha,Supiri Dhana Sampatha,M,00;03;04;05;00;09,706 | 2025-Oct-30 Thursday,dlb,https://www.dlb.lk/result/17/,607
2025-10-31,707,supiri_dhana_sampatha,Supiri Dhana Sampatha,Q,09;08;03;03;07;03,707 | 2025-Oct-31 Friday,dlb,https://www.dlb.lk/result/17/,608
2025-11-01,708,supiri_dhana_sampatha,Supiri Dhana Sampatha,B,03;04;08;06;06;09,708 | 2025-Nov-01 Saturday,dlb,https://www.dlb.lk/result/17/,609
2025-11-02,709,supiri_dhana_sampatha,Supiri Dhana Sampatha,R,02;06;06;05;04;08,709 | 2025-Nov-02 Sunday,dlb,https://www.dlb.lk/result/17/,610
2025-11-03,710,supiri_dhana_sampatha,Supiri Dhana Sampatha,F,01;00;09;05;07;03,710 | 2025-Nov-03 Monday,dlb,https://www.dlb.lk/result/17/,611
2025-11-04,711,supiri_dhana_sampatha,Supiri Dhana Sampatha,J,06;01;05;08;09;02,711 | 2025-Nov-04 Tuesday,dlb,https://www.dlb.lk/result/17/,612
2025-11-05,712,supiri_dhana_sampatha,Supiri Dhana Sampatha,O,05;01;04;05;03;02,712 | 2025-Nov-05 Wednesday,dlb,https://www.dlb.lk/result/17/,613
2025-11-06,713,supiri_dhana_sampatha,Supiri Dhana Sampatha,L,04;02;03;04;07;08,713 | 2025-Nov-06 Thursday,dlb,https://www.dlb.lk/result/17/,614
2025-11-07,714,supiri_dhana_sampatha,Supiri Dhana Sampatha,B,05;03;07;00;09;07,714 | 2025-Nov-07 Friday,dlb,https://www.dlb.lk/result/17/,615
2025-11-08,715,supiri_dhana_sampatha,Supiri Dhana Sampatha,A,02;06;08;06;00;06,715 | 2025-Nov-08 Saturday,dlb,https://www.dlb.lk/result/17/,616
2025-11-09,716,supiri_dhana_sampatha,Supiri Dhana Sampatha,Z,04;08;07;06;07;04,716 | 2025-Nov-09 Sunday,dlb,https://www.dlb.lk/result/17/,617
2025-11-10,717,supiri_dhana_sampatha,Supiri Dhana Sampatha,U,04;04;00;05;00;09,717 | 2025-Nov-10 Monday,dlb,https://www.dlb.lk/result/17/,618
2025-11-11,718,supiri_dhana_sampatha,Supiri Dhana Sampatha,X,04;02;02;01;01;05,718 | 2025-Nov-11 Tuesday,dlb,https://www.dlb.lk/result/17/,619
2025-11-12,719,supiri_dhana_sampatha,Supiri Dhana Sampatha,M,07;03;03;03;07;03,719 | 2025-Nov-12 Wednesday,dlb,https://www.dlb.lk/result/17/,620
2025-11-13,720,supiri_dhana_sampatha,Supiri Dhana Sampatha,B,02;04;02;08;00;09,720 | 2025-Nov-13 Thursday,dlb,https://www.dlb.lk/result/17/,621
2025-11-14,721,supiri_dhana_sampatha,Supiri Dhana Sampatha,T,00;07;06;06;09;01,721 | 2025-Nov-14 Friday,dlb,https://www.dlb.lk/result/17/,622
2025-11-15,722,supiri_dhana_sampatha,Supiri Dhana Sampatha,S,06;01;02;03;04;00,722 | 2025-Nov-15 Saturday,dlb,https://www.dlb.lk/result/17/,623
2025-11-16,723,supiri_dhana_sampatha,Supiri Dhana Sampatha,Z,02;05;06;09;01;03,723 | 2025-Nov-16 Sunday,dlb,https://www.dlb.lk/result/17/,624
2025-11-17,724,supiri_dhana_sampatha,Supiri Dhana Sampatha,X,06;06;05;01;00;04,724 | 2025-Nov-17 Monday,dlb,https://www.dlb.lk/result/17/,625
2025-11-18,725,supiri_dhana_sampatha,Supiri Dhana Sampatha,X,07;05;03;00;04;02,725 | 2025-Nov-18 Tuesday,dlb,https://www.dlb.lk/result/17/,626
2025-11-19,726,supiri_dhana_sampatha,Supiri Dhana Sampatha,H,00;08;03;07;02;05,726 | 2025-Nov-19 Wednesday,dlb,https://www.dlb.lk/result/17/,627
2025-11-20,727,supiri_dhana_sampatha,Supiri Dhana Sampatha,J,05;05;01;03;05;01,727 | 2025-Nov-20 Thursday,dlb,https://www.dlb.lk/result/17/,628
2025-11-21,728,supiri_dhana_sampatha,Supiri Dhana Sampatha,W,06;06;02;08;07;01,728 | 2025-Nov-21 Friday,dlb,https://www.dlb.lk/result/17/,629
2025-11-22,729,supiri_dhana_sampatha,Supiri Dhana Sampatha,D,01;00;03;03;03;00,729 | 2025-Nov-22 Saturday,dlb,https://www.dlb.lk/result/17/,630
2025-11-23,730,supiri_dhana_sampatha,Supiri Dhana Sampatha,O,04;03;07;03;00;09,730 | 2025-Nov-23 Sunday,dlb,https://www.dlb.lk/result/17/,631
2025-11-24,731,supiri_dhana_sampatha,Supiri Dhana Sampatha,Q,03;04;07;07;05;06,731 | 2025-Nov-24 Monday,dlb,https://www.dlb.lk/result/17/,632
2025-11-25,732,supiri_dhana_sampatha,Supiri Dhana Sampatha,M,03;09;05;08;04;02,732 | 2025-Nov-25 Tuesday,dlb,https://www.dlb.lk/result/17/,633
2025-11-26,733,supiri_dhana_sampatha,Supiri Dhana Sampatha,X,09;02;00;06;09;06,733 | 2025-Nov-26 Wednesday,dlb,https://www.dlb.lk/result/17/,634
2025-11-27,734,supiri_dhana_sampatha,Supiri Dhana Sampatha,T,06;07;09;09;01;07,734 | 2025-Nov-27 Thursday,dlb,https://www.dlb.lk/result/17/,635
2025-11-28,735,supiri_dhana_sampatha,Supiri Dhana Sampatha,M,04;06;09;05;08;04,735 | 2025-Nov-28 Friday,dlb,https://www.dlb.lk/result/17/,636
2025-11-29,736,supiri_dhana_sampatha,Supiri Dhana Sampatha,M,01;06;00;01;05;06,736 | 2025-Nov-29 Saturday,dlb,https://www.dlb.lk/result/17/,637
2025-11-30,737,supiri_dhana_sampatha,Supiri Dhana Sampatha,A,05;03;08;08;04;02,737 | 2025-Nov-30 Sunday,dlb,https://www.dlb.lk/result/17/,638
2025-12-01,738,supiri_dhana_sampatha,Supiri Dhana Sampatha,Z,06;08;07;00;04;06,738 | 2025-Dec-01 Monday,dlb,https://www.dlb.lk/result/17/,639
2025-12-02,739,supiri_dhana_sampatha,Supiri Dhana Sampatha,G,05;03;09;08;06;05,739 | 2025-Dec-02 Tuesday,dlb,https://www.dlb.lk/result/17/,640
2025-12-03,740,supiri_dhana_sampatha,Supiri Dhana Sampatha,V,01;05;03;03;04;01,740 | 2025-Dec-03 Wednesday,dlb,https://www.dlb.lk/result/17/,641
2025-12-04,741,supiri_dhana_sampatha,Supiri Dhana Sampatha,P,05;08;01;07;07;00,741 | 2025-Dec-04 Thursday,dlb,https://www.dlb.lk/result/17/,642
2025-12-05,742,supiri_dhana_sampatha,Supiri Dhana Sampatha,A,00;08;02;02;02;08,742 | 2025-Dec-05 Friday,dlb,https://www.dlb.lk/result/17/,643
2025-12-06,743,supiri_dhana_sampatha,Supiri Dhana Sampatha,N,09;07;07;04;05;05,743 | 2025-Dec-06 Saturday,dlb,https://www.dlb.lk/result/17/,644
2025-12-07,744,supiri_dhana_sampatha,Supiri Dhana Sampatha,A,07;06;05;00;08;00,744 | 2025-Dec-07 Sunday,dlb,https://www.dlb.lk/result/17/,645
2025-12-08,745,supiri_dhana_sampatha,Supiri Dhana Sampatha,C,00;03;01;08;02;05,745 | 2025-Dec-08 Monday,dlb,https://www.dlb.lk/result/17/,646
2025-12-09,746,supiri_dhana_sampatha,Supiri Dhana Sampatha,G,03;01;01;08;07;05,746 | 2025-Dec-09 Tuesday,dlb,https://www.dlb.lk/result/17/,647
2025-12-10,747,supiri_dhana_sampatha,Supiri Dhana Sampatha,C,00;01;08;09;00;03,747 | 2025-Dec-10 Wednesday,dlb,https://www.dlb.lk/result/17/,648
2025-12-11,748,supiri_dhana_sampatha,Supiri Dhana Sampatha,T,05;07;04;08;05;02,748 | 2025-Dec-11 Thursday,dlb,https://www.dlb.lk/result/17/,649
2025-12-12,749,supiri_dhana_sampatha,Supiri Dhana Sampatha,C,03;09;02;09;05;02,749 | 2025-Dec-12 Friday,dlb,https://www.dlb.lk/result/17/,650
2025-12-13,750,supiri_dhana_sampatha,Supiri Dhana Sampatha,P,04;00;03;02;05;08,750 | 2025-Dec-13 Saturday,dlb,https://www.dlb.lk/result/17/,651
2025-12-14,751,supiri_dhana_sampatha,Supiri Dhana Sampatha,C,02;05;03;07;09;05,751 | 2025-Dec-14 Sunday,dlb,https://www.dlb.lk/result/17/,652
2025-12-15,752,supiri_dhana_sampatha,Supiri Dhana Sampatha,J,02;02;08;03;05;09,752 | 2025-Dec-15 Monday,dlb,https://www.dlb.lk/result/17/,653
2025-12-16,753,supiri_dhana_sampatha,Supiri Dhana Sampatha,G,04;05;05;01;07;02,753 | 2025-Dec-16 Tuesday,dlb,https://www.dlb.lk/result/17/,654
2025-12-17,754,supiri_dhana_sampatha,Supiri Dhana Sampatha,V,09;04;07;00;07;07,754 | 2025-Dec-17 Wednesday,dlb,https://www.dlb.lk/result/17/,655
2025-12-18,755,supiri_dhana_sampatha,Supiri Dhana Sampatha,N,00;08;01;03;08;06,755 | 2025-Dec-18 Thursday,dlb,https://www.dlb.lk/result/17/,656
2025-12-19,756,supiri_dhana_sampatha,Supiri Dhana Sampatha,P,07;02;03;04;01;01,756 | 2025-Dec-19 Friday,dlb,https://www.dlb.lk/result/17/,657
2025-12-20,757,supiri_dhana_sampatha,Supiri Dhana Sampatha,B,03;02;05;02;00;00,757 | 2025-Dec-20 Saturday,dlb,https://www.dlb.lk/result/17/,658
2025-12-21,758,supiri_dhana_sampatha,Supiri Dhana Sampatha,P,04;04;08;02;07;06,758 | 2025-Dec-21 Sunday,dlb,https://www.dlb.lk/result/17/,659
2025-12-22,759,supiri_dhana_sampatha,Supiri Dhana Sampatha,F,02;06;01;03;06;03,759 | 2025-Dec-22 Monday,dlb,https://www.dlb.lk/result/17/,660
2025-12-23,760,supiri_dhana_sampatha,Supiri Dhana Sampatha,F,08;05;06;02;02;06,760 | 2025-Dec-23 Tuesday,dlb,https://www.dlb.lk/result/17/,661
2025-12-24,761,supiri_dhana_sampatha,Supiri Dhana Sampatha,S,04;07;04;00;04;02,761 | 2025-Dec-24 Wednesday,dlb,https://www.dlb.lk/result/17/,662
2025-12-25,762,supiri_dhana_sampatha,Supiri Dhana Sampatha,F,01;05;09;03;03;06,762 | 2025-Dec-25 Thursday,dlb,https://www.dlb.lk/result/17/,663
2025-12-26,763,supiri_dhana_sampatha,Supiri Dhana Sampatha,P,02;05;05;02;06;00,763 | 2025-Dec-26 Friday,dlb,https://www.dlb.lk/result/17/,664
2025-12-27,764,supiri_dhana_sampatha,Supiri Dhana Sampatha,L,07;01;03;09;03;07,764 | 2025-Dec-27 Saturday,dlb,https://www.dlb.lk/result/17/,665
2025-12-28,765,supiri_dhana_sampatha,Supiri Dhana Sampatha,V,07;02;09;01;08;07,765 | 2025-Dec-28 Sunday,dlb,https://www.dlb.lk/result/17/,666
2025-12-29,766,supiri_dhana_sampatha,Supiri Dhana Sampatha,D,08;03;00;01;00;01,766 | 2025-Dec-29 Monday,dlb,https://www.dlb.lk/result/17/,667
2025-12-30,767,supiri_dhana_sampatha,Supiri Dhana Sampatha,V,05;04;04;04;07;07,767 | 2025-Dec-30 Tuesday,dlb,https://www.dlb.lk/result/17/,668
2025-12-31,768,supiri_dhana_sampatha,Supiri Dhana Sampatha,Z,03;03;04;00;04;00,768 | 2025-Dec-31 Wednesday,dlb,https://www.dlb.lk/result/17/,669
2026-01-01,769,supiri_dhana_sampatha,Supiri Dhana Sampatha,X,02;06;02;04;02;02,769 | 2026-Jan-01 Thursday,dlb,https://www.dlb.lk/result/17/,670
2026-01-02,770,supiri_dhana_sampatha,Supiri Dhana Sampatha,T,07;09;09;02;04;02,770 | 2026-Jan-02 Friday,dlb,https://www.dlb.lk/result/17/,671
2026-01-03,771,supiri_dhana_sampatha,Supiri Dhana Sampatha,R,05;08;03;02;04;01,771 | 2026-Jan-03 Saturday,dlb,https://www.dlb.lk/result/17/,672
2026-01-04,772,supiri_dhana_sampatha,Supiri Dhana Sampatha,S,00;04;08;05;08;01,772 | 2026-Jan-04 Sunday,dlb,https://www.dlb.lk/result/17/,673
2026-01-05,773,supiri_dhana_sampatha,Supiri Dhana Sampatha,B,08;05;08;04;02;01,773 | 2026-Jan-05 Monday,dlb,https://www.dlb.lk/result/17/,674
2026-01-06,774,supiri_dhana_sampatha,Supiri Dhana Sampatha,K,06;08;00;03;00;06,774 | 2026-Jan-06 Tuesday,dlb,https://www.dlb.lk/result/17/,675
2026-01-07,775,supiri_dhana_sampatha,Supiri Dhana Sampatha,B,04;07;04;08;00;04,775 | 2026-Jan-07 Wednesday,dlb,https://www.dlb.lk/result/17/,676
2026-01-08,776,supiri_dhana_sampatha,Supiri Dhana Sampatha,C,07;05;08;07;04;07,776 | 2026-Jan-08 Thursday,dlb,https://www.dlb.lk/result/17/,677
2026-01-09,777,supiri_dhana_sampatha,Supiri Dhana Sampatha,M,00;09;07;03;00;06,777 | 2026-Jan-09 Friday,dlb,https://www.dlb.lk/result/17/,678
2026-01-10,778,supiri_dhana_sampatha,Supiri Dhana Sampatha,T,08;04;04;02;00;04,778 | 2026-Jan-10 Saturday,dlb,https://www.dlb.lk/result/17/,679
2026-01-11,779,supiri_dhana_sampatha,Supiri Dhana Sampatha,U,08;05;04;01;03;03,779 | 2026-Jan-11 Sunday,dlb,https://www.dlb.lk/result/17/,680
