draw_date,draw_id,game,game_name,letter,numbers,raw_text,source,url,draw_sequence
2023-11-16,2100,ada_kotipathi,Ada Kotipathi,G,40;51;52;55,2100 | 2023-Nov-16 Thursday,dlb,https://www.dlb.lk/result/11/,1
2023-11-17,2101,ada_kotipathi,Ada Kotipathi,S,20;35;38;47,2101 | 2023-Nov-17 Friday,dlb,https://www.dlb.lk/result/11/,2
2023-11-18,2102,ada_kotipathi,Ada Kotipathi,A,10;28;48;59,2102 | 2023-Nov-18 Saturday,dlb,https://www.dlb.lk/result/11/,3
2023-11-19,2103,ada_kotipathi,Ada Kotipathi,P,11;12;37;53,2103 | 2023-Nov-19 Sunday,dlb,https://www.dlb.lk/result/11/,4
2023-11-20,2104,ada_kotipathi,Ada Kotipathi,A,09;36;48;65,2104 | 2023-Nov-20 Monday,dlb,https://www.dlb.lk/result/11/,5
2023-11-21,2105,ada_kotipathi,Ada Kotipathi,V,05;20;65;73,2105 | 2023-Nov-21 Tuesday,dlb,https://www.dlb.lk/result/11/,6
2023-11-22,2106,ada_kotipathi,Ada Kotipathi,N,21;28;54;60,2106 | 2023-Nov-22 Wednesday,dlb,https://www.dlb.lk/result/11/,7
2023-11-23,2107,ada_kotipathi,Ada Kotipathi,M,22;33;48;57,2107 | 2023-Nov-23 Thursday,dlb,https://www.dlb.lk/result/11/,8
2023-11-24,2108,ada_kotipathi,Ada Kotipathi,R,04;23;28;44,2108 | 2023-Nov-24 Friday,dlb,https://www.dlb.lk/result/11/,9
2023-11-25,2109,ada_kotipathi,Ada Kotipathi,N,08;15;16;72,2109 | 2023-Nov-25 Saturday,dlb,https://www.dlb.lk/result/11/,10
2023-11-26,2110,ada_kotipathi,Ada Kotipathi,C,03;07;42;57,2110 | 2023-Nov-26 Sunday,dlb,https://www.dlb.lk/result/11/,11
2023-11-27,2111,ada_kotipathi,Ada Kotipathi,C,10;46;57;58,2111 | 2023-Nov-27 Monday,dlb,https://www.dlb.lk/result/11/,12
2023-11-28,2112,ada_kotipathi,Ada Kotipathi,S,17;19;40;42,2112 | 2023-Nov-28 Tuesday,dlb,https://www.dlb.lk/result/11/,13
2023-11-29,2113,ada_kotipathi,Ada Kotipathi,I,02;34;60;68,2113 | 2023-Nov-29 Wednesday,dlb,https://www.dlb.lk/result/11/,14
2023-11-30,2114,ada_kotipathi,Ada Kotipathi,T,08;52;64;76,2114 | 2023-Nov-30 Thursday,dlb,https://www.dlb.lk/result/11/,15
2023-12-01,2115,ada_kotipathi,Ada Kotipathi,Q,24;32;40;75,2115 | 2023-Dec-01 Friday,dlb,https://www.dlb.lk/result/11/,16
2023-12-02,2116,ada_kotipathi,Ada Kotipathi,M,11;22;26;52,2116 | 2023-Dec-02 Saturday,dlb,https://www.dlb.lk/result/11/,17
2023-12-03,2117,ada_kotipathi,Ada Kotipathi,C,28;61;63;69,2117 | 2023-Dec-03 Sunday,dlb,https://www.dlb.lk/result/11/,18
2023-12-04,2118,ada_kotipathi,Ada Kotipathi,I,23;53;54;60,2118 | 2023-Dec-04 Monday,dlb,https://www.dlb.lk/result/11/,19
2023-12-05,2119,ada_kotipathi,Ada Kotipathi,Q,22;24;41;68,2119 | 2023-Dec-05 Tuesday,dlb,https://www.dlb.lk/result/11/,20
2023-12-06,2120,ada_kotipathi,Ada Kotipathi,E,22;38;41;62,2120 | 2023-Dec-06 Wednesday,dlb,https://www.dlb.lk/result/11/,21
2023-12-07,2121,ada_kotipathi,Ada Kotipathi,Y,36;51;57;59,2121 | 2023-Dec-07 Thursday,dlb,https://www.dlb.lk/result/11/,22
2023-12-08,2122,ada_kotipathi,Ada Kotipathi,E,07;11;36;49,2122 | 2023-Dec-08 Friday,dlb,https://www.dlb.lk/result/11/,23
2023-12-09,2123,ada_kotipathi,Ada Kotipathi,B,50;53;57;66,2123 | 2023-Dec-09 Saturday,dlb,https://www.dlb.lk/result/11/,24
2023-12-10,2124,ada_kotipathi,Ada Kotipathi,O,15;34;43;76,2124 | 2023-Dec-10 Sunday,dlb,https://www.dlb.lk/result/11/,25
2023-12-11,2125,ada_kotipathi,Ada Kotipathi,D,11;15;27;74,2125 | 2023-Dec-11 Monday,dlb,https://www.dlb.lk/result/11/,26
2023-12-12,2126,ada_kotipathi,Ada Kotipathi,K,19;38;52;72,2126 | 2023-Dec-12 Tuesday,dlb,https://www.dlb.lk/result/11/,27
2023-12-13,2127,ada_kotipathi,Ada Kotipathi,T,11;20;50;76,2127 | 2023-Dec-13 Wednesday,dlb,https://www.dlb.lk/result/11/,28
2023-12-14,2128,ada_kotipathi,Ada Kotipathi,S,04;09;17;52,2128 | 2023-Dec-14 Thursday,dlb,https://www.dlb.lk/result/11/,29
2023-12-15,2129,ada_kotipathi,Ada Kotipathi,G,57;70;74;75,2129 | 2023-Dec-15 Friday,dlb,https://www.dlb.lk/result/11/,30
2023-12-16,2130,ada_kotipathi,Ada Kotipathi,V,09;34;74;76,2130 | 2023-Dec-16 Saturday,dlb,https://www.dlb.lk/result/11/,31
2023-12-17,2131,ada_kotipathi,Ada Kotipathi,W,16;36;70;76,2131 | 2023-Dec-17 Sunday,dlb,https://www.dlb.lk/result/11/,32
2023-12-18,2132,ada_kotipathi,Ada Kotipathi,X,01;18;23;64,2132 | 2023-Dec-18 Monday,dlb,https://www.dlb.lk/result/11/,33
2023-12-19,2133,ada_kotipathi,Ada Kotipathi,K,32;36;60;73,2133 | 2023-Dec-19 Tuesday,dlb,https://www.dlb.lk/result/11/,34
2023-12-20,2134,ada_kotipathi,Ada Kotipathi,I,29;34;37;42,2134 | 2023-Dec-20 Wednesday,dlb,https://www.dlb.lk/result/11/,35
2023-12-21,2135,ada_kotipathi,Ada Kotipathi,C,02;11;29;33,2135 | 2023-Dec-21 Thursday,dlb,https://www.dlb.lk/result/11/,36
2023-12-22,2136,ada_kotipathi,Ada Kotipathi,A,12;56;60;75,2136 | 2023-Dec-22 Friday,dlb,https://www.dlb.lk/result/11/,37
2023-12-23,2137,ada_kotipathi,Ada Kotipathi,N,03;19;41;55,2137 | 2023-Dec-23 Saturday,dlb,https://www.dlb.lk/result/11/,38
2023-12-24,2138,ada_kotipathi,Ada Kotipathi,N,02;05;19;62,2138 | 2023-Dec-24 Sunday,dlb,https://www.dlb.lk/result/11/,39
2023-12-25,2139,ada_kotipathi,Ada Kotipathi,U,39;55;60;66,2139 | 2023-Dec-25 Monday,dlb,https://www.dlb.lk/result/11/,40
2023-12-26,2140,ada_kotipathi,Ada Kotipathi,D,01;30;53;59,2140 | 2023-Dec-26 Tuesday,dlb,https://www.dlb.lk/result/11/,41
2023-12-27,2141,ada_kotipathi,Ada Kotipathi,E,02;39;68;74,2141 | 2023-Dec-27 Wednesday,dlb,https://www.dlb.lk/result/11/,42
2023-12-28,2142,ada_kotipathi,Ada Kotipathi,B,01;34;68;74,2142 | 2023-Dec-28 Thursday,dlb,https://www.dlb.lk/result/11/,43
2023-12-29,2143,ada_kotipathi,Ada Kotipathi,Q,29;41;68;73,2143 | 2023-Dec-29 Friday,dlb,https://www.dlb.lk/result/11/,44
2023-12-30,2144,ada_kotipathi,Ada Kotipathi,R,32;37;56;75,2144 | 2023-Dec-30 Saturday,dlb,https://www.dlb.lk/result/11/,45
2023-12-31,2145,ada_kotipathi,Ada Kotipathi,L,07;53;62;73,2145 | 2023-Dec-31 Sunday,dlb,https://www.dlb.lk/result/11/,46
2024-01-01,2146,ada_kotipathi,Ada Kotipathi,E,10;20;52;64,2146 | 2024-Jan-01 Monday,dlb,https://www.dlb.lk/result/11/,47
2024-01-02,2147,ada_kotipathi,Ada Kotipathi,W,13;16;38;60,2147 | 2024-Jan-02 Tuesday,dlb,https://www.dlb.lk/result/11/,48
2024-01-03,2148,ada_kotipathi,Ada Kotipathi,T,05;46;48;62,2148 | 2024-Jan-03 Wednesday,dlb,https://www.dlb.lk/result/11/,49
2024-01-04,2149,ada_kotipathi,Ada Kotipathi,F,29;41;55;62,2149 | 2024-Jan-04 Thursday,dlb,https://www.dlb.lk/result/11/,50
2024-01-05,2150,ada_kotipathi,Ada Kotipathi,G,04;08;71;74,2150 | 2024-Jan-05 Friday,dlb,https://www.dlb.lk/result/11/,51
2024-01-06,2151,ada_kotipathi,Ada Kotipathi,K,28;45;57;72,2151 | 2024-Jan-06 Saturday,dlb,https://www.dlb.lk/result/11/,52
2024-01-07,2152,ada_kotipathi,Ada Kotipathi,P,14;22;49;62,2152 | 2024-Jan-07 Sunday,dlb,https://www.dlb.lk/result/11/,53
2024-01-08,2153,ada_kotipathi,Ada Kotipathi,U,10;55;67;73,2153 | 2024-Jan-08 Monday,dlb,https://www.dlb.lk/result/11/,54
2024-01-09,2154,ada_kotipathi,Ada Kotipathi,W,09;23;29;37,2154 | 2024-Jan-09 Tuesday,dlb,https://www.dlb.lk/result/11/,55
2024-01-10,2155,ada_kotipathi,Ada Kotipathi,E,18;31;33;73,2155 | 2024-Jan-10 Wednesday,dlb,https://www.dlb.lk/result/11/,56
2024-01-11,2156,ada_kotipathi,Ada Kotipathi,P,02;32;56;60,2156 | 2024-Jan-11 Thursday,dlb,https://www.dlb.lk/result/11/,57
2024-01-12,2157,ada_kotipathi,Ada Kotipathi,W,01;07;44;67,2157 | 2024-Jan-12 Friday,dlb,https://www.dlb.lk/result/11/,58
2024-01-13,2158,ada_kotipathi,Ada Kotipathi,U,11;27;34;45,2158 | 2024-Jan-13 Saturday,dlb,https://www.dlb.lk/result/11/,59
2024-01-14,2159,ada_kotipathi,Ada Kotipathi,T,16;29;69;70,2159 | 2024-Jan-14 Sunday,dlb,https://www.dlb.lk/result/11/,60
2024-01-15,2160,ada_kotipathi,Ada Kotipathi,V,22;27;31;38,2160 | 2024-Jan-15 Monday,dlb,https://www.dlb.lk/result/11/,61
2024-01-16,2161,ada_kotipathi,Ada Kotipathi,C,13;36;73;76,2161 | 2024-Jan-16 Tuesday,dlb,https://www.dlb.lk/result/11/,62
2024-01-17,2162,ada_kotipathi,Ada Kotipathi,X,17;49;63;74,2162 | 2024-Jan-17 Wednesday,dlb,https://www.dlb.lk/result/11/,63
2024-01-18,2163,ada_kotipathi,Ada Kotipathi,E,02;09;13;69,2163 | 2024-Jan-18 Thursday,dlb,https://www.dlb.lk/result/11/,64
2024-01-19,2164,ada_kotipathi,Ada Kotipathi,X,04;36;66;71,2164 | 2024-Jan-19 Friday,dlb,https://www.dlb.lk/result/11/,65
2024-01-20,2165,ada_kotipathi,Ada Kotipathi,T,20;38;52;70,2165 | 2024-Jan-20 Saturday,dlb,https://www.dlb.lk/result/11/,66
2024-01-21,2166,ada_kotipathi,Ada Kotipathi,T,11;41;49;74,2166 | 2024-Jan-21 Sunday,dlb,https://www.dlb.lk/result/11/,67
2024-01-22,2167,ada_kotipathi,Ada Kotipathi,A,35;44;64;72,2167 | 2024-Jan-22 Monday,dlb,https://www.dlb.lk/result/11/,68
2024-01-23,2168,ada_kotipathi,Ada Kotipathi,H,01;10;25;27,2168 | 2024-Jan-23 Tuesday,dlb,https://www.dlb.lk/result/11/,69
2024-01-24,2169,ada_kotipathi,Ada Kotipathi,H,09;35;39;64,2169 | 2024-Jan-24 Wednesday,dlb,https://www.dlb.lk/result/11/,70
2024-01-25,2170,ada_kotipathi,Ada Kotipathi,M,04;06;45;48,2170 | 2024-Jan-25 Thursday,dlb,https://www.dlb.lk/result/11/,71
2024-01-26,2171,ada_kotipathi,Ada Kotipathi,X,02;14;40;50,2171 | 2024-Jan-26 Friday,dlb,https://www.dlb.lk/result/11/,72
2024-01-27,2172,ada_kotipathi,Ada Kotipathi,V,04;05;48;55,2172 | 2024-Jan-27 Saturday,dlb,https://www.dlb.lk/result/11/,73
2024-01-28,2173,ada_kotipathi,Ada Kotipathi,P,08;13;21;64,2173 | 2024-Jan-28 Sunday,dlb,https://www.dlb.lk/result/11/,74
2024-01-29,2174,ada_kotipathi,Ada Kotipathi,C,21;54;56;69,2174 | 2024-Jan-29 Monday,dlb,https://www.dlb.lk/result/11/,75
2024-01-30,2175,ada_kotipathi,Ada Kotipathi,T,39;47;50;70,2175 | 2024-Jan-30 Tuesday,dlb,https://www.dlb.lk/result/11/,76
2024-01-31,2176,ada_kotipathi,Ada Kotipathi,A,05;06;29;48,2176 | 2024-Jan-31 Wednesday,dlb,https://www.dlb.lk/result/11/,77
2024-02-01,2177,ada_kotipathi,Ada Kotipathi,P,07;22;36;69,2177 | 2024-Feb-01 Thursday,dlb,https://www.dlb.lk/result/11/,78
2024-02-02,2178,ada_kotipathi,Ada Kotipathi,N,01;29;30;32,2178 | 2024-Feb-02 Friday,dlb,https://www.dlb.lk/result/11/,79
2024-02-03,2179,ada_kotipathi,Ada Kotipathi,M,03;26;51;59,2179 | 2024-Feb-03 Saturday,dlb,https://www.dlb.lk/result/11/,80
2024-02-04,2180,ada_kotipathi,Ada Kotipathi,S,11;53;55;61,2180 | 2024-Feb-04 Sunday,dlb,https://www.dlb.lk/result/11/,81
2024-02-05,2181,ada_kotipathi,Ada Kotipathi,S,13;25;60;74,2181 | 2024-Feb-05 Monday,dlb,https://www.dlb.lk/result/11/,82
2024-02-06,2182,ada_kotipathi,Ada Kotipathi,D,03;09;22;28,2182 | 2024-Feb-06 Tuesday,dlb,https://www.dlb.lk/result/11/,83
2024-02-07,2183,ada_kotipathi,Ada Kotipathi,A,54;56;71;72,2183 | 2024-Feb-07 Wednesday,dlb,https://www.dlb.lk/result/11/,84
2024-02-08,2184,ada_kotipathi,Ada Kotipathi,M,08;11;41;73,2184 | 2024-Feb-08 Thursday,dlb,https://www.dlb.lk/result/11/,85
2024-02-09,2185,ada_kotipathi,Ada Kotipathi,B,02;04;25;70,2185 | 2024-Feb-09 Friday,dlb,https://www.dlb.lk/result/11/,86
2024-02-10,2186,ada_kotipathi,Ada Kotipathi,B,04;34;48;61,2186 | 2024-Feb-10 Saturday,dlb,https://www.dlb.lk/result/11/,87
2024-02-11,2187,ada_kotipathi,Ada Kotipathi,P,09;39;42;43,2187 | 2024-Feb-11 Sunday,dlb,https://www.dlb.lk/result/11/,88
2024-02-12,2188,ada_kotipathi,Ada Kotipathi,W,11;41;53;62,2188 | 2024-Feb-12 Monday,dlb,https://www.dlb.lk/result/11/,89
2024-02-13,2189,ada_kotipathi,Ada Kotipathi,K,09;29;61;76,2189 | 2024-Feb-13 Tuesday,dlb,https://www.dlb.lk/result/11/,90
2024-02-14,2190,ada_kotipathi,Ada Kotipathi,Y,10;17;29;36,2190 | 2024-Feb-14 Wednesday,dlb,https://www.dlb.lk/result/11/,91
2024-02-15,2191,ada_kotipathi,Ada Kotipathi,H,01;09;23;68,2191 | 2024-Feb-15 Thursday,dlb,https://www.dlb.lk/result/11/,92
2024-02-16,2192,ada_kotipathi,Ada Kotipathi,S,06;11;63;70,2192 | 2024-Feb-16 Friday,dlb,https://www.dlb.lk/result/11/,93
2024-02-17,2193,ada_kotipathi,Ada Kotipathi,C,09;27;39;60,2193 | 2024-Feb-17 Saturday,dlb,https://www.dlb.lk/result/11/,94
2024-02-18,2194,ada_kotipathi,Ada Kotipathi,L,17;39;43;52,2194 | 2024-Feb-18 Sunday,dlb,https://www.dlb.lk/result/11/,95
2024-02-19,2195,ada_kotipathi,Ada Kotipathi,E,01;07;27;74,2195 | 2024-Feb-19 Monday,dlb,https://www.dlb.lk/result/11/,96
2024-02-20,2196,ada_kotipathi,Ada Kotipathi,J,18;26;47;61,2196 | 2024-Feb-20 Tuesday,dlb,https://www.dlb.lk/result/11/,97
2024-02-21,2197,ada_kotipathi,Ada Kotipathi,I,14;25;39;75,2197 | 2024-Feb-21 Wednesday,dlb,https://www.dlb.lk/result/11/,98
2024-02-22,2198,ada_kotipathi,Ada Kotipathi,Y,26;35;45;57,2198 | 2024-Feb-22 Thursday,dlb,https://www.dlb.lk/result/11/,99
2024-02-23,2199,ada_kotipathi,Ada Kotipathi,U,06;53;57;70,2199 | 2024-Feb-23 Friday,dlb,https://www.dlb.lk/result/11/,100
2024-02-24,2200,ada_kotipathi,Ada Kotipathi,T,07;12;27;45,2200 | 2024-Feb-24 Saturday,dlb,https://www.dlb.lk/result/11/,101
2024-02-25,2201,ada_kotipathi,Ada Kotipathi,A,35;52;57;73,2201 | 2024-Feb-25 Sunday,dlb,https://www.dlb.lk/result/11/,102
2024-02-26,2202,ada_kotipathi,Ada Kotipathi,O,10;47;65;73,2202 | 2024-Feb-26 Monday,dlb,https://www.dlb.lk/result/11/,103
2024-02-27,2203,ada_kotipathi,Ada Kotipathi,D,08;15;21;40,2203 | 2024-Feb-27 Tuesday,dlb,https://www.dlb.lk/result/11/,104
2024-02-28,2204,ada_kotipathi,Ada Kotipathi,Q,02;11;44;74,2204 | 2024-Feb-28 Wednesday,dlb,https://www.dlb.lk/result/11/,105
2024-02-29,2205,ada_kotipathi,Ada Kotipathi,H,16;18;33;76,2205 | 2024-Feb-29 Thursday,dlb,https://www.dlb.lk/result/11/,106
2024-03-01,2206,ada_kotipathi,Ada Kotipathi,F,39;51;52;57,2206 | 2024-Mar-01 Friday,dlb,https://www.dlb.lk/result/11/,107
2024-03-02,2207,ada_kotipathi,Ada Kotipathi,W,06;27;57;59,2207 | 2024-Mar-02 Saturday,dlb,https://www.dlb.lk/result/11/,108
2024-03-03,2208,ada_kotipathi,Ada Kotipathi,V,02;30;33;69,2208 | 2024-Mar-03 Sunday,dlb,https://www.dlb.lk/result/11/,109
2024-03-04,2209,ada_kotipathi,Ada Kotipathi,F,20;27;58;64,2209 | 2024-Mar-04 Monday,dlb,https://www.dlb.lk/result/11/,110
2024-03-05,2210,ada_kotipathi,Ada Kotipathi,E,02;10;50;69,2210 | 2024-Mar-05 Tuesday,dlb,https://www.dlb.lk/result/11/,111
2024-03-06,2211,ada_kotipathi,Ada Kotipathi,B,12;13;27;43,2211 | 2024-Mar-06 Wednesday,dlb,https://www.dlb.lk/result/11/,112
2024-03-07,2212,ada_kotipathi,Ada Kotipathi,X,06;44;62;70,2212 | 2024-Mar-07 Thursday,dlb,https://www.dlb.lk/result/11/,113
2024-03-08,2213,ada_kotipathi,Ada Kotipathi,F,16;23;32;39,2213 | 2024-Mar-08 Friday,dlb,https://www.dlb.lk/result/11/,114
2024-03-09,2214,ada_kotipathi,Ada Kotipathi,Y,03;20;33;64,2214 | 2024-Mar-09 Saturday,dlb,https://www.dlb.lk/result/11/,115
2024-03-10,2215,ada_kotipathi,Ada Kotipathi,B,32;53;63;69,2215 | 2024-Mar-10 Sunday,dlb,https://www.dlb.lk/result/11/,116
2024-03-11,2216,ada_kotipathi,Ada Kotipathi,M,05;54;58;73,2216 | 2024-Mar-11 Monday,dlb,https://www.dlb.lk/result/11/,117
2024-03-12,2217,ada_kotipathi,Ada Kotipathi,T,21;47;61;69,2217 | 2024-Mar-12 Tuesday,dlb,https://www.dlb.lk/result/11/,118
2024-03-13,2218,ada_kotipathi,Ada Kotipathi,J,06;07;18;31,2218 | 2024-Mar-13 Wednesday,dlb,https://www.dlb.lk/result/11/,119
2024-03-14,2219,ada_kotipathi,Ada Kotipathi,R,26;38;45;60,2219 | 2024-Mar-14 Thursday,dlb,https://www.dlb.lk/result/11/,120
2024-03-15,2220,ada_kotipathi,Ada Kotipathi,A,31;34;41;68,2220 | 2024-Mar-15 Friday,dlb,https://www.dlb.lk/result/11/,121
2024-03-16,2221,ada_kotipathi,Ada Kotipathi,Y,08;32;40;62,2221 | 2024-Mar-16 Saturday,dlb,https://www.dlb.lk/result/11/,122
2024-03-17,2222,ada_kotipathi,Ada Kotipathi,R,14;38;61;67,2222 | 2024-Mar-17 Sunday,dlb,https://www.dlb.lk/result/11/,123
2024-03-18,2223,ada_kotipathi,Ada Kotipathi,V,05;10;17;68,2223 | 2024-Mar-18 Monday,dlb,https://www.dlb.lk/result/11/,124
2024-03-19,2224,ada_kotipathi,Ada Kotipathi,S,05;16;22;71,2224 | 2024-Mar-19 Tuesday,dlb,https://www.dlb.lk/result/11/,125
2024-03-20,2225,ada_kotipathi,Ada Kotipathi,X,01;06;22;52,2225 | 2024-Mar-20 Wednesday,dlb,https://www.dlb.lk/result/11/,126
2024-03-21,2226,ada_kotipathi,Ada Kotipathi,K,15;19;52;56,2226 | 2024-Mar-21 Thursday,dlb,https://www.dlb.lk/result/11/,127
2024-03-22,2227,ada_kotipathi,Ada Kotipathi,G,19;33;40;73,2227 | 2024-Mar-22 Friday,dlb,https://www.dlb.lk/result/11/,128
2024-03-23,2228,ada_kotipathi,Ada Kotipathi,A,08;09;42;67,2228 | 2024-Mar-23 Saturday,dlb,https://www.dlb.lk/result/11/,129
2024-03-24,2229,ada_kotipathi,Ada Kotipathi,N,13;19;44;50,2229 | 2024-Mar-24 Sunday,dlb,https://www.dlb.lk/result/11/,130
2024-03-25,2230,ada_kotipathi,Ada Kotipathi,Q,15;34;41;58,2230 | 2024-Mar-25 Monday,dlb,https://www.dlb.lk/result/11/,131
2024-03-26,2231,ada_kotipathi,Ada Kotipathi,N,40;60;69;73,2231 | 2024-Mar-26 Tuesday,dlb,https://www.dlb.lk/result/11/,132
2024-03-27,2232,ada_kotipathi,Ada Kotipathi,Q,15;20;54;67,2232 | 2024-Mar-27 Wednesday,dlb,https://www.dlb.lk/result/11/,133
2024-03-28,2233,ada_kotipathi,Ada Kotipathi,T,16;50;54;76,2233 | 2024-Mar-28 Thursday,dlb,https://www.dlb.lk/result/11/,134
2024-03-29,2234,ada_kotipathi,Ada Kotipathi,E,24;35;39;76,2234 | 2024-Mar-29 Friday,dlb,https://www.dlb.lk/result/11/,135
2024-03-30,2235,ada_kotipathi,Ada Kotipathi,J,05;32;55;67,2235 | 2024-Mar-30 Saturday,dlb,https://www.dlb.lk/result/11/,136
2024-03-31,2236,ada_kotipathi,Ada Kotipathi,H,39;46;56;65,2236 | 2024-Mar-31 Sunday,dlb,https://www.dlb.lk/result/11/,137
2024-04-01,2237,ada_kotipathi,Ada Kotipathi,T,26;28;31;69,2237 | 2024-Apr-01 Monday,dlb,https://www.dlb.lk/result/11/,138
2024-04-02,2238,ada_kotipathi,Ada Kotipathi,G,05;08;55;60,2238 | 2024-Apr-02 Tuesday,dlb,https://www.dlb.lk/result/11/,139
2024-04-03,2239,ada_kotipathi,Ada Kotipathi,E,04;39;73;75,2239 | 2024-Apr-03 Wednesday,dlb,https://www.dlb.lk/result/11/,140
2024-04-04,2240,ada_kotipathi,Ada Kotipathi,O,13;72;73;76,2240 | 2024-Apr-04 Thursday,dlb,https://www.dlb.lk/result/11/,141
2024-04-05,2241,ada_kotipathi,Ada Kotipathi,A,24;30;66;73,2241 | 2024-Apr-05 Friday,dlb,https://www.dlb.lk/result/11/,142
2024-04-06,2242,ada_kotipathi,Ada Kotipathi,L,26;32;61;71,2242 | 2024-Apr-06 Saturday,dlb,https://www.dlb.lk/result/11/,143
2024-04-07,2243,ada_kotipathi,Ada Kotipathi,C,06;26;28;38,2243 | 2024-Apr-07 Sunday,dlb,https://www.dlb.lk/result/11/,144
2024-04-08,2244,ada_kotipathi,Ada Kotipathi,T,22;29;36;54,2244 | 2024-Apr-08 Monday,dlb,https://www.dlb.lk/result/11/,145
2024-04-09,2245,ada_kotipathi,Ada Kotipathi,M,20;45;67;68,2245 | 2024-Apr-09 Tuesday,dlb,https://www.dlb.lk/result/11/,146
2024-04-10,2246,ada_kotipathi,Ada Kotipathi,D,04;51;64;75,2246 | 2024-Apr-10 Wednesday,dlb,https://www.dlb.lk/result/11/,147
2024-04-11,2247,ada_kotipathi,Ada Kotipathi,B,29;44;48;63,2247 | 2024-Apr-11 Thursday,dlb,https://www.dlb.lk/result/11/,148
2024-04-17,2248,ada_kotipathi,Ada Kotipathi,R,23;39;45;56,2248 | 2024-Apr-17 Wednesday,dlb,https://www.dlb.lk/result/11/,149
2024-04-18,2249,ada_kotipathi,Ada Kotipathi,X,17;19;35;63,2249 | 2024-Apr-18 Thursday,dlb,https://www.dlb.lk/result/11/,150
2024-04-19,2250,ada_kotipathi,Ada Kotipathi,O,55;60;66;71,2250 | 2024-Apr-19 Friday,dlb,https://www.dlb.lk/result/11/,151
2024-04-20,2251,ada_kotipathi,Ada Kotipathi,P,08;25;56;59,2251 | 2024-Apr-20 Saturday,dlb,https://www.dlb.lk/result/11/,152
2024-04-21,2252,ada_kotipathi,Ada Kotipathi,P,12;30;33;36,2252 | 2024-Apr-21 Sunday,dlb,https://www.dlb.lk/result/11/,153
2024-04-22,2253,ada_kotipathi,Ada Kotipathi,V,15;33;66;67,2253 | 2024-Apr-22 Monday,dlb,https://www.dlb.lk/result/11/,154
2024-04-23,2254,ada_kotipathi,Ada Kotipathi,C,01;11;19;28,2254 | 2024-Apr-23 Tuesday,dlb,https://www.dlb.lk/result/11/,155
2024-04-24,2255,ada_kotipathi,Ada Kotipathi,U,20;42;68;69,2255 | 2024-Apr-24 Wednesday,dlb,https://www.dlb.lk/result/11/,156
2024-04-25,2256,ada_kotipathi,Ada Kotipathi,X,01;15;20;26,2256 | 2024-Apr-25 Thursday,dlb,https://www.dlb.lk/result/11/,157
2024-04-26,2257,ada_kotipathi,Ada Kotipathi,D,18;25;45;51,2257 | 2024-Apr-26 Friday,dlb,https://www.dlb.lk/result/11/,158
2024-04-27,2258,ada_kotipathi,Ada Kotipathi,T,07;08;35;52,2258 | 2024-Apr-27 Saturday,dlb,https://www.dlb.lk/result/11/,159
2024-04-28,2259,ada_kotipathi,Ada Kotipathi,X,04;14;44;58,2259 | 2024-Apr-28 Sunday,dlb,https://www.dlb.lk/result/11/,160
2024-04-29,2260,ada_kotipathi,Ada Kotipathi,R,03;26;51;68,2260 | 2024-Apr-29 Monday,dlb,https://www.dlb.lk/result/11/,161
2024-04-30,2261,ada_kotipathi,Ada Kotipathi,R,09;19;28;36,2261 | 2024-Apr-30 Tuesday,dlb,https://www.dlb.lk/result/11/,162
2024-05-01,2262,ada_kotipathi,Ada Kotipathi,O,13;34;37;75,2262 | 2024-May-01 Wednesday,dlb,https://www.dlb.lk/result/11/,163
2024-05-02,2263,ada_kotipathi,Ada Kotipathi,R,28;60;74;76,2263 | 2024-May-02 Thursday,dlb,https://www.dlb.lk/result/11/,164
2024-05-03,2264,ada_kotipathi,Ada Kotipathi,Y,20;28;34;39,2264 | 2024-May-03 Friday,dlb,https://www.dlb.lk/result/11/,165
2024-05-04,2265,ada_kotipathi,Ada Kotipathi,K,03;19;49;56,2265 | 2024-May-04 Saturday,dlb,https://www.dlb.lk/result/11/,166
2024-05-05,2266,ada_kotipathi,Ada Kotipathi,U,01;21;26;59,2266 | 2024-May-05 Sunday,dlb,https://www.dlb.lk/result/11/,167
2024-05-06,2267,ada_kotipathi,Ada Kotipathi,H,13;38;64;65,2267 | 2024-May-06 Monday,dlb,https://www.dlb.lk/result/11/,168
2024-05-07,2268,ada_kotipathi,Ada Kotipathi,V,28;33;52;56,2268 | 2024-May-07 Tuesday,dlb,https://www.dlb.lk/result/11/,169
2024-05-08,2269,ada_kotipathi,Ada Kotipathi,V,26;27;47;72,2269 | 2024-May-08 Wednesday,dlb,https://www.dlb.lk/result/11/,170
2024-05-09,2270,ada_kotipathi,Ada Kotipathi,V,03;15;37;69,2270 | 2024-May-09 Thursday,dlb,https://www.dlb.lk/result/11/,171
2024-05-10,2271,ada_kotipathi,Ada Kotipathi,G,12;28;50;72,2271 | 2024-May-10 Friday,dlb,https://www.dlb.lk/result/11/,172
2024-05-11,2272,ada_kotipathi,Ada Kotipathi,S,06;09;52;73,2272 | 2024-May-11 Saturday,dlb,https://www.dlb.lk/result/11/,173
2024-05-12,2273,ada_kotipathi,Ada Kotipathi,L,11;39;56;61,2273 | 2024-May-12 Sunday,dlb,https://www.dlb.lk/result/11/,174
2024-05-13,2274,ada_kotipathi,Ada Kotipathi,W,18;42;52;60,2274 | 2024-May-13 Monday,dlb,https://www.dlb.lk/result/11/,175
2024-05-14,2275,ada_kotipathi,Ada Kotipathi,V,02;19;63;68,2275 | 2024-May-14 Tuesday,dlb,https://www.dlb.lk/result/11/,176
2024-05-15,2276,ada_kotipathi,Ada Kotipathi,E,04;14;22;48,2276 | 2024-May-15 Wednesday,dlb,https://www.dlb.lk/result/11/,177
2024-05-16,2277,ada_kotipathi,Ada Kotipathi,K,01;35;46;54,2277 | 2024-May-16 Thursday,dlb,https://www.dlb.lk/result/11/,178
2024-05-17,2278,ada_kotipathi,Ada Kotipathi,Z,36;55;71;76,2278 | 2024-May-17 Friday,dlb,https://www.dlb.lk/result/11/,179
2024-05-18,2279,ada_kotipathi,Ada Kotipathi,O,08;37;68;72,2279 | 2024-May-18 Saturday,dlb,https://www.dlb.lk/result/11/,180
2024-05-19,2280,ada_kotipathi,Ada Kotipathi,A,53;57;62;72,2280 | 2024-May-19 Sunday,dlb,https://www.dlb.lk/result/11/,181
2024-05-20,2281,ada_kotipathi,Ada Kotipathi,P,15;27;55;56,2281 | 2024-May-20 Monday,dlb,https://www.dlb.lk/result/11/,182
2024-05-21,2282,ada_kotipathi,Ada Kotipathi,I,02;20;46;55,2282 | 2024-May-21 Tuesday,dlb,https://www.dlb.lk/result/11/,183
2024-05-22,2283,ada_kotipathi,Ada Kotipathi,F,11;31;42;69,2283 | 2024-May-22 Wednesday,dlb,https://www.dlb.lk/result/11/,184
2024-05-25,2284,ada_kotipathi,Ada Kotipathi,E,10;28;46;59,2284 | 2024-May-25 Saturday,dlb,https://www.dlb.lk/result/11/,185
2024-05-26,2285,ada_kotipathi,Ada Kotipathi,T,20;41;47;54,2285 | 2024-May-26 Sunday,dlb,https://www.dlb.lk/result/11/,186
2024-05-27,2286,ada_kotipathi,Ada Kotipathi,B,14;32;44;46,2286 | 2024-May-27 Monday,dlb,https://www.dlb.lk/result/11/,187
2024-05-28,2287,ada_kotipathi,Ada Kotipathi,L,02;15;48;51,2287 | 2024-May-28 Tuesday,dlb,https://www.dlb.lk/result/11/,188
2024-05-29,2288,ada_kotipathi,Ada Kotipathi,E,09;29;54;66,2288 | 2024-May-29 Wednesday,dlb,https://www.dlb.lk/result/11/,189
2024-05-30,2289,ada_kotipathi,Ada Kotipathi,M,31;33;53;67,2289 | 2024-May-30 Thursday,dlb,https://www.dlb.lk/result/11/,190
2024-05-31,2290,ada_kotipathi,Ada Kotipathi,D,02;10;35;40,2290 | 2024-May-31 Friday,dlb,https://www.dlb.lk/result/11/,191
2024-06-01,2291,ada_kotipathi,Ada Kotipathi,L,19;25;33;56,2291 | 2024-Jun-01 Saturday,dlb,https://www.dlb.lk/result/11/,192
2024-06-02,2292,ada_kotipathi,Ada Kotipathi,L,02;12;46;48,2292 | 2024-Jun-02 Sunday,dlb,https://www.dlb.lk/result/11/,193
2024-06-03,2293,ada_kotipathi,Ada Kotipathi,I,21;34;42;66,2293 | 2024-Jun-03 Monday,dlb,https://www.dlb.lk/result/11/,194
2024-06-04,2294,ada_kotipathi,Ada Kotipathi,Q,05;28;60;72,2294 | 2024-Jun-04 Tuesday,dlb,https://www.dlb.lk/result/11/,195
2024-06-05,2295,ada_kotipathi,Ada Kotipathi,R,06;25;57;69,2295 | 2024-Jun-05 Wednesday,dlb,https://www.dlb.lk/result/11/,196
2024-06-06,2296,ada_kotipathi,Ada Kotipathi,K,05;25;44;71,2296 | 2024-Jun-06 Thursday,dlb,https://www.dlb.lk/result/11/,197
2024-06-07,2297,ada_kotipathi,Ada Kotipathi,J,25;26;67;70,2297 | 2024-Jun-07 Friday,dlb,https://www.dlb.lk/result/11/,198
2024-06-08,2298,ada_kotipathi,Ada Kotipathi,L,05;25;42;56,2298 | 2024-Jun-08 Saturday,dlb,https://www.dlb.lk/result/11/,199
2024-06-09,2299,ada_kotipathi,Ada Kotipathi,O,43;47;73;75,2299 | 2024-Jun-09 Sunday,dlb,https://www.dlb.lk/result/11/,200
2024-06-10,2300,ada_kotipathi,Ada Kotipathi,C,14;42;57;63,2300 | 2024-Jun-10 Monday,dlb,https://www.dlb.lk/result/11/,201
2024-06-11,2301,ada_kotipathi,Ada Kotipathi,A,12;15;47;48,2301 | 2024-Jun-11 Tuesday,dlb,https://www.dlb.lk/result/11/,202
2024-06-12,2302,ada_kotipathi,Ada Kotipathi,E,43;48;53;60,2302 | 2024-Jun-12 Wednesday,dlb,https://www.dlb.lk/result/11/,203
2024-06-13,2303,ada_kotipathi,Ada Kotipathi,B,09;27;54;69,2303 | 2024-Jun-13 Thursday,dlb,https://www.dlb.lk/result/11/,204
2024-06-14,2304,ada_kotipathi,Ada Kotipathi,X,41;61;63;64,2304 | 2024-Jun-14 Friday,dlb,https://www.dlb.lk/result/11/,205
2024-06-15,2305,ada_kotipathi,Ada Kotipathi,A,06;09;44;69,2305 | 2024-Jun-15 Saturday,dlb,https://www.dlb.lk/result/11/,206
2024-06-16,2306,ada_kotipathi,Ada Kotipathi,Y,17;20;30;44,2306 | 2024-Jun-16 Sunday,dlb,https://www.dlb.lk/result/11/,207
2024-06-17,2307,ada_kotipathi,Ada Kotipathi,C,14;38;66;72,2307 | 2024-Jun-17 Monday,dlb,https://www.dlb.lk/result/11/,208
2024-06-18,2308,ada_kotipathi,Ada Kotipathi,C,34;61;65;71,2308 | 2024-Jun-18 Tuesday,dlb,https://www.dlb.lk/result/11/,209
2024-06-19,2309,ada_kotipathi,Ada Kotipathi,V,19;26;64;66,2309 | 2024-Jun-19 Wednesday,dlb,https://www.dlb.lk/result/11/,210
2024-06-20,2310,ada_kotipathi,Ada Kotipathi,F,11;40;43;67,2310 | 2024-Jun-20 Thursday,dlb,https://www.dlb.lk/result/11/,211
2024-06-21,2311,ada_kotipathi,Ada Kotipathi,T,08;09;43;57,2311 | 2024-Jun-21 Friday,dlb,https://www.dlb.lk/result/11/,212
2024-06-22,2312,ada_kotipathi,Ada Kotipathi,R,09;23;40;68,2312 | 2024-Jun-22 Saturday,dlb,https://www.dlb.lk/result/11/,213
2024-06-23,2313,ada_kotipathi,Ada Kotipathi,Z,21;31;62;63,2313 | 2024-Jun-23 Sunday,dlb,https://www.dlb.lk/result/11/,214
2024-06-24,2314,ada_kotipathi,Ada Kotipathi,H,25;29;33;64,2314 | 2024-Jun-24 Monday,dlb,https://www.dlb.lk/result/11/,215
2024-06-25,2315,ada_kotipathi,Ada Kotipathi,M,14;23;56;70,2315 | 2024-Jun-25 Tuesday,dlb,https://www.dlb.lk/result/11/,216
2024-06-26,2316,ada_kotipathi,Ada Kotipathi,G,07;38;39;62,2316 | 2024-Jun-26 Wednesday,dlb,https://www.dlb.lk/result/11/,217
2024-06-27,2317,ada_kotipathi,Ada Kotipathi,U,11;13;14;61,2317 | 2024-Jun-27 Thursday,dlb,https://www.dlb.lk/result/11/,218
2024-06-28,2318,ada_kotipathi,Ada Kotipathi,M,16;34;38;51,2318 | 2024-Jun-28 Friday,dlb,https://www.dlb.lk/result/11/,219
2024-06-29,2319,ada_kotipathi,Ada Kotipathi,E,07;36;46;68,2319 | 2024-Jun-29 Saturday,dlb,https://www.dlb.lk/result/11/,220
2024-06-30,2320,ada_kotipathi,Ada Kotipathi,L,01;08;10;59,2320 | 2024-Jun-30 Sunday,dlb,https://www.dlb.lk/result/11/,221
2024-07-01,2321,ada_kotipathi,Ada Kotipathi,F,06;47;55;56,2321 | 2024-Jul-01 Monday,dlb,https://www.dlb.lk/result/11/,222
2024-07-02,2322,ada_kotipathi,Ada Kotipathi,U,02;22;23;40,2322 | 2024-Jul-02 Tuesday,dlb,https://www.dlb.lk/result/11/,223
2024-07-03,2323,ada_kotipathi,Ada Kotipathi,J,32;36;40;67,2323 | 2024-Jul-03 Wednesday,dlb,https://www.dlb.lk/result/11/,224
2024-07-04,2324,ada_kotipathi,Ada Kotipathi,F,36;51;54;59,2324 | 2024-Jul-04 Thursday,dlb,https://www.dlb.lk/result/11/,225
2024-07-05,2325,ada_kotipathi,Ada Kotipathi,O,16;20;48;74,2325 | 2024-Jul-05 Friday,dlb,https://www.dlb.lk/result/11/,226
2024-07-06,2326,ada_kotipathi,Ada Kotipathi,H,40;68;72;75,2326 | 2024-Jul-06 Saturday,dlb,https://www.dlb.lk/result/11/,227
2024-07-07,2327,ada_kotipathi,Ada Kotipathi,G,06;35;45;62,2327 | 2024-Jul-07 Sunday,dlb,https://www.dlb.lk/result/11/,228
2024-07-08,2328,ada_kotipathi,Ada Kotipathi,B,37;58;59;75,2328 | 2024-Jul-08 Monday,dlb,https://www.dlb.lk/result/11/,229
2024-07-09,2329,ada_kotipathi,Ada Kotipathi,R,11;22;37;48,2329 | 2024-Jul-09 Tuesday,dlb,https://www.dlb.lk/result/11/,230
2024-07-10,2330,ada_kotipathi,Ada Kotipathi,J,14;33;64;72,2330 | 2024-Jul-10 Wednesday,dlb,https://www.dlb.lk/result/11/,231
2024-07-11,2331,ada_kotipathi,Ada Kotipathi,Y,51;52;54;63,2331 | 2024-Jul-11 Thursday,dlb,https://www.dlb.lk/result/11/,232
2024-07-12,2332,ada_kotipathi,Ada Kotipathi,J,07;25;28;35,2332 | 2024-Jul-12 Friday,dlb,https://www.dlb.lk/result/11/,233
2024-07-13,2333,ada_kotipathi,Ada Kotipathi,R,01;05;38;70,2333 | 2024-Jul-13 Saturday,dlb,https://www.dlb.lk/result/11/,234
2024-07-14,2334,ada_kotipathi,Ada Kotipathi,Q,02;30;42;51,2334 | 2024-Jul-14 Sunday,dlb,https://www.dlb.lk/result/11/,235
2024-07-15,2335,ada_kotipathi,Ada Kotipathi,B,20;51;57;69,2335 | 2024-Jul-15 Monday,dlb,https://www.dlb.lk/result/11/,236
2024-07-16,2336,ada_kotipathi,Ada Kotipathi,P,17;18;19;57,2336 | 2024-Jul-16 Tuesday,dlb,https://www.dlb.lk/result/11/,237
2024-07-17,2337,ada_kotipathi,Ada Kotipathi,L,04;13;54;64,2337 | 2024-Jul-17 Wednesday,dlb,https://www.dlb.lk/result/11/,238
2024-07-18,2338,ada_kotipathi,Ada Kotipathi,W,45;49;71;74,2338 | 2024-Jul-18 Thursday,dlb,https://www.dlb.lk/result/11/,239
2024-07-19,2339,ada_kotipathi,Ada Kotipathi,K,18;24;42;50,2339 | 2024-Jul-19 Friday,dlb,https://www.dlb.lk/result/11/,240
2024-07-20,2340,ada_kotipathi,Ada Kotipathi,Q,06;18;51;63,2340 | 2024-Jul-20 Saturday,dlb,https://www.dlb.lk/result/11/,241
2024-07-21,2341,ada_kotipathi,Ada Kotipathi,C,05;16;22;66,2341 | 2024-Jul-21 Sunday,dlb,https://www.dlb.lk/result/11/,242
2024-07-22,2342,ada_kotipathi,Ada Kotipathi,G,13;31;60;71,2342 | 2024-Jul-22 Monday,dlb,https://www.dlb.lk/result/11/,243
2024-07-23,2343,ada_kotipathi,Ada Kotipathi,R,22;27;31;46,2343 | 2024-Jul-23 Tuesday,dlb,https://www.dlb.lk/result/11/,244
2024-07-24,2344,ada_kotipathi,Ada Kotipathi,I,03;09;13;20,2344 | 2024-Jul-24 Wednesday,dlb,https://www.dlb.lk/result/11/,245
2024-07-25,2345,ada_kotipathi,Ada Kotipathi,B,17;41;60;68,2345 | 2024-Jul-25 Thursday,dlb,https://www.dlb.lk/result/11/,246
2024-07-26,2346,ada_kotipathi,Ada Kotipathi,W,05;29;51;65,2346 | 2024-Jul-26 Friday,dlb,https://www.dlb.lk/result/11/,247
2024-07-27,2347,ada_kotipathi,Ada Kotipathi,B,21;31;45;52,2347 | 2024-Jul-27 Saturday,dlb,https://www.dlb.lk/result/11/,248
2024-07-28,2348,ada_kotipathi,Ada Kotipathi,C,34;43;72;75,2348 | 2024-Jul-28 Sunday,dlb,https://www.dlb.lk/result/11/,249
2024-07-29,2349,ada_kotipathi,Ada Kotipathi,Y,02;10;15;23,2349 | 2024-Jul-29 Monday,dlb,https://www.dlb.lk/result/11/,250
2024-07-30,2350,ada_kotipathi,Ada Kotipathi,I,01;15;67;72,2350 | 2024-Jul-30 Tuesday,dlb,https://www.dlb.lk/result/11/,251
2024-07-31,2351,ada_kotipathi,Ada Kotipathi,U,09;12;39;60,2351 | 2024-Jul-31 Wednesday,dlb,https://www.dlb.lk/result/11/,252
2024-08-01,2352,ada_kotipathi,Ada Kotipathi,V,01;08;20;25,2352 | 2024-Aug-01 Thursday,dlb,https://www.dlb.lk/result/11/,253
2024-08-02,2353,ada_kotipathi,Ada Kotipathi,Z,45;46;49;50,2353 | 2024-Aug-02 Friday,dlb,https://www.dlb.lk/result/11/,254
2024-08-03,2354,ada_kotipathi,Ada Kotipathi,U,15;44;45;72,2354 | 2024-Aug-03 Saturday,dlb,https://www.dlb.lk/result/11/,255
2024-08-04,2355,ada_kotipathi,Ada Kotipathi,A,14;35;52;65,2355 | 2024-Aug-04 Sunday,dlb,https://www.dlb.lk/result/11/,256
2024-08-05,2356,ada_kotipathi,Ada Kotipathi,N,13;49;56;63,2356 | 2024-Aug-05 Monday,dlb,https://www.dlb.lk/result/11/,257
2024-08-06,2357,ada_kotipathi,Ada Kotipathi,J,09;10;26;29,2357 | 2024-Aug-06 Tuesday,dlb,https://www.dlb.lk/result/11/,258
2024-08-07,2358,ada_kotipathi,Ada Kotipathi,B,25;33;57;76,2358 | 2024-Aug-07 Wednesday,dlb,https://www.dlb.lk/result/11/,259
2024-08-08,2359,ada_kotipathi,Ada Kotipathi,D,21;24;42;73,2359 | 2024-Aug-08 Thursday,dlb,https://www.dlb.lk/result/11/,260
2024-08-09,2360,ada_kotipathi,Ada Kotipathi,X,05;12;13;19,2360 | 2024-Aug-09 Friday,dlb,https://www.dlb.lk/result/11/,261
2024-08-10,2361,ada_kotipathi,Ada Kotipathi,Q,08;28;40;56,2361 | 2024-Aug-10 Saturday,dlb,https://www.dlb.lk/result/11/,262
2024-08-11,2362,ada_kotipathi,Ada Kotipathi,C,20;36;66;70,2362 | 2024-Aug-11 Sunday,dlb,https://www.dlb.lk/result/11/,263
2024-08-12,2363,ada_kotipathi,Ada Kotipathi,D,16;20;63;64,2363 | 2024-Aug-12 Monday,dlb,https://www.dlb.lk/result/11/,264
2024-08-13,2364,ada_kotipathi,Ada Kotipathi,G,03;43;49;65,2364 | 2024-Aug-13 Tuesday,dlb,https://www.dlb.lk/result/11/,265
2024-08-14,2365,ada_kotipathi,Ada Kotipathi,Y,18;33;43;51,2365 | 2024-Aug-14 Wednesday,dlb,https://www.dlb.lk/result/11/,266
2024-08-15,2366,ada_kotipathi,Ada Kotipathi,W,35;38;52;62,2366 | 2024-Aug-15 Thursday,dlb,https://www.dlb.lk/result/11/,267
2024-08-16,2367,ada_kotipathi,Ada Kotipathi,E,09;39;61;65,2367 | 2024-Aug-16 Friday,dlb,https://www.dlb.lk/result/11/,268
2024-08-17,2368,ada_kotipathi,Ada Kotipathi,R,19;20;29;45,2368 | 2024-Aug-17 Saturday,dlb,https://www.dlb.lk/result/11/,269
2024-08-18,2369,ada_kotipathi,Ada Kotipathi,M,14;36;57;67,2369 | 2024-Aug-18 Sunday,dlb,https://www.dlb.lk/result/11/,270
2024-08-19,2370,ada_kotipathi,Ada Kotipathi,L,56;58;71;76,2370 | 2024-Aug-19 Monday,dlb,https://www.dlb.lk/result/11/,271
2024-08-20,2371,ada_kotipathi,Ada Kotipathi,Z,02;12;39;71,2371 | 2024-Aug-20 Tuesday,dlb,https://www.dlb.lk/result/11/,272
2024-08-21,2372,ada_kotipathi,Ada Kotipathi,N,01;10;47;66,2372 | 2024-Aug-21 Wednesday,dlb,https://www.dlb.lk/result/11/,273
2024-08-22,2373,ada_kotipathi,Ada Kotipathi,H,10;26;41;73,2373 | 2024-Aug-22 Thursday,dlb,https://www.dlb.lk/result/11/,274
2024-08-23,2374,ada_kotipathi,Ada Kotipathi,Z,10;21;37;49,2374 | 2024-Aug-23 Friday,dlb,https://www.dlb.lk/result/11/,275
2024-08-24,2375,ada_kotipathi,Ada Kotipathi,D,07;38;41;57,2375 | 2024-Aug-24 Saturday,dlb,https://www.dlb.lk/result/11/,276
2024-08-25,2376,ada_kotipathi,Ada Kotipathi,I,13;46;71;76,2376 | 2024-Aug-25 Sunday,dlb,https://www.dlb.lk/result/11/,277
2024-08-26,2377,ada_kotipathi,Ada Kotipathi,J,23;27;33;39,2377 | 2024-Aug-26 Monday,dlb,https://www.dlb.lk/result/11/,278
2024-08-27,2378,ada_kotipathi,Ada Kotipathi,R,20;49;63;72,2378 | 2024-Aug-27 Tuesday,dlb,https://www.dlb.lk/result/11/,279
2024-08-28,2379,ada_kotipathi,Ada Kotipathi,Q,47;61;75;76,2379 | 2024-Aug-28 Wednesday,dlb,https://www.dlb.lk/result/11/,280
2024-08-29,2380,ada_kotipathi,Ada Kotipathi,O,08;22;45;71,2380 | 2024-Aug-29 Thursday,dlb,https://www.dlb.lk/result/11/,281
2024-08-30,2381,ada_kotipathi,Ada Kotipathi,Z,03;43;54;57,2381 | 2024-Aug-30 Friday,dlb,https://www.dlb.lk/result/11/,282
2024-08-31,2382,ada_kotipathi,Ada Kotipathi,G,02;09;13;61,2382 | 2024-Aug-31 Saturday,dlb,https://www.dlb.lk/result/11/,283
2024-09-01,2383,ada_kotipathi,Ada Kotipathi,Z,02;25;37;64,2383 | 2024-Sep-01 Sunday,dlb,https://www.dlb.lk/result/11/,284
2024-09-02,2384,ada_kotipathi,Ada Kotipathi,C,24;52;59;70,2384 | 2024-Sep-02 Monday,dlb,https://www.dlb.lk/result/11/,285
2024-09-03,2385,ada_kotipathi,Ada Kotipathi,Y,17;56;72;76,2385 | 2024-Sep-03 Tuesday,dlb,https://www.dlb.lk/result/11/,286
2024-09-04,2386,ada_kotipathi,Ada Kotipathi,N,08;44;48;76,2386 | 2024-Sep-04 Wednesday,dlb,https://www.dlb.lk/result/11/,287
2024-09-05,2387,ada_kotipathi,Ada Kotipathi,D,08;16;69;72,2387 | 2024-Sep-05 Thursday,dlb,https://www.dlb.lk/result/11/,288
2024-09-06,2388,ada_kotipathi,Ada Kotipathi,X,07;11;26;43,2388 | 2024-Sep-06 Friday,dlb,https://www.dlb.lk/result/11/,289
2024-09-07,2389,ada_kotipathi,Ada Kotipathi,W,14;25;40;73,2389 | 2024-Sep-07 Saturday,dlb,https://www.dlb.lk/result/11/,290
2024-09-08,2390,ada_kotipathi,Ada Kotipathi,P,08;20;47;66,2390 | 2024-Sep-08 Sunday,dlb,https://www.dlb.lk/result/11/,291
2024-09-09,2391,ada_kotipathi,Ada Kotipathi,A,03;06;14;37,2391 | 2024-Sep-09 Monday,dlb,https://www.dlb.lk/result/11/,292
2024-09-10,2392,ada_kotipathi,Ada Kotipathi,O,06;17;43;49,2392 | 2024-Sep-10 Tuesday,dlb,https://www.dlb.lk/result/11/,293
2024-09-11,2393,ada_kotipathi,Ada Kotipathi,U,13;33;37;76,2393 | 2024-Sep-11 Wednesday,dlb,https://www.dlb.lk/result/11/,294
2024-09-12,2394,ada_kotipathi,Ada Kotipathi,Q,12;34;50;73,2394 | 2024-Sep-12 Thursday,dlb,https://www.dlb.lk/result/11/,295
2024-09-13,2395,ada_kotipathi,Ada Kotipathi,O,51;57;58;64,2395 | 2024-Sep-13 Friday,dlb,https://www.dlb.lk/result/11/,296
2024-09-14,2396,ada_kotipathi,Ada Kotipathi,R,11;20;27;43,2396 | 2024-Sep-14 Saturday,dlb,https://www.dlb.lk/result/11/,297
2024-09-15,2397,ada_kotipathi,Ada Kotipathi,L,06;47;59;62,2397 | 2024-Sep-15 Sunday,dlb,https://www.dlb.lk/result/11/,298
2024-09-16,2398,ada_kotipathi,Ada Kotipathi,I,17;53;67;75,2398 | 2024-Sep-16 Monday,dlb,https://www.dlb.lk/result/11/,299
2024-09-17,2399,ada_kotipathi,Ada Kotipathi,T,03;12;25;49,2399 | 2024-Sep-17 Tuesday,dlb,https://www.dlb.lk/result/11/,300
2024-09-18,2400,ada_kotipathi,Ada Kotipathi,G,18;49;57;61,2400 | 2024-Sep-18 Wednesday,dlb,https://www.dlb.lk/result/11/,301
2024-09-19,2401,ada_kotipathi,Ada Kotipathi,R,04;09;20;44,2401 | 2024-Sep-19 Thursday,dlb,https://www.dlb.lk/result/11/,302
2024-09-20,2402,ada_kotipathi,Ada Kotipathi,V,03;56;60;73,2402 | 2024-Sep-20 Friday,dlb,https://www.dlb.lk/result/11/,303
2024-09-21,2403,ada_kotipathi,Ada Kotipathi,A,10;11;23;28,2403 | 2024-Sep-21 Saturday,dlb,https://www.dlb.lk/result/11/,304
2024-09-23,2404,ada_kotipathi,Ada Kotipathi,I,05;14;43;53,2404 | 2024-Sep-23 Monday,dlb,https://www.dlb.lk/result/11/,305
2024-09-24,2405,ada_kotipathi,Ada Kotipathi,N,20;29;57;74,2405 | 2024-Sep-24 Tuesday,dlb,https://www.dlb.lk/result/11/,306
2024-09-25,2406,ada_kotipathi,Ada Kotipathi,K,07;12;55;64,2406 | 2024-Sep-25 Wednesday,dlb,https://www.dlb.lk/result/11/,307
2024-09-26,2407,ada_kotipathi,Ada Kotipathi,K,42;46;49;59,2407 | 2024-Sep-26 Thursday,dlb,https://www.dlb.lk/result/11/,308
2024-09-27,2408,ada_kotipathi,Ada Kotipathi,M,25;32;39;40,2408 | 2024-Sep-27 Friday,dlb,https://www.dlb.lk/result/11/,309
2024-09-28,2409,ada_kotipathi,Ada Kotipathi,Y,09;15;64;69,2409 | 2024-Sep-28 Saturday,dlb,https://www.dlb.lk/result/11/,310
2024-09-29,2410,ada_kotipathi,Ada Kotipathi,W,02;07;38;71,2410 | 2024-Sep-29 Sunday,dlb,https://www.dlb.lk/result/11/,311
2024-09-30,2411,ada_kotipathi,Ada Kotipathi,L,09;16;29;68,2411 | 2024-Sep-30 Monday,dlb,https://www.dlb.lk/result/11/,312
2024-10-01,2412,ada_kotipathi,Ada Kotipathi,I,12;22;31;42,2412 | 2024-Oct-01 Tuesday,dlb,https://www.dlb.lk/result/11/,313
2024-10-02,2413,ada_kotipathi,Ada Kotipathi,D,16;37;44;57,2413 | 2024-Oct-02 Wednesday,dlb,https://www.dlb.lk/result/11/,314
2024-10-03,2414,ada_kotipathi,Ada Kotipathi,C,17;43;44;57,2414 | 2024-Oct-03 Thursday,dlb,https://www.dlb.lk/result/11/,315
2024-10-04,2415,ada_kotipathi,Ada Kotipathi,T,40;52;59;73,2415 | 2024-Oct-04 Friday,dlb,https://www.dlb.lk/result/11/,316
2024-10-05,2416,ada_kotipathi,Ada Kotipathi,W,01;05;20;40,2416 | 2024-Oct-05 Saturday,dlb,https://www.dlb.lk/result/11/,317
2024-10-06,2417,ada_kotipathi,Ada Kotipathi,B,05;07;37;62,2417 | 2024-Oct-06 Sunday,dlb,https://www.dlb.lk/result/11/,318
2024-10-07,2418,ada_kotipathi,Ada Kotipathi,X,12;22;35;67,2418 | 2024-Oct-07 Monday,dlb,https://www.dlb.lk/result/11/,319
2024-10-08,2419,ada_kotipathi,Ada Kotipathi,O,27;46;48;61,2419 | 2024-Oct-08 Tuesday,dlb,https://www.dlb.lk/result/11/,320
2024-10-09,2420,ada_kotipathi,Ada Kotipathi,V,17;20;25;66,2420 | 2024-Oct-09 Wednesday,dlb,https://www.dlb.lk/result/11/,321
2024-10-10,2421,ada_kotipathi,Ada Kotipathi,M,03;50;55;57,2421 | 2024-Oct-10 Thursday,dlb,https://www.dlb.lk/result/11/,322
2024-10-11,2422,ada_kotipathi,Ada Kotipathi,W,35;41;50;75,2422 | 2024-Oct-11 Friday,dlb,https://www.dlb.lk/result/11/,323
2024-10-12,2423,ada_kotipathi,Ada Kotipathi,Q,27;34;55;67,2423 | 2024-Oct-12 Saturday,dlb,https://www.dlb.lk/result/11/,324
2024-10-13,2424,ada_kotipathi,Ada Kotipathi,R,23;41;66;72,2424 | 2024-Oct-13 Sunday,dlb,https://www.dlb.lk/result/11/,325
2024-10-14,2425,ada_kotipathi,Ada Kotipathi,R,10;30;62;68,2425 | 2024-Oct-14 Monday,dlb,https://www.dlb.lk/result/11/,326
2024-10-15,2426,ada_kotipathi,Ada Kotipathi,Z,28;33;57;74,2426 | 2024-Oct-15 Tuesday,dlb,https://www.dlb.lk/result/11/,327
2024-10-16,2427,ada_kotipathi,Ada Kotipathi,M,13;25;29;55,2427 | 2024-Oct-16 Wednesday,dlb,https://www.dlb.lk/result/11/,328
2024-10-17,2428,ada_kotipathi,Ada Kotipathi,A,40;43;46;59,2428 | 2024-Oct-17 Thursday,dlb,https://www.dlb.lk/result/11/,329
2024-10-18,2429,ada_kotipathi,Ada Kotipathi,T,05;61;66;73,2429 | 2024-Oct-18 Friday,dlb,https://www.dlb.lk/result/11/,330
2024-10-19,2430,ada_kotipathi,Ada Kotipathi,J,18;31;58;76,2430 | 2024-Oct-19 Saturday,dlb,https://www.dlb.lk/result/11/,331
2024-10-20,2431,ada_kotipathi,Ada Kotipathi,O,16;41;51;62,2431 | 2024-Oct-20 Sunday,dlb,https://www.dlb.lk/result/11/,332
2024-10-21,2432,ada_kotipathi,Ada Kotipathi,M,22;28;43;57,2432 | 2024-Oct-21 Monday,dlb,https://www.dlb.lk/result/11/,333
2024-10-22,2433,ada_kotipathi,Ada Kotipathi,F,05;62;70;75,2433 | 2024-Oct-22 Tuesday,dlb,https://www.dlb.lk/result/11/,334
2024-10-23,2434,ada_kotipathi,Ada Kotipathi,F,11;42;59;64,2434 | 2024-Oct-23 Wednesday,dlb,https://www.dlb.lk/result/11/,335
2024-10-24,2435,ada_kotipathi,Ada Kotipathi,S,20;41;55;63,2435 | 2024-Oct-24 Thursday,dlb,https://www.dlb.lk/result/11/,336
2024-10-25,2436,ada_kotipathi,Ada Kotipathi,X,13;33;35;72,2436 | 2024-Oct-25 Friday,dlb,https://www.dlb.lk/result/11/,337
2024-10-26,2437,ada_kotipathi,Ada Kotipathi,F,01;36;60;67,2437 | 2024-Oct-26 Saturday,dlb,https://www.dlb.lk/result/11/,338
2024-10-27,2438,ada_kotipathi,Ada Kotipathi,I,03;17;48;53,2438 | 2024-Oct-27 Sunday,dlb,https://www.dlb.lk/result/11/,339
2024-10-28,2439,ada_kotipathi,Ada Kotipathi,Y,19;43;57;74,2439 | 2024-Oct-28 Monday,dlb,https://www.dlb.lk/result/11/,340
2024-10-29,2440,ada_kotipathi,Ada Kotipathi,S,08;26;47;48,2440 | 2024-Oct-29 Tuesday,dlb,https://www.dlb.lk/result/11/,341
2024-10-30,2441,ada_kotipathi,Ada Kotipathi,I,23;29;37;57,2441 | 2024-Oct-30 Wednesday,dlb,https://www.dlb.lk/result/11/,342
2024-10-31,2442,ada_kotipathi,Ada Kotipathi,R,03;07;21;75,2442 | 2024-Oct-31 Thursday,dlb,https://www.dlb.lk/result/11/,343
2024-11-01,2443,ada_kotipathi,Ada Kotipathi,J,10;11;39;63,2443 | 2024-Nov-01 Friday,dlb,https://www.dlb.lk/result/11/,344
2024-11-02,2444,ada_kotipathi,Ada Kotipathi,R,10;53;59;68,2444 | 2024-Nov-02 Saturday,dlb,https://www.dlb.lk/result/11/,345
2024-11-03,2445,ada_kotipathi,Ada Kotipathi,O,13;16;28;39,2445 | 2024-Nov-03 Sunday,dlb,https://www.dlb.lk/result/11/,346
2024-11-04,2446,ada_kotipathi,Ada Kotipathi,Y,22;29;34;64,2446 | 2024-Nov-04 Monday,dlb,https://www.dlb.lk/result/11/,347
2024-11-05,2447,ada_kotipathi,Ada Kotipathi,X,24;51;55;74,2447 | 2024-Nov-05 Tuesday,dlb,https://www.dlb.lk/result/11/,348
2024-11-06,2448,ada_kotipathi,Ada Kotipathi,Q,02;05;59;61,2448 | 2024-Nov-06 Wednesday,dlb,https://www.dlb.lk/result/11/,349
2024-11-07,2449,ada_kotipathi,Ada Kotipathi,X,35;62;73;75,2449 | 2024-Nov-07 Thursday,dlb,https://www.dlb.lk/result/11/,350
2024-11-08,2450,ada_kotipathi,Ada Kotipathi,W,07;09;68;69,2450 | 2024-Nov-08 Friday,dlb,https://www.dlb.lk/result/11/,351
2024-11-09,2451,ada_kotipathi,Ada Kotipathi,H,10;13;39;64,2451 | 2024-Nov-09 Saturday,dlb,https://www.dlb.lk/result/11/,352
2024-11-10,2452,ada_kotipathi,Ada Kotipathi,G,12;49;60;76,2452 | 2024-Nov-10 Sunday,dlb,https://www.dlb.lk/result/11/,353
2024-11-11,2453,ada_kotipathi,Ada Kotipathi,Z,06;35;48;69,2453 | 2024-Nov-11 Monday,dlb,https://www.dlb.lk/result/11/,354
2024-11-12,2454,ada_kotipathi,Ada Kotipathi,H,13;47;58;67,2454 | 2024-Nov-12 Tuesday,dlb,https://www.dlb.lk/result/11/,355
2024-11-13,2455,ada_kotipathi,Ada Kotipathi,O,03;33;38;62,2455 | 2024-Nov-13 Wednesday,dlb,https://www.dlb.lk/result/11/,356
2024-11-14,2456,ada_kotipathi,Ada Kotipathi,T,06;18;25;69,2456 | 2024-Nov-14 Thursday,dlb,https://www.dlb.lk/result/11/,357
2024-11-16,2457,ada_kotipathi,Ada Kotipathi,V,10;49;67;71,2457 | 2024-Nov-16 Saturday,dlb,https://www.dlb.lk/result/11/,358
2024-11-17,2458,ada_kotipathi,Ada Kotipathi,P,15;54;59;76,2458 | 2024-Nov-17 Sunday,dlb,https://www.dlb.lk/result/11/,359
2024-11-18,2459,ada_kotipathi,Ada Kotipathi,E,19;41;62;69,2459 | 2024-Nov-18 Monday,dlb,https://www.dlb.lk/result/11/,360
2024-11-19,2460,ada_kotipathi,Ada Kotipathi,G,01;27;33;65,2460 | 2024-Nov-19 Tuesday,dlb,https://www.dlb.lk/result/11/,361
2024-11-20,2461,ada_kotipathi,Ada Kotipathi,G,28;43;55;61,2461 | 2024-Nov-20 Wednesday,dlb,https://www.dlb.lk/result/11/,362
2024-11-21,2462,ada_kotipathi,Ada Kotipathi,E,26;29;47;69,2462 | 2024-Nov-21 Thursday,dlb,https://www.dlb.lk/result/11/,363
2024-11-22,2463,ada_kotipathi,Ada Kotipathi,Q,04;19;58;66,2463 | 2024-Nov-22 Friday,dlb,https://www.dlb.lk/result/11/,364
2024-11-23,2464,ada_kotipathi,Ada Kotipathi,C,01;05;09;39,2464 | 2024-Nov-23 Saturday,dlb,https://www.dlb.lk/result/11/,365
2024-11-24,2465,ada_kotipathi,Ada Kotipathi,U,12;33;41;58,2465 | 2024-Nov-24 Sunday,dlb,https://www.dlb.lk/result/11/,366
2024-11-25,2466,ada_kotipathi,Ada Kotipathi,O,24;67;70;76,2466 | 2024-Nov-25 Monday,dlb,https://www.dlb.lk/result/11/,367
2024-11-26,2467,ada_kotipathi,Ada Kotipathi,M,25;33;41;61,2467 | 2024-Nov-26 Tuesday,dlb,https://www.dlb.lk/result/11/,368
2024-11-27,2468,ada_kotipathi,Ada Kotipathi,P,17;46;66;70,2468 | 2024-Nov-27 Wednesday,dlb,https://www.dlb.lk/result/11/,369
2024-11-28,2469,ada_kotipathi,Ada Kotipathi,G,06;27;28;74,2469 | 2024-Nov-28 Thursday,dlb,https://www.dlb.lk/result/11/,370
2024-11-29,2470,ada_kotipathi,Ada Kotipathi,K,04;18;33;68,2470 | 2024-Nov-29 Friday,dlb,https://www.dlb.lk/result/11/,371
2024-11-30,2471,ada_kotipathi,Ada Kotipathi,C,16;54;58;59,2471 | 2024-Nov-30 Saturday,dlb,https://www.dlb.lk/result/11/,372
2024-12-01,2472,ada_kotipathi,Ada Kotipathi,U,32;38;40;61,2472 | 2024-Dec-01 Sunday,dlb,https://www.dlb.lk/result/11/,373
2024-12-02,2473,ada_kotipathi,Ada Kotipathi,T,05;33;50;56,2473 | 2024-Dec-02 Monday,dlb,https://www.dlb.lk/result/11/,374
2024-12-03,2474,ada_kotipathi,Ada Kotipathi,Y,19;46;63;71,2474 | 2024-Dec-03 Tuesday,dlb,https://www.dlb.lk/result/11/,375
2024-12-04,2475,ada_kotipathi,Ada Kotipathi,Y,12;15;35;62,2475 | 2024-Dec-04 Wednesday,dlb,https://www.dlb.lk/result/11/,376
2024-12-05,2476,ada_kotipathi,Ada Kotipathi,B,14;17;70;74,2476 | 2024-Dec-05 Thursday,dlb,https://www.dlb.lk/result/11/,377
2024-12-06,2477,ada_kotipathi,Ada Kotipathi,N,22;43;44;45,2477 | 2024-Dec-06 Friday,dlb,https://www.dlb.lk/result/11/,378
2024-12-07,2478,ada_kotipathi,Ada Kotipathi,H,18;19;20;31,2478 | 2024-Dec-07 Saturday,dlb,https://www.dlb.lk/result/11/,379
2024-12-08,2479,ada_kotipathi,Ada Kotipathi,S,35;39;49;71,2479 | 2024-Dec-08 Sunday,dlb,https://www.dlb.lk/result/11/,380
2024-12-09,2480,ada_kotipathi,Ada Kotipathi,M,19;22;30;71,2480 | 2024-Dec-09 Monday,dlb,https://www.dlb.lk/result/11/,381
2024-12-10,2481,ada_kotipathi,Ada Kotipathi,X,17;56;61;65,2481 | 2024-Dec-10 Tuesday,dlb,https://www.dlb.lk/result/11/,382
2024-12-11,2482,ada_kotipathi,Ada Kotipathi,S,05;20;43;54,2482 | 2024-Dec-11 Wednesday,dlb,https://www.dlb.lk/result/11/,383
2024-12-12,2483,ada_kotipathi,Ada Kotipathi,L,21;25;57;69,2483 | 2024-Dec-12 Thursday,dlb,https://www.dlb.lk/result/11/,384
2024-12-13,2484,ada_kotipathi,Ada Kotipathi,B,24;32;38;76,2484 | 2024-Dec-13 Friday,dlb,https://www.dlb.lk/result/11/,385
2024-12-14,2485,ada_kotipathi,Ada Kotipathi,S,03;13;28;40,2485 | 2024-Dec-14 Saturday,dlb,https://www.dlb.lk/result/11/,386
2024-12-15,2486,ada_kotipathi,Ada Kotipathi,N,12;32;47;55,2486 | 2024-Dec-15 Sunday,dlb,https://www.dlb.lk/result/11/,387
2024-12-16,2487,ada_kotipathi,Ada Kotipathi,T,14;16;34;35,2487 | 2024-Dec-16 Monday,dlb,https://www.dlb.lk/result/11/,388
2024-12-17,2488,ada_kotipathi,Ada Kotipathi,M,14;39;51;64,2488 | 2024-Dec-17 Tuesday,dlb,https://www.dlb.lk/result/11/,389
2024-12-18,2489,ada_kotipathi,Ada Kotipathi,A,19;31;54;61,2489 | 2024-Dec-18 Wednesday,dlb,https://www.dlb.lk/result/11/,390
2024-12-19,2490,ada_kotipathi,Ada Kotipathi,E,16;24;30;66,2490 | 2024-Dec-19 Thursday,dlb,https://www.dlb.lk/result/11/,391
2024-12-20,2491,ada_kotipathi,Ada Kotipathi,L,02;18;32;62,2491 | 2024-Dec-20 Friday,dlb,https://www.dlb.lk/result/11/,392
2024-12-21,2492,ada_kotipathi,Ada Kotipathi,V,09;40;41;75,2492 | 2024-Dec-21 Saturday,dlb,https://www.dlb.lk/result/11/,393
2024-12-22,2493,ada_kotipathi,Ada Kotipathi,T,01;04;26;68,2493 | 2024-Dec-22 Sunday,dlb,https://www.dlb.lk/result/11/,394
2024-12-23,2494,ada_kotipathi,Ada Kotipathi,Z,18;32;35;49,2494 | 2024-Dec-23 Monday,dlb,https://www.dlb.lk/result/11/,395
2024-12-24,2495,ada_kotipathi,Ada Kotipathi,F,14;22;66;67,2495 | 2024-Dec-24 Tuesday,dlb,https://www.dlb.lk/result/11/,396
2024-12-25,2496,ada_kotipathi,Ada Kotipathi,A,03;28;47;69,2496 | 2024-Dec-25 Wednesday,dlb,https://www.dlb.lk/result/11/,397
2024-12-26,2497,ada_kotipathi,Ada Kotipathi,Q,18;20;58;63,2497 | 2024-Dec-26 Thursday,dlb,https://www.dlb.lk/result/11/,398
2024-12-27,2498,ada_kotipathi,Ada Kotipathi,P,02;26;47;56,2498 | 2024-Dec-27 Friday,dlb,https://www.dlb.lk/result/11/,399
2024-12-28,2499,ada_kotipathi,Ada Kotipathi,N,15;46;57;61,2499 | 2024-Dec-28 Saturday,dlb,https://www.dlb.lk/result/11/,400
2024-12-29,2500,ada_kotipathi,Ada Kotipathi,D,27;58;60;68,2500 | 2024-Dec-29 Sunday,dlb,https://www.dlb.lk/result/11/,401
2024-12-30,2501,ada_kotipathi,Ada Kotipathi,W,12;22;36;61,2501 | 2024-Dec-30 Monday,dlb,https://www.dlb.lk/result/11/,402
2024-12-31,2502,ada_kotipathi,Ada Kotipathi,P,27;33;62;69,2502 | 2024-Dec-31 Tuesday,dlb,https://www.dlb.lk/result/11/,403
2025-01-01,2503,ada_kotipathi,Ada Kotipathi,L,02;18;69;71,2503 | 2025-Jan-01 Wednesday,dlb,https://www.dlb.lk/result/11/,404
2025-01-02,2504,ada_kotipathi,Ada Kotipathi,P,02;20;44;76,2504 | 2025-Jan-02 Thursday,dlb,https://www.dlb.lk/result/11/,405
2025-01-03,2505,ada_kotipathi,Ada Kotipathi,K,14;37;70;75,2505 | 2025-Jan-03 Friday,dlb,https://www.dlb.lk/result/11/,406
2025-01-04,2506,ada_kotipathi,Ada Kotipathi,S,02;14;28;59,2506 | 2025-Jan-04 Saturday,dlb,https://www.dlb.lk/result/11/,407
2025-01-05,2507,ada_kotipathi,Ada Kotipathi,M,04;19;58;67,2507 | 2025-Jan-05 Sunday,dlb,https://www.dlb.lk/result/11/,408
2025-01-06,2508,ada_kotipathi,Ada Kotipathi,I,01;06;08;26,2508 | 2025-Jan-06 Monday,dlb,https://www.dlb.lk/result/11/,409
2025-01-07,2509,ada_kotipathi,Ada Kotipathi,V,09;33;39;58,2509 | 2025-Jan-07 Tuesday,dlb,https://www.dlb.lk/result/11/,410
2025-01-08,2510,ada_kotipathi,Ada Kotipathi,O,06;13;55;68,2510 | 2025-Jan-08 Wednesday,dlb,https://www.dlb.lk/result/11/,411
2025-01-09,2511,ada_kotipathi,Ada Kotipathi,C,13;39;57;62,2511 | 2025-Jan-09 Thursday,dlb,https://www.dlb.lk/result/11/,412
2025-01-10,2512,ada_kotipathi,Ada Kotipathi,X,16;56;57;63,2512 | 2025-Jan-10 Friday,dlb,https://www.dlb.lk/result/11/,413
2025-01-11,2513,ada_kotipathi,Ada Kotipathi,C,18;25;42;73,2513 | 2025-Jan-11 Saturday,dlb,https://www.dlb.lk/result/11/,414
2025-01-12,2514,ada_kotipathi,Ada Kotipathi,F,10;33;65;68,2514 | 2025-Jan-12 Sunday,dlb,https://www.dlb.lk/result/11/,415
2025-01-13,2515,ada_kotipathi,Ada Kotipathi,Z,08;13;56;72,2515 | 2025-Jan-13 Monday,dlb,https://www.dlb.lk/result/11/,416
2025-01-14,2516,ada_kotipathi,Ada Kotipathi,C,18;21;31;73,2516 | 2025-Jan-14 Tuesday,dlb,https://www.dlb.lk/result/11/,417
2025-01-15,2517,ada_kotipathi,Ada Kotipathi,X,15;47;54;60,2517 | 2025-Jan-15 Wednesday,dlb,https://www.dlb.lk/result/11/,418
2025-01-16,2518,ada_kotipathi,Ada Kotipathi,B,08;29;37;58,2518 | 2025-Jan-16 Thursday,dlb,https://www.dlb.lk/result/11/,419
2025-01-17,2519,ada_kotipathi,Ada Kotipathi,E,12;29;67;73,2519 | 2025-Jan-17 Friday,dlb,https://www.dlb.lk/result/11/,420
2025-01-18,2520,ada_kotipathi,Ada Kotipathi,E,06;25;43;67,2520 | 2025-Jan-18 Saturday,dlb,https://www.dlb.lk/result/11/,421
2025-01-19,2521,ada_kotipathi,Ada Kotipathi,Z,27;33;44;62,2521 | 2025-Jan-19 Sunday,dlb,https://www.dlb.lk/result/11/,422
2025-01-20,2522,ada_kotipathi,Ada Kotipathi,U,22;25;27;64,2522 | 2025-Jan-20 Monday,dlb,https://www.dlb.lk/result/11/,423
2025-01-21,2523,ada_kotipathi,Ada Kotipathi,P,18;37;46;61,2523 | 2025-Jan-21 Tuesday,dlb,https://www.dlb.lk/result/11/,424
2025-01-22,2524,ada_kotipathi,Ada Kotipathi,I,21;55;64;70,2524 | 2025-Jan-22 Wednesday,dlb,https://www.dlb.lk/result/11/,425
2025-01-23,2525,ada_kotipathi,Ada Kotipathi,J,13;26;47;70,2525 | 2025-Jan-23 Thursday,dlb,https://www.dlb.lk/result/11/,426
2025-01-24,2526,ada_kotipathi,Ada Kotipathi,U,07;24;38;47,2526 | 2025-Jan-24 Friday,dlb,https://www.dlb.lk/result/11/,427
2025-01-25,2527,ada_kotipathi,Ada Kotipathi,C,04;54;58;60,2527 | 2025-Jan-25 Saturday,dlb,https://www.dlb.lk/result/11/,428
2025-01-26,2528,ada_kotipathi,Ada Kotipathi,U,01;07;53;71,2528 | 2025-Jan-26 Sunday,dlb,https://www.dlb.lk/result/11/,429
2025-01-27,2529,ada_kotipathi,Ada Kotipathi,X,18;66;69;70,2529 | 2025-Jan-27 Monday,dlb,https://www.dlb.lk/result/11/,430
2025-01-28,2530,ada_kotipathi,Ada Kotipathi,R,04;22;40;52,2530 | 2025-Jan-28 Tuesday,dlb,https://www.dlb.lk/result/11/,431
2025-01-29,2531,ada_kotipathi,Ada Kotipathi,Q,07;12;28;74,2531 | 2025-Jan-29 Wednesday,dlb,https://www.dlb.lk/result/11/,432
2025-01-30,2532,ada_kotipathi,Ada Kotipathi,P,06;10;21;66,2532 | 2025-Jan-30 Thursday,dlb,https://www.dlb.lk/result/11/,433
2025-01-31,2533,ada_kotipathi,Ada Kotipathi,C,05;09;18;45,2533 | 2025-Jan-31 Friday,dlb,https://www.dlb.lk/result/11/,434
2025-02-01,2534,ada_kotipathi,Ada Kotipathi,K,09;36;55;72,2534 | 2025-Feb-01 Saturday,dlb,https://www.dlb.lk/result/11/,435
2025-02-02,2535,ada_kotipathi,Ada Kotipathi,F,08;31;43;48,2535 | 2025-Feb-02 Sunday,dlb,https://www.dlb.lk/result/11/,436
2025-02-03,2536,ada_kotipathi,Ada Kotipathi,V,02;15;39;73,2536 | 2025-Feb-03 Monday,dlb,https://www.dlb.lk/result/11/,437
2025-02-04,2537,ada_kotipathi,Ada Kotipathi,R,06;23;32;73,2537 | 2025-Feb-04 Tuesday,dlb,https://www.dlb.lk/result/11/,438
2025-02-05,2538,ada_kotipathi,Ada Kotipathi,Y,17;25;69;73,2538 | 2025-Feb-05 Wednesday,dlb,https://www.dlb.lk/result/11/,439
2025-02-06,2539,ada_kotipathi,Ada Kotipathi,D,11;22;49;60,2539 | 2025-Feb-06 Thursday,dlb,https://www.dlb.lk/result/11/,440
2025-02-07,2540,ada_kotipathi,Ada Kotipathi,D,07;20;24;59,2540 | 2025-Feb-07 Friday,dlb,https://www.dlb.lk/result/11/,441
2025-02-08,2541,ada_kotipathi,Ada Kotipathi,Y,03;24;29;69,2541 | 2025-Feb-08 Saturday,dlb,https://www.dlb.lk/result/11/,442
2025-02-09,2542,ada_kotipathi,Ada Kotipathi,M,03;43;48;51,2542 | 2025-Feb-09 Sunday,dlb,https://www.dlb.lk/result/11/,443
2025-02-10,2543,ada_kotipathi,Ada Kotipathi,F,16;38;39;69,2543 | 2025-Feb-10 Monday,dlb,https://www.dlb.lk/result/11/,444
2025-02-11,2544,ada_kotipathi,Ada Kotipathi,I,02;04;06;21,2544 | 2025-Feb-11 Tuesday,dlb,https://www.dlb.lk/result/11/,445
2025-02-12,2545,ada_kotipathi,Ada Kotipathi,Y,04;28;35;54,2545 | 2025-Feb-12 Wednesday,dlb,https://www.dlb.lk/result/11/,446
2025-02-13,2546,ada_kotipathi,Ada Kotipathi,G,05;22;49;57,2546 | 2025-Feb-13 Thursday,dlb,https://www.dlb.lk/result/11/,447
2025-02-14,2547,ada_kotipathi,Ada Kotipathi,N,09;11;17;25,2547 | 2025-Feb-14 Friday,dlb,https://www.dlb.lk/result/11/,448
2025-02-15,2548,ada_kotipathi,Ada Kotipathi,B,10;16;30;69,2548 | 2025-Feb-15 Saturday,dlb,https://www.dlb.lk/result/11/,449
2025-02-16,2549,ada_kotipathi,Ada Kotipathi,M,21;33;37;50,2549 | 2025-Feb-16 Sunday,dlb,https://www.dlb.lk/result/11/,450
2025-02-17,2550,ada_kotipathi,Ada Kotipathi,N,09;26;65;73,2550 | 2025-Feb-17 Monday,dlb,https://www.dlb.lk/result/11/,451
2025-02-18,2551,ada_kotipathi,Ada Kotipathi,B,07;13;27;73,2551 | 2025-Feb-18 Tuesday,dlb,https://www.dlb.lk/result/11/,452
2025-02-19,2552,ada_kotipathi,Ada Kotipathi,T,02;09;14;43,2552 | 2025-Feb-19 Wednesday,dlb,https://www.dlb.lk/result/11/,453
2025-02-20,2553,ada_kotipathi,Ada Kotipathi,H,06;15;28;49,2553 | 2025-Feb-20 Thursday,dlb,https://www.dlb.lk/result/11/,454
2025-02-21,2554,ada_kotipathi,Ada Kotipathi,R,10;53;58;67,2554 | 2025-Feb-21 Friday,dlb,https://www.dlb.lk/result/11/,455
2025-02-22,2555,ada_kotipathi,Ada Kotipathi,Z,05;26;30;51,2555 | 2025-Feb-22 Saturday,dlb,https://www.dlb.lk/result/11/,456
2025-02-23,2556,ada_kotipathi,Ada Kotipathi,B,02;14;55;56,2556 | 2025-Feb-23 Sunday,dlb,https://www.dlb.lk/result/11/,457
2025-02-24,2557,ada_kotipathi,Ada Kotipathi,L,04;17;56;73,2557 | 2025-Feb-24 Monday,dlb,https://www.dlb.lk/result/11/,458
2025-02-25,2558,ada_kotipathi,Ada Kotipathi,F,17;34;49;68,2558 | 2025-Feb-25 Tuesday,dlb,https://www.dlb.lk/result/11/,459
2025-02-26,2559,ada_kotipathi,Ada Kotipathi,C,12;26;31;74,2559 | 2025-Feb-26 Wednesday,dlb,https://www.dlb.lk/result/11/,460
2025-02-27,2560,ada_kotipathi,Ada Kotipathi,H,26;28;67;72,2560 | 2025-Feb-27 Thursday,dlb,https://www.dlb.lk/result/11/,461
2025-02-28,2561,ada_kotipathi,Ada Kotipathi,F,09;25;37;43,2561 | 2025-Feb-28 Friday,dlb,https://www.dlb.lk/result/11/,462
2025-03-01,2562,ada_kotipathi,Ada Kotipathi,Q,06;14;27;37,2562 | 2025-Mar-01 Saturday,dlb,https://www.dlb.lk/result/11/,463
2025-03-02,2563,ada_kotipathi,Ada Kotipathi,N,01;06;55;57,2563 | 2025-Mar-02 Sunday,dlb,https://www.dlb.lk/result/11/,464
2025-03-03,2564,ada_kotipathi,Ada Kotipathi,D,22;36;57;75,2564 | 2025-Mar-03 Monday,dlb,https://www.dlb.lk/result/11/,465
2025-03-04,2565,ada_kotipathi,Ada Kotipathi,V,05;19;27;60,2565 | 2025-Mar-04 Tuesday,dlb,https://www.dlb.lk/result/11/,466
2025-03-05,2566,ada_kotipathi,Ada Kotipathi,V,36;42;71;74,2566 | 2025-Mar-05 Wednesday,dlb,https://www.dlb.lk/result/11/,467
2025-03-06,2567,ada_kotipathi,Ada Kotipathi,P,04;06;17;31,2567 | 2025-Mar-06 Thursday,dlb,https://www.dlb.lk/result/11/,468
2025-03-07,2568,ada_kotipathi,Ada Kotipathi,K,09;26;57;59,2568 | 2025-Mar-07 Friday,dlb,https://www.dlb.lk/result/11/,469
2025-03-08,2569,ada_kotipathi,Ada Kotipathi,K,06;34;43;48,2569 | 2025-Mar-08 Saturday,dlb,https://www.dlb.lk/result/11/,470
2025-03-09,2570,ada_kotipathi,Ada Kotipathi,S,06;26;35;51,2570 | 2025-Mar-09 Sunday,dlb,https://www.dlb.lk/result/11/,471
2025-03-10,2571,ada_kotipathi,Ada Kotipathi,Q,29;40;51;55,2571 | 2025-Mar-10 Monday,dlb,https://www.dlb.lk/result/11/,472
2025-03-11,2572,ada_kotipathi,Ada Kotipathi,H,11;19;22;60,2572 | 2025-Mar-11 Tuesday,dlb,https://www.dlb.lk/result/11/,473
2025-03-12,2573,ada_kotipathi,Ada Kotipathi,G,12;44;54;73,2573 | 2025-Mar-12 Wednesday,dlb,https://www.dlb.lk/result/11/,474
2025-03-13,2574,ada_kotipathi,Ada Kotipathi,G,19;33;36;50,2574 | 2025-Mar-13 Thursday,dlb,https://www.dlb.lk/result/11/,475
2025-03-14,2575,ada_kotipathi,Ada Kotipathi,F,20;54;60;62,2575 | 2025-Mar-14 Friday,dlb,https://www.dlb.lk/result/11/,476
2025-03-15,2576,ada_kotipathi,Ada Kotipathi,T,02;18;44;53,2576 | 2025-Mar-15 Saturday,dlb,https://www.dlb.lk/result/11/,477
2025-03-16,2577,ada_kotipathi,Ada Kotipathi,X,45;51;66;75,2577 | 2025-Mar-16 Sunday,dlb,https://www.dlb.lk/result/11/,478
2025-03-17,2578,ada_kotipathi,Ada Kotipathi,M,31;62;66;75,2578 | 2025-Mar-17 Monday,dlb,https://www.dlb.lk/result/11/,479
2025-03-18,2579,ada_kotipathi,Ada Kotipathi,A,01;15;37;39,2579 | 2025-Mar-18 Tuesday,dlb,https://www.dlb.lk/result/11/,480
2025-03-19,2580,ada_kotipathi,Ada Kotipathi,J,04;28;48;61,2580 | 2025-Mar-19 Wednesday,dlb,https://www.dlb.lk/result/11/,481
2025-03-20,2581,ada_kotipathi,Ada Kotipathi,N,09;22;47;56,2581 | 2025-Mar-20 Thursday,dlb,https://www.dlb.lk/result/11/,482
2025-03-21,2582,ada_kotipathi,Ada Kotipathi,W,22;25;60;66,2582 | 2025-Mar-21 Friday,dlb,https://www.dlb.lk/result/11/,483
2025-03-22,2583,ada_kotipathi,Ada Kotipathi,E,19;43;58;67,2583 | 2025-Mar-22 Saturday,dlb,https://www.dlb.lk/result/11/,484
2025-03-23,2584,ada_kotipathi,Ada Kotipathi,K,14;23;30;32,2584 | 2025-Mar-23 Sunday,dlb,https://www.dlb.lk/result/11/,485
2025-03-24,2585,ada_kotipathi,Ada Kotipathi,K,07;55;71;74,2585 | 2025-Mar-24 Monday,dlb,https://www.dlb.lk/result/11/,486
2025-03-25,2586,ada_kotipathi,Ada Kotipathi,F,03;21;60;63,2586 | 2025-Mar-25 Tuesday,dlb,https://www.dlb.lk/result/11/,487
2025-03-26,2587,ada_kotipathi,Ada Kotipathi,S,14;15;34;36,2587 | 2025-Mar-26 Wednesday,dlb,https://www.dlb.lk/result/11/,488
2025-03-27,2588,ada_kotipathi,Ada Kotipathi,R,08;52;62;63,2588 | 2025-Mar-27 Thursday,dlb,https://www.dlb.lk/result/11/,489
2025-03-28,2589,ada_kotipathi,Ada Kotipathi,F,02;52;66;76,2589 | 2025-Mar-28 Friday,dlb,https://www.dlb.lk/result/11/,490
2025-03-29,2590,ada_kotipathi,Ada Kotipathi,F,33;40;57;68,2590 | 2025-Mar-29 Saturday,dlb,https://www.dlb.lk/result/11/,491
2025-03-30,2591,ada_kotipathi,Ada Kotipathi,W,02;18;42;63,2591 | 2025-Mar-30 Sunday,dlb,https://www.dlb.lk/result/11/,492
2025-03-31,2592,ada_kotipathi,Ada Kotipathi,E,32;44;51;76,2592 | 2025-Mar-31 Monday,dlb,https://www.dlb.lk/result/11/,493
2025-04-01,2593,ada_kotipathi,Ada Kotipathi,Z,13;30;62;65,2593 | 2025-Apr-01 Tuesday,dlb,https://www.dlb.lk/result/11/,494
2025-04-02,2594,ada_kotipathi,Ada Kotipathi,Y,19;45;48;54,2594 | 2025-Apr-02 Wednesday,dlb,https://www.dlb.lk/result/11/,495
2025-04-03,2595,ada_kotipathi,Ada Kotipathi,X,03;12;21;24,2595 | 2025-Apr-03 Thursday,dlb,https://www.dlb.lk/result/11/,496
2025-04-04,2596,ada_kotipathi,Ada Kotipathi,I,02;26;37;42,2596 | 2025-Apr-04 Friday,dlb,https://www.dlb.lk/result/11/,497
2025-04-05,2597,ada_kotipathi,Ada Kotipathi,U,01;02;17;73,2597 | 2025-Apr-05 Saturday,dlb,https://www.dlb.lk/result/11/,498
2025-04-06,2598,ada_kotipathi,Ada Kotipathi,Q,10;16;20;39,2598 | 2025-Apr-06 Sunday,dlb,https://www.dlb.lk/result/11/,499
2025-04-07,2599,ada_kotipathi,Ada Kotipathi,X,02;38;57;72,2599 | 2025-Apr-07 Monday,dlb,https://www.dlb.lk/result/11/,500
2025-04-08,2600,ada_kotipathi,Ada Kotipathi,P,20;35;47;63,2600 | 2025-Apr-08 Tuesday,dlb,https://www.dlb.lk/result/11/,501
2025-04-09,2601,ada_kotipathi,Ada Kotipathi,Y,27;28;38;52,2601 | 2025-Apr-09 Wednesday,dlb,https://www.dlb.lk/result/11/,502
2025-04-10,2602,ada_kotipathi,Ada Kotipathi,R,11;15;33;35,2602 | 2025-Apr-10 Thursday,dlb,https://www.dlb.lk/result/11/,503
2025-04-11,2603,ada_kotipathi,Ada Kotipathi,I,11;24;31;43,2603 | 2025-Apr-11 Friday,dlb,https://www.dlb.lk/result/11/,504
2025-04-12,2604,ada_kotipathi,Ada Kotipathi,Z,19;31;70;75,2604 | 2025-Apr-12 Saturday,dlb,https://www.dlb.lk/result/11/,505
2025-04-18,2605,ada_kotipathi,Ada Kotipathi,X,20;31;49;55,2605 | 2025-Apr-18 Friday,dlb,https://www.dlb.lk/result/11/,506
2025-04-19,2606,ada_kotipathi,Ada Kotipathi,Z,29;44;61;67,2606 | 2025-Apr-19 Saturday,dlb,https://www.dlb.lk/result/11/,507
2025-04-20,2607,ada_kotipathi,Ada Kotipathi,W,02;43;50;51,2607 | 2025-Apr-20 Sunday,dlb,https://www.dlb.lk/result/11/,508
2025-04-21,2608,ada_kotipathi,Ada Kotipathi,Y,33;42;55;61,2608 | 2025-Apr-21 Monday,dlb,https://www.dlb.lk/result/11/,509
2025-04-22,2609,ada_kotipathi,Ada Kotipathi,R,40;44;54;74,2609 | 2025-Apr-22 Tuesday,dlb,https://www.dlb.lk/result/11/,510
2025-04-23,2610,ada_kotipathi,Ada Kotipathi,H,03;25;29;48,2610 | 2025-Apr-23 Wednesday,dlb,https://www.dlb.lk/result/11/,511
2025-04-24,2611,ada_kotipathi,Ada Kotipathi,I,42;46;55;76,2611 | 2025-Apr-24 Thursday,dlb,https://www.dlb.lk/result/11/,512
2025-04-25,2612,ada_kotipathi,Ada Kotipathi,E,35;38;68;75,2612 | 2025-Apr-25 Friday,dlb,https://www.dlb.lk/result/11/,513
2025-04-26,2613,ada_kotipathi,Ada Kotipathi,W,01;15;38;73,2613 | 2025-Apr-26 Saturday,dlb,https://www.dlb.lk/result/11/,514
2025-04-27,2614,ada_kotipathi,Ada Kotipathi,I,22;24;57;66,2614 | 2025-Apr-27 Sunday,dlb,https://www.dlb.lk/result/11/,515
2025-04-28,2615,ada_kotipathi,Ada Kotipathi,G,04;31;32;39,2615 | 2025-Apr-28 Monday,dlb,https://www.dlb.lk/result/11/,516
2025-04-29,2616,ada_kotipathi,Ada Kotipathi,D,06;07;57;71,2616 | 2025-Apr-29 Tuesday,dlb,https://www.dlb.lk/result/11/,517
2025-04-30,2617,ada_kotipathi,Ada Kotipathi,Z,17;31;57;62,2617 | 2025-Apr-30 Wednesday,dlb,https://www.dlb.lk/result/11/,518
2025-05-01,2618,ada_kotipathi,Ada Kotipathi,S,11;26;29;72,2618 | 2025-May-01 Thursday,dlb,https://www.dlb.lk/result/11/,519
2025-05-02,2619,ada_kotipathi,Ada Kotipathi,W,20;68;71;72,2619 | 2025-May-02 Friday,dlb,https://www.dlb.lk/result/11/,520
2025-05-03,2620,ada_kotipathi,Ada Kotipathi,F,10;25;53;56,2620 | 2025-May-03 Saturday,dlb,https://www.dlb.lk/result/11/,521
2025-05-04,2621,ada_kotipathi,Ada Kotipathi,X,11;36;38;52,2621 | 2025-May-04 Sunday,dlb,https://www.dlb.lk/result/11/,522
2025-05-05,2622,ada_kotipathi,Ada Kotipathi,S,44;47;52;63,2622 | 2025-May-05 Monday,dlb,https://www.dlb.lk/result/11/,523
2025-05-06,2623,ada_kotipathi,Ada Kotipathi,V,36;51;56;66,2623 | 2025-May-06 Tuesday,dlb,https://www.dlb.lk/result/11/,524
2025-05-07,2624,ada_kotipathi,Ada Kotipathi,I,10;44;48;69,2624 | 2025-May-07 Wednesday,dlb,https://www.dlb.lk/result/11/,525
2025-05-08,2625,ada_kotipathi,Ada Kotipathi,R,11;27;45;57,2625 | 2025-May-08 Thursday,dlb,https://www.dlb.lk/result/11/,526
2025-05-09,2626,ada_kotipathi,Ada Kotipathi,A,23;52;54;66,2626 | 2025-May-09 Friday,dlb,https://www.dlb.lk/result/11/,527
2025-05-10,2627,ada_kotipathi,Ada Kotipathi,S,12;36;58;61,2627 | 2025-May-10 Saturday,dlb,https://www.dlb.lk/result/11/,528
2025-05-11,2628,ada_kotipathi,Ada Kotipathi,X,18;33;51;56,2628 | 2025-May-11 Sunday,dlb,https://www.dlb.lk/result/11/,529
2025-05-14,2629,ada_kotipathi,Ada Kotipathi,F,51;53;65;71,2629 | 2025-May-14 Wednesday,dlb,https://www.dlb.lk/result/11/,530
2025-05-15,2630,ada_kotipathi,Ada Kotipathi,R,57;62;68;74,2630 | 2025-May-15 Thursday,dlb,https://www.dlb.lk/result/11/,531
2025-05-16,2631,ada_kotipathi,Ada Kotipathi,L,03;12;25;37,2631 | 2025-May-16 Friday,dlb,https://www.dlb.lk/result/11/,532
2025-05-17,2632,ada_kotipathi,Ada Kotipathi,F,05;15;16;23,2632 | 2025-May-17 Saturday,dlb,https://www.dlb.lk/result/11/,533
2025-05-18,2633,ada_kotipathi,Ada Kotipathi,R,07;12;34;59,2633 | 2025-May-18 Sunday,dlb,https://www.dlb.lk/result/11/,534
2025-05-19,2634,ada_kotipathi,Ada Kotipathi,X,20;31;35;36,2634 | 2025-May-19 Monday,dlb,https://www.dlb.lk/result/11/,535
2025-05-20,2635,ada_kotipathi,Ada Kotipathi,J,26;47;50;71,2635 | 2025-May-20 Tuesday,dlb,https://www.dlb.lk/result/11/,536
2025-05-21,2636,ada_kotipathi,Ada Kotipathi,R,23;32;48;51,2636 | 2025-May-21 Wednesday,dlb,https://www.dlb.lk/result/11/,537
2025-05-22,2637,ada_kotipathi,Ada Kotipathi,I,07;34;54;71,2637 | 2025-May-22 Thursday,dlb,https://www.dlb.lk/result/11/,538
2025-05-23,2638,ada_kotipathi,Ada Kotipathi,X,34;37;46;58,2638 | 2025-May-23 Friday,dlb,https://www.dlb.lk/result/11/,539
2025-05-24,2639,ada_kotipathi,Ada Kotipathi,Q,26;57;69;72,2639 | 2025-May-24 Saturday,dlb,https://www.dlb.lk/result/11/,540
2025-05-25,2640,ada_kotipathi,Ada Kotipathi,M,09;20;42;66,2640 | 2025-May-25 Sunday,dlb,https://www.dlb.lk/result/11/,541
2025-05-26,2641,ada_kotipathi,Ada Kotipathi,B,17;30;32;52,2641 | 2025-May-26 Monday,dlb,https://www.dlb.lk/result/11/,542
2025-05-27,2642,ada_kotipathi,Ada Kotipathi,N,10;20;31;34,2642 | 2025-May-27 Tuesday,dlb,https://www.dlb.lk/result/11/,543
2025-05-28,2643,ada_kotipathi,Ada Kotipathi,K,03;25;27;59,2643 | 2025-May-28 Wednesday,dlb,https://www.dlb.lk/result/11/,544
2025-05-29,2644,ada_kotipathi,Ada Kotipathi,N,13;27;30;59,2644 | 2025-May-29 Thursday,dlb,https://www.dlb.lk/result/11/,545
2025-05-30,2645,ada_kotipathi,Ada Kotipathi,C,01;10;32;37,2645 | 2025-May-30 Friday,dlb,https://www.dlb.lk/result/11/,546
2025-05-31,2646,ada_kotipathi,Ada Kotipathi,O,05;10;15;56,2646 | 2025-May-31 Saturday,dlb,https://www.dlb.lk/result/11/,547
2025-06-01,2647,ada_kotipathi,Ada Kotipathi,E,19;54;57;75,2647 | 2025-Jun-01 Sunday,dlb,https://www.dlb.lk/result/11/,548
2025-06-02,2648,ada_kotipathi,Ada Kotipathi,Y,21;22;39;54,2648 | 2025-Jun-02 Monday,dlb,https://www.dlb.lk/result/11/,549
2025-06-03,2649,ada_kotipathi,Ada Kotipathi,I,42;51;53;54,2649 | 2025-Jun-03 Tuesday,dlb,https://www.dlb.lk/result/11/,550
2025-06-04,2650,ada_kotipathi,Ada Kotipathi,Z,14;26;54;62,2650 | 2025-Jun-04 Wednesday,dlb,https://www.dlb.lk/result/11/,551
2025-06-05,2651,ada_kotipathi,Ada Kotipathi,D,01;21;30;66,2651 | 2025-Jun-05 Thursday,dlb,https://www.dlb.lk/result/11/,552
2025-06-06,2652,ada_kotipathi,Ada Kotipathi,E,10;27;72;76,2652 | 2025-Jun-06 Friday,dlb,https://www.dlb.lk/result/11/,553
2025-06-07,2653,ada_kotipathi,Ada Kotipathi,I,04;14;31;39,2653 | 2025-Jun-07 Saturday,dlb,https://www.dlb.lk/result/11/,554
2025-06-08,2654,ada_kotipathi,Ada Kotipathi,V,07;19;51;69,2654 | 2025-Jun-08 Sunday,dlb,https://www.dlb.lk/result/11/,555
2025-06-09,2655,ada_kotipathi,Ada Kotipathi,B,07;09;14;22,2655 | 2025-Jun-09 Monday,dlb,https://www.dlb.lk/result/11/,556
2025-06-10,2656,ada_kotipathi,Ada Kotipathi,C,39;47;57;65,2656 | 2025-Jun-10 Tuesday,dlb,https://www.dlb.lk/result/11/,557
2025-06-11,2657,ada_kotipathi,Ada Kotipathi,R,09;31;43;56,2657 | 2025-Jun-11 Wednesday,dlb,https://www.dlb.lk/result/11/,558
2025-06-12,2658,ada_kotipathi,Ada Kotipathi,E,04;05;12;75,2658 | 2025-Jun-12 Thursday,dlb,https://www.dlb.lk/result/11/,559
2025-06-13,2659,ada_kotipathi,Ada Kotipathi,P,12;17;26;35,2659 | 2025-Jun-13 Friday,dlb,https://www.dlb.lk/result/11/,560
2025-06-14,2660,ada_kotipathi,Ada Kotipathi,E,29;43;73;74,2660 | 2025-Jun-14 Saturday,dlb,https://www.dlb.lk/result/11/,561
2025-06-15,2661,ada_kotipathi,Ada Kotipathi,S,02;40;44;45,2661 | 2025-Jun-15 Sunday,dlb,https://www.dlb.lk/result/11/,562
2025-06-16,2662,ada_kotipathi,Ada Kotipathi,V,13;15;33;69,2662 | 2025-Jun-16 Monday,dlb,https://www.dlb.lk/result/11/,563
2025-06-17,2663,ada_kotipathi,Ada Kotipathi,Z,01;07;15;58,2663 | 2025-Jun-17 Tuesday,dlb,https://www.dlb.lk/result/11/,564
2025-06-18,2664,ada_kotipathi,Ada Kotipathi,K,08;32;38;71,2664 | 2025-Jun-18 Wednesday,dlb,https://www.dlb.lk/result/11/,565
2025-06-19,2665,ada_kotipathi,Ada Kotipathi,R,02;14;35;45,2665 | 2025-Jun-19 Thursday,dlb,https://www.dlb.lk/result/11/,566
2025-06-20,2666,ada_kotipathi,Ada Kotipathi,N,24;33;39;74,2666 | 2025-Jun-20 Friday,dlb,https://www.dlb.lk/result/11/,567
2025-06-21,2667,ada_kotipathi,Ada Kotipathi,K,19;38;39;65,2667 | 2025-Jun-21 Saturday,dlb,https://www.dlb.lk/result/11/,568
2025-06-22,2668,ada_kotipathi,Ada Kotipathi,D,09;17;21;66,2668 | 2025-Jun-22 Sunday,dlb,https://www.dlb.lk/result/11/,569
2025-06-23,2669,ada_kotipathi,Ada Kotipathi,S,08;21;43;58,2669 | 2025-Jun-23 Monday,dlb,https://www.dlb.lk/result/11/,570
2025-06-24,2670,ada_kotipathi,Ada Kotipathi,F,19;20;22;71,2670 | 2025-Jun-24 Tuesday,dlb,https://www.dlb.lk/result/11/,571
2025-06-25,2671,ada_kotipathi,Ada Kotipathi,N,03;40;53;70,2671 | 2025-Jun-25 Wednesday,dlb,https://www.dlb.lk/result/11/,572
2025-06-26,2672,ada_kotipathi,Ada Kotipathi,V,07;12;34;59,2672 | 2025-Jun-26 Thursday,dlb,https://www.dlb.lk/result/11/,573
2025-06-27,2673,ada_kotipathi,Ada Kotipathi,S,07;43;49;62,2673 | 2025-Jun-27 Friday,dlb,https://www.dlb.lk/result/11/,574
2025-06-28,2674,ada_kotipathi,Ada Kotipathi,S,14;29;42;76,2674 | 2025-Jun-28 Saturday,dlb,https://www.dlb.lk/result/11/,575
2025-06-29,2675,ada_kotipathi,Ada Kotipathi,T,11;36;63;68,2675 | 2025-Jun-29 Sunday,dlb,https://www.dlb.lk/result/11/,576
2025-06-30,2676,ada_kotipathi,Ada Kotipathi,K,03;08;17;20,2676 | 2025-Jun-30 Monday,dlb,https://www.dlb.lk/result/11/,577
2025-07-01,2677,ada_kotipathi,Ada Kotipathi,J,11;36;37;67,2677 | 2025-Jul-01 Tuesday,dlb,https://www.dlb.lk/result/11/,578
2025-07-02,2678,ada_kotipathi,Ada Kotipathi,G,04;25;71;72,2678 | 2025-Jul-02 Wednesday,dlb,https://www.dlb.lk/result/11/,579
2025-07-03,2679,ada_kotipathi,Ada Kotipathi,O,06;07;43;75,2679 | 2025-Jul-03 Thursday,dlb,https://www.dlb.lk/result/11/,580
2025-07-04,2680,ada_kotipathi,Ada Kotipathi,U,56;60;74;75,2680 | 2025-Jul-04 Friday,dlb,https://www.dlb.lk/result/11/,581
2025-07-05,2681,ada_kotipathi,Ada Kotipathi,M,13;38;48;74,2681 | 2025-Jul-05 Saturday,dlb,https://www.dlb.lk/result/11/,582
2025-07-06,2682,ada_kotipathi,Ada Kotipathi,O,01;27;53;73,2682 | 2025-Jul-06 Sunday,dlb,https://www.dlb.lk/result/11/,583
2025-07-07,2683,ada_kotipathi,Ada Kotipathi,B,41;68;72;76,2683 | 2025-Jul-07 Monday,dlb,https://www.dlb.lk/result/11/,584
2025-07-08,2684,ada_kotipathi,Ada Kotipathi,Q,12;13;20;35,2684 | 2025-Jul-08 Tuesday,dlb,https://www.dlb.lk/result/11/,585
2025-07-09,2685,ada_kotipathi,Ada Kotipathi,R,07;14;41;51,2685 | 2025-Jul-09 Wednesday,dlb,https://www.dlb.lk/result/11/,586
2025-07-10,2686,ada_kotipathi,Ada Kotipathi,X,07;19;48;57,2686 | 2025-Jul-10 Thursday,dlb,https://www.dlb.lk/result/11/,587
2025-07-11,2687,ada_kotipathi,Ada Kotipathi,C,41;45;55;63,2687 | 2025-Jul-11 Friday,dlb,https://www.dlb.lk/result/11/,588
2025-07-12,2688,ada_kotipathi,Ada Kotipathi,M,08;12;58;64,2688 | 2025-Jul-12 Saturday,dlb,https://www.dlb.lk/result/11/,589
2025-07-13,2689,ada_kotipathi,Ada Kotipathi,X,03;23;34;38,2689 | 2025-Jul-13 Sunday,dlb,https://www.dlb.lk/result/11/,590
2025-07-14,2690,ada_kotipathi,Ada Kotipathi,V,03;11;25;70,2690 | 2025-Jul-14 Monday,dlb,https://www.dlb.lk/result/11/,591
2025-07-15,2691,ada_kotipathi,Ada Kotipathi,R,15;16;48;68,2691 | 2025-Jul-15 Tuesday,dlb,https://www.dlb.lk/result/11/,592
2025-07-16,2692,ada_kotipathi,Ada Kotipathi,Q,21;41;62;73,2692 | 2025-Jul-16 Wednesday,dlb,https://www.dlb.lk/result/11/,593
2025-07-17,2693,ada_kotipathi,Ada Kotipathi,J,09;10;51;63,2693 | 2025-Jul-17 Thursday,dlb,https://www.dlb.lk/result/11/,594
2025-07-18,2694,ada_kotipathi,Ada Kotipathi,A,18;26;50;51,2694 | 2025-Jul-18 Friday,dlb,https://www.dlb.lk/result/11/,595
2025-07-19,2695,ada_kotipathi,Ada Kotipathi,I,02;16;29;62,2695 | 2025-Jul-19 Saturday,dlb,https://www.dlb.lk/result/11/,596
2025-07-20,2696,ada_kotipathi,Ada Kotipathi,F,04;09;17;26,2696 | 2025-Jul-20 Sunday,dlb,https://www.dlb.lk/result/11/,597
2025-07-21,2697,ada_kotipathi,Ada Kotipathi,S,34;47;55;70,2697 | 2025-Jul-21 Monday,dlb,https://www.dlb.lk/result/11/,598
2025-07-22,2698,ada_kotipathi,Ada Kotipathi,U,19;28;52;53,2698 | 2025-Jul-22 Tuesday,dlb,https://www.dlb.lk/result/11/,599
2025-07-23,2699,ada_kotipathi,Ada Kotipathi,Y,06;10;17;41,2699 | 2025-Jul-23 Wednesday,dlb,https://www.dlb.lk/result/11/,600
2025-07-24,2700,ada_kotipathi,Ada Kotipathi,R,01;43;49;51,2700 | 2025-Jul-24 Thursday,dlb,https://www.dlb.lk/result/11/,601
2025-07-25,2701,ada_kotipathi,Ada Kotipathi,G,05;42;50;70,2701 | 2025-Jul-25 Friday,dlb,https://www.dlb.lk/result/11/,602
2025-07-26,2702,ada_kotipathi,Ada Kotipathi,E,26;52;59;69,2702 | 2025-Jul-26 Saturday,dlb,https://www.dlb.lk/result/11/,603
2025-07-27,2703,ada_kotipathi,Ada Kotipathi,O,02;45;66;75,2703 | 2025-Jul-27 Sunday,dlb,https://www.dlb.lk/result/11/,604
2025-07-28,2704,ada_kotipathi,Ada Kotipathi,C,18;20;47;75,2704 | 2025-Jul-28 Monday,dlb,https://www.dlb.lk/result/11/,605
2025-07-29,2705,ada_kotipathi,Ada Kotipathi,I,20;21;41;53,2705 | 2025-Jul-29 Tuesday,dlb,https://www.dlb.lk/result/11/,606
2025-07-30,2706,ada_kotipathi,Ada Kotipathi,B,02;31;37;65,2706 | 2025-Jul-30 Wednesday,dlb,https://www.dlb.lk/result/11/,607
2025-07-31,2707,ada_kotipathi,Ada Kotipathi,O,05;21;64;73,2707 | 2025-Jul-31 Thursday,dlb,https://www.dlb.lk/result/11/,608
2025-08-01,2708,ada_kotipathi,Ada Kotipathi,R,45;74;75;76,2708 | 2025-Aug-01 Friday,dlb,https://www.dlb.lk/result/11/,609
2025-08-02,2709,ada_kotipathi,Ada Kotipathi,V,22;31;33;71,2709 | 2025-Aug-02 Saturday,dlb,https://www.dlb.lk/result/11/,610
2025-08-03,2710,ada_kotipathi,Ada Kotipathi,Y,17;43;44;47,2710 | 2025-Aug-03 Sunday,dlb,https://www.dlb.lk/result/11/,611
2025-08-04,2711,ada_kotipathi,Ada Kotipathi,I,16;17;31;53,2711 | 2025-Aug-04 Monday,dlb,https://www.dlb.lk/result/11/,612
2025-08-05,2712,ada_kotipathi,Ada Kotipathi,F,20;21;46;52,2712 | 2025-Aug-05 Tuesday,dlb,https://www.dlb.lk/result/11/,613
2025-08-06,2713,ada_kotipathi,Ada Kotipathi,T,06;42;59;73,2713 | 2025-Aug-06 Wednesday,dlb,https://www.dlb.lk/result/11/,614
2025-08-07,2714,ada_kotipathi,Ada Kotipathi,N,01;11;29;49,2714 | 2025-Aug-07 Thursday,dlb,https://www.dlb.lk/result/11/,615
2025-08-08,2715,ada_kotipathi,Ada Kotipathi,K,36;40;43;51,2715 | 2025-Aug-08 Friday,dlb,https://www.dlb.lk/result/11/,616
2025-08-09,2716,ada_kotipathi,Ada Kotipathi,K,21;32;46;70,2716 | 2025-Aug-09 Saturday,dlb,https://www.dlb.lk/result/11/,617
2025-08-10,2717,ada_kotipathi,Ada Kotipathi,C,02;39;45;48,2717 | 2025-Aug-10 Sunday,dlb,https://www.dlb.lk/result/11/,618
2025-08-11,2718,ada_kotipathi,Ada Kotipathi,Y,03;30;48;66,2718 | 2025-Aug-11 Monday,dlb,https://www.dlb.lk/result/11/,619
2025-08-12,2719,ada_kotipathi,Ada Kotipathi,Y,44;56;59;63,2719 | 2025-Aug-12 Tuesday,dlb,https://www.dlb.lk/result/11/,620
2025-08-13,2720,ada_kotipathi,Ada Kotipathi,G,23;27;74;76,2720 | 2025-Aug-13 Wednesday,dlb,https://www.dlb.lk/result/11/,621
2025-08-14,2721,ada_kotipathi,Ada Kotipathi,S,08;09;32;49,2721 | 2025-Aug-14 Thursday,dlb,https://www.dlb.lk/result/11/,622
2025-08-15,2722,ada_kotipathi,Ada Kotipathi,M,30;43;57;75,2722 | 2025-Aug-15 Friday,dlb,https://www.dlb.lk/result/11/,623
2025-08-16,2723,ada_kotipathi,Ada Kotipathi,Y,18;20;55;69,2723 | 2025-Aug-16 Saturday,dlb,https://www.dlb.lk/result/11/,624
2025-08-17,2724,ada_kotipathi,Ada Kotipathi,M,02;24;31;32,2724 | 2025-Aug-17 Sunday,dlb,https://www.dlb.lk/result/11/,625
2025-08-18,2725,ada_kotipathi,Ada Kotipathi,R,11;15;16;65,2725 | 2025-Aug-18 Monday,dlb,https://www.dlb.lk/result/11/,626
2025-08-19,2726,ada_kotipathi,Ada Kotipathi,K,25;26;28;30,2726 | 2025-Aug-19 Tuesday,dlb,https://www.dlb.lk/result/11/,627
2025-08-20,2727,ada_kotipathi,Ada Kotipathi,V,28;33;54;65,2727 | 2025-Aug-20 Wednesday,dlb,https://www.dlb.lk/result/11/,628
2025-08-21,2728,ada_kotipathi,Ada Kotipathi,J,28;30;41;61,2728 | 2025-Aug-21 Thursday,dlb,https://www.dlb.lk/result/11/,629
2025-08-22,2729,ada_kotipathi,Ada Kotipathi,A,11;20;35;45,2729 | 2025-Aug-22 Friday,dlb,https://www.dlb.lk/result/11/,630
2025-08-23,2730,ada_kotipathi,Ada Kotipathi,E,17;21;22;38,2730 | 2025-Aug-23 Saturday,dlb,https://www.dlb.lk/result/11/,631
2025-08-24,2731,ada_kotipathi,Ada Kotipathi,O,02;09;20;75,2731 | 2025-Aug-24 Sunday,dlb,https://www.dlb.lk/result/11/,632
2025-08-25,2732,ada_kotipathi,Ada Kotipathi,U,19;24;29;45,2732 | 2025-Aug-25 Monday,dlb,https://www.dlb.lk/result/11/,633
2025-08-26,2733,ada_kotipathi,Ada Kotipathi,H,24;31;44;48,2733 | 2025-Aug-26 Tuesday,dlb,https://www.dlb.lk/result/11/,634
2025-08-27,2734,ada_kotipathi,Ada Kotipathi,J,27;37;46;57,2734 | 2025-Aug-27 Wednesday,dlb,https://www.dlb.lk/result/11/,635
2025-08-28,2735,ada_kotipathi,Ada Kotipathi,G,29;33;38;45,2735 | 2025-Aug-28 Thursday,dlb,https://www.dlb.lk/result/11/,636
2025-08-29,2736,ada_kotipathi,Ada Kotipathi,U,12;47;51;74,2736 | 2025-Aug-29 Friday,dlb,https://www.dlb.lk/result/11/,637
2025-08-30,2737,ada_kotipathi,Ada Kotipathi,H,13;18;24;26,2737 | 2025-Aug-30 Saturday,dlb,https://www.dlb.lk/result/11/,638
2025-08-31,2738,ada_kotipathi,Ada Kotipathi,P,16;39;59;73,2738 | 2025-Aug-31 Sunday,dlb,https://www.dlb.lk/result/11/,639
2025-09-01,2739,ada_kotipathi,Ada Kotipathi,M,22;36;40;76,2739 | 2025-Sep-01 Monday,dlb,https://www.dlb.lk/result/11/,640
2025-09-02,2740,ada_kotipathi,Ada Kotipathi,A,13;14;19;76,2740 | 2025-Sep-02 Tuesday,dlb,https://www.dlb.lk/result/11/,641
2025-09-03,2741,ada_kotipathi,Ada Kotipathi,I,01;04;16;34,2741 | 2025-Sep-03 Wednesday,dlb,https://www.dlb.lk/result/11/,642
2025-09-04,2742,ada_kotipathi,Ada Kotipathi,F,05;17;39;41,2742 | 2025-Sep-04 Thursday,dlb,https://www.dlb.lk/result/11/,643
2025-09-05,2743,ada_kotipathi,Ada Kotipathi,C,04;09;69;70,2743 | 2025-Sep-05 Friday,dlb,https://www.dlb.lk/result/11/,644
2025-09-06,2744,ada_kotipathi,Ada Kotipathi,B,23;28;40;45,2744 | 2025-Sep-06 Saturday,dlb,https://www.dlb.lk/result/11/,645
2025-09-07,2745,ada_kotipathi,Ada Kotipathi,G,07;16;46;53,2745 | 2025-Sep-07 Sunday,dlb,https://www.dlb.lk/result/11/,646
2025-09-08,2746,ada_kotipathi,Ada Kotipathi,T,28;56;62;69,2746 | 2025-Sep-08 Monday,dlb,https://www.dlb.lk/result/11/,647
2025-09-09,2747,ada_kotipathi,Ada Kotipathi,N,27;54;58;67,2747 | 2025-Sep-09 Tuesday,dlb,https://www.dlb.lk/result/11/,648
2025-09-10,2748,ada_kotipathi,Ada Kotipathi,B,40;50;53;71,2748 | 2025-Sep-10 Wednesday,dlb,https://www.dlb.lk/result/11/,649
2025-09-11,2749,ada_kotipathi,Ada Kotipathi,P,24;26;36;51,2749 | 2025-Sep-11 Thursday,dlb,https://www.dlb.lk/result/11/,650
2025-09-12,2750,ada_kotipathi,Ada Kotipathi,H,21;23;36;51,2750 | 2025-Sep-12 Friday,dlb,https://www.dlb.lk/result/11/,651
2025-09-13,2751,ada_kotipathi,Ada Kotipathi,U,08;10;27;73,2751 | 2025-Sep-13 Saturday,dlb,https://www.dlb.lk/result/11/,652
2025-09-14,2752,ada_kotipathi,Ada Kotipathi,G,22;34;63;73,2752 | 2025-Sep-14 Sunday,dlb,https://www.dlb.lk/result/11/,653
2025-09-15,2753,ada_kotipathi,Ada Kotipathi,L,19;41;46;54,2753 | 2025-Sep-15 Monday,dlb,https://www.dlb.lk/result/11/,654
2025-09-16,2754,ada_kotipathi,Ada Kotipathi,K,25;29;34;50,2754 | 2025-Sep-16 Tuesday,dlb,https://www.dlb.lk/result/11/,655
2025-09-17,2755,ada_kotipathi,Ada Kotipathi,I,19;22;47;53,2755 | 2025-Sep-17 Wednesday,dlb,https://www.dlb.lk/result/11/,656
2025-09-18,2756,ada_kotipathi,Ada Kotipathi,O,16;46;59;76,2756 | 2025-Sep-18 Thursday,dlb,https://www.dlb.lk/result/11/,657
2025-09-19,2757,ada_kotipathi,Ada Kotipathi,W,01;38;43;48,2757 | 2025-Sep-19 Friday,dlb,https://www.dlb.lk/result/11/,658
2025-09-20,2758,ada_kotipathi,Ada Kotipathi,F,15;29;65;75,2758 | 2025-Sep-20 Saturday,dlb,https://www.dlb.lk/result/11/,659
2025-09-21,2759,ada_kotipathi,Ada Kotipathi,R,13;21;41;74,2759 | 2025-Sep-21 Sunday,dlb,https://www.dlb.lk/result/11/,660
2025-09-22,2760,ada_kotipathi,Ada Kotipathi,L,31;52;56;68,2760 | 2025-Sep-22 Monday,dlb,https://www.dlb.lk/result/11/,661
2025-09-23,2761,ada_kotipathi,Ada Kotipathi,N,05;11;12;49,2761 | 2025-Sep-23 Tuesday,dlb,https://www.dlb.lk/result/11/,662
2025-09-24,2762,ada_kotipathi,Ada Kotipathi,J,10;25;36;55,2762 | 2025-Sep-24 Wednesday,dlb,https://www.dlb.lk/result/11/,663
2025-09-25,2763,ada_kotipathi,Ada Kotipathi,D,43;53;58;75,2763 | 2025-Sep-25 Thursday,dlb,https://www.dlb.lk/result/11/,664
2025-09-26,2764,ada_kotipathi,Ada Kotipathi,M,08;45;47;62,2764 | 2025-Sep-26 Friday,dlb,https://www.dlb.lk/result/11/,665
2025-09-27,2765,ada_kotipathi,Ada Kotipathi,I,20;31;51;75,2765 | 2025-Sep-27 Saturday,dlb,https://www.dlb.lk/result/11/,666
2025-09-28,2766,ada_kotipathi,Ada Kotipathi,R,28;39;40;71,2766 | 2025-Sep-28 Sunday,dlb,https://www.dlb.lk/result/11/,667
2025-09-29,2767,ada_kotipathi,Ada Kotipathi,P,15;42;49;69,2767 | 2025-Sep-29 Monday,dlb,https://www.dlb.lk/result/11/,668
2025-09-30,2768,ada_kotipathi,Ada Kotipathi,D,03;30;40;68,2768 | 2025-Sep-30 Tuesday,dlb,https://www.dlb.lk/result/11/,669
2025-10-01,2769,ada_kotipathi,Ada Kotipathi,Y,07;37;41;50,2769 | 2025-Oct-01 Wednesday,dlb,https://www.dlb.lk/result/11/,670
2025-10-02,2770,ada_kotipathi,Ada Kotipathi,R,08;40;46;75,2770 | 2025-Oct-02 Thursday,dlb,https://www.dlb.lk/result/11/,671
2025-10-03,2771,ada_kotipathi,Ada Kotipathi,L,22;30;48;72,2771 | 2025-Oct-03 Friday,dlb,https://www.dlb.lk/result/11/,672
2025-10-04,2772,ada_kotipathi,Ada Kotipathi,I,07;35;40;52,2772 | 2025-Oct-04 Saturday,dlb,https://www.dlb.lk/result/11/,673
2025-10-05,2773,ada_kotipathi,Ada Kotipathi,M,21;33;46;51,2773 | 2025-Oct-05 Sunday,dlb,https://www.dlb.lk/result/11/,674
2025-10-06,2774,ada_kotipathi,Ada Kotipathi,U,10;14;32;63,2774 | 2025-Oct-06 Monday,dlb,https://www.dlb.lk/result/11/,675
2025-10-07,2775,ada_kotipathi,Ada Kotipathi,X,21;22;24;62,2775 | 2025-Oct-07 Tuesday,dlb,https://www.dlb.lk/result/11/,676
2025-10-08,2776,ada_kotipathi,Ada Kotipathi,R,03;33;52;70,2776 | 2025-Oct-08 Wednesday,dlb,https://www.dlb.lk/result/11/,677
2025-10-09,2777,ada_kotipathi,Ada Kotipathi,Z,21;27;28;52,2777 | 2025-Oct-09 Thursday,dlb,https://www.dlb.lk/result/11/,678
2025-10-10,2778,ada_kotipathi,Ada Kotipathi,Q,07;33;58;64,2778 | 2025-Oct-10 Friday,dlb,https://www.dlb.lk/result/11/,679
2025-10-11,2779,ada_kotipathi,Ada Kotipathi,M,26;34;43;59,2779 | 2025-Oct-11 Saturday,dlb,https://www.dlb.lk/result/11/,680
2025-10-12,2780,ada_kotipathi,Ada Kotipathi,U,01;13;37;49,2780 | 2025-Oct-12 Sunday,dlb,https://www.dlb.lk/result/11/,681
2025-10-13,2781,ada_kotipathi,Ada Kotipathi,T,03;06;21;28,2781 | 2025-Oct-13 Monday,dlb,https://www.dlb.lk/result/11/,682
2025-10-14,2782,ada_kotipathi,Ada Kotipathi,A,06;29;47;62,2782 | 2025-Oct-14 Tuesday,dlb,https://www.dlb.lk/result/11/,683
2025-10-15,2783,ada_kotipathi,Ada Kotipathi,I,13;23;46;72,2783 | 2025-Oct-15 Wednesday,dlb,https://www.dlb.lk/result/11/,684
2025-10-16,2784,ada_kotipathi,Ada Kotipathi,C,22;32;45;50,2784 | 2025-Oct-16 Thursday,dlb,https://www.dlb.lk/result/11/,685
2025-10-17,2785,ada_kotipathi,Ada Kotipathi,L,11;13;18;19,2785 | 2025-Oct-17 Friday,dlb,https://www.dlb.lk/result/11/,686
2025-10-18,2786,ada_kotipathi,Ada Kotipathi,Q,13;35;68;71,2786 | 2025-Oct-18 Saturday,dlb,https://www.dlb.lk/result/11/,687
2025-10-19,2787,ada_kotipathi,Ada Kotipathi,E,05;24;33;48,2787 | 2025-Oct-19 Sunday,dlb,https://www.dlb.lk/result/11/,688
2025-10-20,2788,ada_kotipathi,Ada Kotipathi,L,08;54;75;76,2788 | 2025-Oct-20 Monday,dlb,https://www.dlb.lk/result/11/,689
2025-10-21,2789,ada_kotipathi,Ada Kotipathi,D,11;35;60;69,2789 | 2025-Oct-21 Tuesday,dlb,https://www.dlb.lk/result/11/,690
2025-10-22,2790,ada_kotipathi,Ada Kotipathi,H,46;47;64;69,2790 | 2025-Oct-22 Wednesday,dlb,https://www.dlb.lk/result/11/,691
2025-10-23,2791,ada_kotipathi,Ada Kotipathi,E,46;52;57;65,2791 | 2025-Oct-23 Thursday,dlb,https://www.dlb.lk/result/11/,692
2025-10-24,2792,ada_kotipathi,Ada Kotipathi,S,13;38;42;59,2792 | 2025-Oct-24 Friday,dlb,https://www.dlb.lk/result/11/,693
2025-10-25,2793,ada_kotipathi,Ada Kotipathi,R,04;24;59;68,2793 | 2025-Oct-25 Saturday,dlb,https://www.dlb.lk/result/11/,694
2025-10-26,2794,ada_kotipathi,Ada Kotipathi,G,03;44;56;76,2794 | 2025-Oct-26 Sunday,dlb,https://www.dlb.lk/result/11/,695
2025-10-27,2795,ada_kotipathi,Ada Kotipathi,R,22;27;28;52,2795 | 2025-Oct-27 Monday,dlb,https://www.dlb.lk/result/11/,696
2025-10-28,2796,ada_kotipathi,Ada Kotipathi,G,04;24;30;44,2796 | 2025-Oct-28 Tuesday,dlb,https://www.dlb.lk/result/11/,697
2025-10-29,2797,ada_kotipathi,Ada Kotipathi,G,35;45;63;70,2797 | 2025-Oct-29 Wednesday,dlb,https://www.dlb.lk/result/11/,698
2025-10-30,2798,ada_kotipathi,Ada Kotipathi,N,18;51;57;75,2798 | 2025-Oct-30 Thursday,dlb,https://www.dlb.lk/result/11/,699
2025-10-31,2799,ada_kotipathi,Ada Kotipathi,B,09;15;66;70,2799 | 2025-Oct-31 Friday,dlb,https://www.dlb.lk/result/11/,700
2025-11-01,2800,ada_kotipathi,Ada Kotipathi,A,31;32;59;60,2800 | 2025-Nov-01 Saturday,dlb,https://www.dlb.lk/result/11/,701
2025-11-02,2801,ada_kotipathi,Ada Kotipathi,D,16;36;56;70,2801 | 2025-Nov-02 Sunday,dlb,https://www.dlb.lk/result/11/,702
2025-11-03,2802,ada_kotipathi,Ada Kotipathi,K,26;60;65;75,2802 | 2025-Nov-03 Monday,dlb,https://www.dlb.lk/result/11/,703
2025-11-04,2803,ada_kotipathi,Ada Kotipathi,S,01;17;57;60,2803 | 2025-Nov-04 Tuesday,dlb,https://www.dlb.lk/result/11/,704
2025-11-05,2804,ada_kotipathi,Ada Kotipathi,R,06;30;47;52,2804 | 2025-Nov-05 Wednesday,dlb,https://www.dlb.lk/result/11/,705
2025-11-06,2805,ada_kotipathi,Ada Kotipathi,E,04;06;41;52,2805 | 2025-Nov-06 Thursday,dlb,https://www.dlb.lk/result/11/,706
2025-11-07,2806,ada_kotipathi,Ada Kotipathi,C,32;37;51;72,2806 | 2025-Nov-07 Friday,dlb,https://www.dlb.lk/result/11/,707
2025-11-08,2807,ada_kotipathi,Ada Kotipathi,F,10;21;48;68,2807 | 2025-Nov-08 Saturday,dlb,https://www.dlb.lk/result/11/,708
2025-11-09,2808,ada_kotipathi,Ada Kotipathi,R,23;34;55;71,2808 | 2025-Nov-09 Sunday,dlb,https://www.dlb.lk/result/11/,709
2025-11-10,2809,ada_kotipathi,Ada Kotipathi,B,31;53;63;70,2809 | 2025-Nov-10 Monday,dlb,https://www.dlb.lk/result/11/,710
2025-11-11,2810,ada_kotipathi,Ada Kotipathi,M,06;19;45;74,2810 | 2025-Nov-11 Tuesday,dlb,https://www.dlb.lk/result/11/,711
2025-11-12,2811,ada_kotipathi,Ada Kotipathi,L,37;54;70;72,2811 | 2025-Nov-12 Wednesday,dlb,https://www.dlb.lk/result/11/,712
2025-11-13,2812,ada_kotipathi,Ada Kotipathi,M,13;28;46;65,2812 | 2025-Nov-13 Thursday,dlb,https://www.dlb.lk/result/11/,713
2025-11-14,2813,ada_kotipathi,Ada Kotipathi,J,16;17;27;36,2813 | 2025-Nov-14 Friday,dlb,https://www.dlb.lk/result/11/,714
2025-11-15,2814,ada_kotipathi,Ada Kotipathi,U,06;46;51;76,2814 | 2025-Nov-15 Saturday,dlb,https://www.dlb.lk/result/11/,715
2025-11-16,2815,ada_kotipathi,Ada Kotipathi,K,07;42;53;54,2815 | 2025-Nov-16 Sunday,dlb,https://www.dlb.lk/result/11/,716
2025-11-17,2816,ada_kotipathi,Ada Kotipathi,K,09;23;61;62,2816 | 2025-Nov-17 Monday,dlb,https://www.dlb.lk/result/11/,717
2025-11-18,2817,ada_kotipathi,Ada Kotipathi,R,08;33;60;66,2817 | 2025-Nov-18 Tuesday,dlb,https://www.dlb.lk/result/11/,718
2025-11-19,2818,ada_kotipathi,Ada Kotipathi,Q,08;51;55;57,2818 | 2025-Nov-19 Wednesday,dlb,https://www.dlb.lk/result/11/,719
2025-11-20,2819,ada_kotipathi,Ada Kotipathi,I,20;30;43;58,2819 | 2025-Nov-20 Thursday,dlb,https://www.dlb.lk/result/11/,720
2025-11-21,2820,ada_kotipathi,Ada Kotipathi,V,38;45;50;54,2820 | 2025-Nov-21 Friday,dlb,https://www.dlb.lk/result/11/,721
2025-11-22,2821,ada_kotipathi,Ada Kotipathi,R,15;34;40;56,2821 | 2025-Nov-22 Saturday,dlb,https://www.dlb.lk/result/11/,722
2025-11-23,2822,ada_kotipathi,Ada Kotipathi,X,18;33;51;56,2822 | 2025-Nov-23 Sunday,dlb,https://www.dlb.lk/result/11/,723
2025-11-24,2823,ada_kotipathi,Ada Kotipathi,W,28;38;69;71,2823 | 2025-Nov-24 Monday,dlb,https://www.dlb.lk/result/11/,724
2025-11-25,2824,ada_kotipathi,Ada Kotipathi,O,01;17;50;70,2824 | 2025-Nov-25 Tuesday,dlb,https://www.dlb.lk/result/11/,725
2025-11-26,2825,ada_kotipathi,Ada Kotipathi,Y,07;50;60;69,2825 | 2025-Nov-26 Wednesday,dlb,https://www.dlb.lk/result/11/,726
2025-11-27,2826,ada_kotipathi,Ada Kotipathi,B,13;36;39;75,2826 | 2025-Nov-27 Thursday,dlb,https://www.dlb.lk/result/11/,727
2025-11-28,2827,ada_kotipathi,Ada Kotipathi,W,14;34;48;58,2827 | 2025-Nov-28 Friday,dlb,https://www.dlb.lk/result/11/,728
2025-11-29,2828,ada_kotipathi,Ada Kotipathi,V,06;16;31;55,2828 | 2025-Nov-29 Saturday,dlb,https://www.dlb.lk/result/11/,729
2025-11-30,2829,ada_kotipathi,Ada Kotipathi,S,52;53;57;72,2829 | 2025-Nov-30 Sunday,dlb,https://www.dlb.lk/result/11/,730
2025-12-01,2830,ada_kotipathi,Ada Kotipathi,R,11;21;32;34,2830 | 2025-Dec-01 Monday,dlb,https://www.dlb.lk/result/11/,731
2025-12-02,2831,ada_kotipathi,Ada Kotipathi,R,02;18;44;47,2831 | 2025-Dec-02 Tuesday,dlb,https://www.dlb.lk/result/11/,732
2025-12-03,2832,ada_kotipathi,Ada Kotipathi,X,30;53;71;75,2832 | 2025-Dec-03 Wednesday,dlb,https://www.dlb.lk/result/11/,733
2025-12-04,2833,ada_kotipathi,Ada Kotipathi,R,09;41;50;74,2833 | 2025-Dec-04 Thursday,dlb,https://www.dlb.lk/result/11/,734
2025-12-05,2834,ada_kotipathi,Ada Kotipathi,G,04;21;73;76,2834 | 2025-Dec-05 Friday,dlb,https://www.dlb.lk/result/11/,735
2025-12-06,2835,ada_kotipathi,Ada Kotipathi,H,03;21;74;75,2835 | 2025-Dec-06 Saturday,dlb,https://www.dlb.lk/result/11/,736
2025-12-07,2836,ada_kotipathi,Ada Kotipathi,J,30;43;61;64,2836 | 2025-Dec-07 Sunday,dlb,https://www.dlb.lk/result/11/,737
2025-12-08,2837,ada_kotipathi,Ada Kotipathi,I,18;21;40;44,2837 | 2025-Dec-08 Monday,dlb,https://www.dlb.lk/result/11/,738
2025-12-09,2838,ada_kotipathi,Ada Kotipathi,U,03;30;58;73,2838 | 2025-Dec-09 Tuesday,dlb,https://www.dlb.lk/result/11/,739
2025-12-10,2839,ada_kotipathi,Ada Kotipathi,A,34;57;64;69,2839 | 2025-Dec-10 Wednesday,dlb,https://www.dlb.lk/result/11/,740
2025-12-11,2840,ada_kotipathi,Ada Kotipathi,Z,06;20;23;31,2840 | 2025-Dec-11 Thursday,dlb,https://www.dlb.lk/result/11/,741
2025-12-12,2841,ada_kotipathi,Ada Kotipathi,H,10;13;30;59,2841 | 2025-Dec-12 Friday,dlb,https://www.dlb.lk/result/11/,742
2025-12-13,2842,ada_kotipathi,Ada Kotipathi,J,05;08;33;46,2842 | 2025-Dec-13 Saturday,dlb,https://www.dlb.lk/result/11/,743
2025-12-14,2843,ada_kotipathi,Ada Kotipathi,Z,13;20;43;54,2843 | 2025-Dec-14 Sunday,dlb,https://www.dlb.lk/result/11/,744
2025-12-15,2844,ada_kotipathi,Ada Kotipathi,G,24;26;54;68,2844 | 2025-Dec-15 Monday,dlb,https://www.dlb.lk/result/11/,745
2025-12-16,2845,ada_kotipathi,Ada Kotipathi,N,05;14;20;62,2845 | 2025-Dec-16 Tuesday,dlb,https://www.dlb.lk/result/11/,746
2025-12-17,2846,ada_kotipathi,Ada Kotipathi,T,25;34;38;76,2846 | 2025-Dec-17 Wednesday,dlb,https://www.dlb.lk/result/11/,747
2025-12-18,2847,ada_kotipathi,Ada Kotipathi,N,13;51;63;67,2847 | 2025-Dec-18 Thursday,dlb,https://www.dlb.lk/result/11/,748
2025-12-19,2848,ada_kotipathi,Ada Kotipathi,N,27;36;50;61,2848 | 2025-Dec-19 Friday,dlb,https://www.dlb.lk/result/11/,749
2025-12-20,2849,ada_kotipathi,Ada Kotipathi,F,09;63;65;73,2849 | 2025-Dec-20 Saturday,dlb,https://www.dlb.lk/result/11/,750
2025-12-21,2850,ada_kotipathi,Ada Kotipathi,S,10;28;32;45,2850 | 2025-Dec-21 Sunday,dlb,https://www.dlb.lk/result/11/,751
2025-12-22,2851,ada_kotipathi,Ada Kotipathi,L,03;09;54;76,2851 | 2025-Dec-22 Monday,dlb,https://www.dlb.lk/result/11/,752
2025-12-23,2852,ada_kotipathi,Ada Kotipathi,I,11;12;37;67,2852 | 2025-Dec-23 Tuesday,dlb,https://www.dlb.lk/result/11/,753
2025-12-24,2853,ada_kotipathi,Ada Kotipathi,E,12;19;23;37,2853 | 2025-Dec-24 Wednesday,dlb,https://www.dlb.lk/result/11/,754
2025-12-25,2854,ada_kotipathi,Ada Kotipathi,Q,13;14;41;51,2854 | 2025-Dec-25 Thursday,dlb,https://www.dlb.lk/result/11/,755
2025-12-26,2855,ada_kotipathi,Ada Kotipathi,H,01;19;74;75,2855 | 2025-Dec-26 Friday,dlb,https://www.dlb.lk/result/11/,756
2025-12-27,2856,ada_kotipathi,Ada Kotipathi,X,04;16;49;76,2856 | 2025-Dec-27 Saturday,dlb,https://www.dlb.lk/result/11/,757
2025-12-28,2857,ada_kotipathi,Ada Kotipathi,B,07;36;39;59,2857 | 2025-Dec-28 Sunday,dlb,https://www.dlb.lk/result/11/,758
2025-12-29,2858,ada_kotipathi,Ada Kotipathi,W,02;18;32;54,2858 | 2025-Dec-29 Monday,dlb,https://www.dlb.lk/result/11/,759
2025-12-30,2859,ada_kotipathi,Ada Kotipathi,N,09;11;29;41,2859 | 2025-Dec-30 Tuesday,dlb,https://www.dlb.lk/result/11/,760
2025-12-31,2860,ada_kotipathi,Ada Kotipathi,M,25;29;70;72,2860 | 2025-Dec-31 Wednesday,dlb,https://www.dlb.lk/result/11/,761
2026-01-01,2861,ada_kotipathi,Ada Kotipathi,Y,20;23;43;60,2861 | 2026-Jan-01 Thursday,dlb,https://www.dlb.lk/result/11/,762
2026-01-02,2862,ada_kotipathi,Ada Kotipathi,Q,29;43;44;72,2862 | 2026-Jan-02 Friday,dlb,https://www.dlb.lk/result/11/,763
2026-01-03,2863,ada_kotipathi,Ada Kotipathi,H,05;43;46;62,2863 | 2026-Jan-03 Saturday,dlb,https://www.dlb.lk/result/11/,764
2026-01-04,2864,ada_kotipathi,Ada Kotipathi,Y,08;21;71;76,2864 | 2026-Jan-04 Sunday,dlb,https://www.dlb.lk/result/11/,765
2026-01-05,2865,ada_kotipathi,Ada Kotipathi,P,14;21;25;38,2865 | 2026-Jan-05 Monday,dlb,https://www.dlb.lk/result/11/,766
2026-01-06,2866,ada_kotipathi,Ada Kotipathi,J,09;31;35;60,2866 | 2026-Jan-06 Tuesday,dlb,https://www.dlb.lk/result/11/,767
2026-01-07,2867,ada_kotipathi,Ada Kotipathi,N,10;17;28;72,2867 | 2026-Jan-07 Wednesday,dlb,https://www.dlb.lk/result/11/,768
2026-01-08,2868,ada_kotipathi,Ada Kotipathi,Q,36;42;69;72,2868 | 2026-Jan-08 Thursday,dlb,https://www.dlb.lk/result/11/,769
2026-01-09,2869,ada_kotipathi,Ada Kotipathi,P,32;40;52;74,2869 | 2026-Jan-09 Friday,dlb,https://www.dlb.lk/result/11/,770
2026-01-10,2870,ada_kotipathi,Ada Kotipathi,S,19;26;35;75,2870 | 2026-Jan-10 Saturday,dlb,https://www.dlb.lk/result/11/,771
2026-01-11,2871,ada_kotipathi,Ada Kotipathi,O,12;30;54;62,2871 | 2026-Jan-11 Sunday,dlb,https://www.dlb.lk/result/11/,772
