draw_date,draw_id,game,game_name,letter,numbers,raw_text,source,url
2026-01-11,875,sasiri,Sasiri,,27;34;37,875 | 2026-Jan-11 Sunday,dlb,https://www.dlb.lk/result/13/
2026-01-10,874,sasiri,Sasiri,,10;17;20,874 | 2026-Jan-10 Saturday,dlb,https://www.dlb.lk/result/13/
2026-01-09,873,sasiri,Sasiri,,08;19;33,873 | 2026-Jan-09 Friday,dlb,https://www.dlb.lk/result/13/
2026-01-08,872,sasiri,Sasiri,,26;35;44,872 | 2026-Jan-08 Thursday,dlb,https://www.dlb.lk/result/13/
2026-01-07,871,sasiri,Sasiri,,12;37;39,871 | 2026-Jan-07 Wednesday,dlb,https://www.dlb.lk/result/13/
2026-01-06,870,sasiri,Sasiri,,31;33;46,870 | 2026-Jan-06 Tuesday,dlb,https://www.dlb.lk/result/13/
2026-01-05,869,sasiri,Sasiri,,30;32;33,869 | 2026-Jan-05 Monday,dlb,https://www.dlb.lk/result/13/
2026-01-04,868,sasiri,Sasiri,,18;35;36,868 | 2026-Jan-04 Sunday,dlb,https://www.dlb.lk/result/13/
2026-01-03,867,sasiri,Sasiri,,14;27;42,867 | 2026-Jan-03 Saturday,dlb,https://www.dlb.lk/result/13/
2026-01-02,866,sasiri,Sasiri,,10;28;50,866 | 2026-Jan-02 Friday,dlb,https://www.dlb.lk/result/13/
2026-01-01,865,sasiri,Sasiri,,15;21;33,865 | 2026-Jan-01 Thursday,dlb,https://www.dlb.lk/result/13/
2025-12-31,864,sasiri,Sasiri,,11;47;49,864 | 2025-Dec-31 Wednesday,dlb,https://www.dlb.lk/result/13/
2025-12-30,863,sasiri,Sasiri,,22;34;43,863 | 2025-Dec-30 Tuesday,dlb,https://www.dlb.lk/result/13/
2025-12-29,862,sasiri,Sasiri,,04;43;48,862 | 2025-Dec-29 Monday,dlb,https://www.dlb.lk/result/13/
2025-12-28,861,sasiri,Sasiri,,03;45;49,861 | 2025-Dec-28 Sunday,dlb,https://www.dlb.lk/result/13/
2025-12-27,860,sasiri,Sasiri,,16;25;38,860 | 2025-Dec-27 Saturday,dlb,https://www.dlb.lk/result/13/
2025-12-26,859,sasiri,Sasiri,,05;11;41,859 | 2025-Dec-26 Friday,dlb,https://www.dlb.lk/result/13/
2025-12-25,858,sasiri,Sasiri,,04;06;46,858 | 2025-Dec-25 Thursday,dlb,https://www.dlb.lk/result/13/
2025-12-24,857,sasiri,Sasiri,,18;23;43,857 | 2025-Dec-24 Wednesday,dlb,https://www.dlb.lk/result/13/
2025-12-23,856,sasiri,Sasiri,,11;13;37,856 | 2025-Dec-23 Tuesday,dlb,https://www.dlb.lk/result/13/
2025-12-22,855,sasiri,Sasiri,,20;40;48,855 | 2025-Dec-22 Monday,dlb,https://www.dlb.lk/result/13/
2025-12-21,854,sasiri,Sasiri,,01;18;27,854 | 2025-Dec-21 Sunday,dlb,https://www.dlb.lk/result/13/
2025-12-20,853,sasiri,Sasiri,,08;27;34,853 | 2025-Dec-20 Saturday,dlb,https://www.dlb.lk/result/13/
2025-12-19,852,sasiri,Sasiri,,03;07;19,852 | 2025-Dec-19 Friday,dlb,https://www.dlb.lk/result/13/
2025-12-18,851,sasiri,Sasiri,,19;21;39,851 | 2025-Dec-18 Thursday,dlb,https://www.dlb.lk/result/13/
2025-12-17,850,sasiri,Sasiri,,18;30;43,850 | 2025-Dec-17 Wednesday,dlb,https://www.dlb.lk/result/13/
2025-12-16,849,sasiri,Sasiri,,10;39;45,849 | 2025-Dec-16 Tuesday,dlb,https://www.dlb.lk/result/13/
2025-12-15,848,sasiri,Sasiri,,05;06;35,848 | 2025-Dec-15 Monday,dlb,https://www.dlb.lk/result/13/
2025-12-14,847,sasiri,Sasiri,,15;29;31,847 | 2025-Dec-14 Sunday,dlb,https://www.dlb.lk/result/13/
2025-12-13,846,sasiri,Sasiri,,16;33;36,846 | 2025-Dec-13 Saturday,dlb,https://www.dlb.lk/result/13/
2025-12-12,845,sasiri,Sasiri,,09;18;22,845 | 2025-Dec-12 Friday,dlb,https://www.dlb.lk/result/13/
2025-12-11,844,sasiri,Sasiri,,21;23;31,844 | 2025-Dec-11 Thursday,dlb,https://www.dlb.lk/result/13/
2025-12-10,843,sasiri,Sasiri,,20;27;41,843 | 2025-Dec-10 Wednesday,dlb,https://www.dlb.lk/result/13/
2025-12-09,842,sasiri,Sasiri,,08;26;43,842 | 2025-Dec-09 Tuesday,dlb,https://www.dlb.lk/result/13/
2025-12-08,841,sasiri,Sasiri,,03;18;46,841 | 2025-Dec-08 Monday,dlb,https://www.dlb.lk/result/13/
2025-12-07,840,sasiri,Sasiri,,34;35;47,840 | 2025-Dec-07 Sunday,dlb,https://www.dlb.lk/result/13/
2025-12-06,839,sasiri,Sasiri,,19;28;48,839 | 2025-Dec-06 Saturday,dlb,https://www.dlb.lk/result/13/
2025-12-05,838,sasiri,Sasiri,,04;29;36,838 | 2025-Dec-05 Friday,dlb,https://www.dlb.lk/result/13/
2025-12-04,837,sasiri,Sasiri,,09;12;30,837 | 2025-Dec-04 Thursday,dlb,https://www.dlb.lk/result/13/
2025-12-03,836,sasiri,Sasiri,,08;30;49,836 | 2025-Dec-03 Wednesday,dlb,https://www.dlb.lk/result/13/
2025-12-02,835,sasiri,Sasiri,,03;16;19,835 | 2025-Dec-02 Tuesday,dlb,https://www.dlb.lk/result/13/
2025-12-01,834,sasiri,Sasiri,,02;20;44,834 | 2025-Dec-01 Monday,dlb,https://www.dlb.lk/result/13/
2025-11-30,833,sasiri,Sasiri,,05;14;37,833 | 2025-Nov-30 Sunday,dlb,https://www.dlb.lk/result/13/
2025-11-29,832,sasiri,Sasiri,,08;22;25,832 | 2025-Nov-29 Saturday,dlb,https://www.dlb.lk/result/13/
2025-11-28,831,sasiri,Sasiri,,05;26;48,831 | 2025-Nov-28 Friday,dlb,https://www.dlb.lk/result/13/
2025-11-27,830,sasiri,Sasiri,,08;14;19,830 | 2025-Nov-27 Thursday,dlb,https://www.dlb.lk/result/13/
2025-11-26,829,sasiri,Sasiri,,10;14;16,829 | 2025-Nov-26 Wednesday,dlb,https://www.dlb.lk/result/13/
2025-11-25,828,sasiri,Sasiri,,24;41;42,828 | 2025-Nov-25 Tuesday,dlb,https://www.dlb.lk/result/13/
2025-11-24,827,sasiri,Sasiri,,01;09;16,827 | 2025-Nov-24 Monday,dlb,https://www.dlb.lk/result/13/
2025-11-23,826,sasiri,Sasiri,,20;32;44,826 | 2025-Nov-23 Sunday,dlb,https://www.dlb.lk/result/13/
2025-11-22,825,sasiri,Sasiri,,22;41;42,825 | 2025-Nov-22 Saturday,dlb,https://www.dlb.lk/result/13/
2025-11-21,824,sasiri,Sasiri,,26;30;31,824 | 2025-Nov-21 Friday,dlb,https://www.dlb.lk/result/13/
2025-11-20,823,sasiri,Sasiri,,04;35;50,823 | 2025-Nov-20 Thursday,dlb,https://www.dlb.lk/result/13/
2025-11-19,822,sasiri,Sasiri,,02;19;39,822 | 2025-Nov-19 Wednesday,dlb,https://www.dlb.lk/result/13/
2025-11-18,821,sasiri,Sasiri,,09;14;40,821 | 2025-Nov-18 Tuesday,dlb,https://www.dlb.lk/result/13/
2025-11-17,820,sasiri,Sasiri,,06;16;31,820 | 2025-Nov-17 Monday,dlb,https://www.dlb.lk/result/13/
2025-11-16,819,sasiri,Sasiri,,02;04;26,819 | 2025-Nov-16 Sunday,dlb,https://www.dlb.lk/result/13/
2025-11-15,818,sasiri,Sasiri,,09;23;49,818 | 2025-Nov-15 Saturday,dlb,https://www.dlb.lk/result/13/
2025-11-14,817,sasiri,Sasiri,,02;10;18,817 | 2025-Nov-14 Friday,dlb,https://www.dlb.lk/result/13/
2025-11-13,816,sasiri,Sasiri,,07;10;43,816 | 2025-Nov-13 Thursday,dlb,https://www.dlb.lk/result/13/
2025-11-12,815,sasiri,Sasiri,,02;26;31,815 | 2025-Nov-12 Wednesday,dlb,https://www.dlb.lk/result/13/
2025-11-11,814,sasiri,Sasiri,,16;33;46,814 | 2025-Nov-11 Tuesday,dlb,https://www.dlb.lk/result/13/
2025-11-10,813,sasiri,Sasiri,,04;07;08,813 | 2025-Nov-10 Monday,dlb,https://www.dlb.lk/result/13/
2025-11-09,812,sasiri,Sasiri,,34;48;49,812 | 2025-Nov-09 Sunday,dlb,https://www.dlb.lk/result/13/
2025-11-08,811,sasiri,Sasiri,,04;12;19,811 | 2025-Nov-08 Saturday,dlb,https://www.dlb.lk/result/13/
2025-11-07,810,sasiri,Sasiri,,01;02;23,810 | 2025-Nov-07 Friday,dlb,https://www.dlb.lk/result/13/
2025-11-06,809,sasiri,Sasiri,,34;36;38,809 | 2025-Nov-06 Thursday,dlb,https://www.dlb.lk/result/13/
2025-11-05,808,sasiri,Sasiri,,04;08;38,808 | 2025-Nov-05 Wednesday,dlb,https://www.dlb.lk/result/13/
2025-11-04,807,sasiri,Sasiri,,10;25;28,807 | 2025-Nov-04 Tuesday,dlb,https://www.dlb.lk/result/13/
2025-11-03,806,sasiri,Sasiri,,13;29;35,806 | 2025-Nov-03 Monday,dlb,https://www.dlb.lk/result/13/
2025-11-02,805,sasiri,Sasiri,,10;31;36,805 | 2025-Nov-02 Sunday,dlb,https://www.dlb.lk/result/13/
2025-11-01,804,sasiri,Sasiri,,18;32;37,804 | 2025-Nov-01 Saturday,dlb,https://www.dlb.lk/result/13/
2025-10-31,803,sasiri,Sasiri,,19;32;46,803 | 2025-Oct-31 Friday,dlb,https://www.dlb.lk/result/13/
2025-10-30,802,sasiri,Sasiri,,14;30;31,802 | 2025-Oct-30 Thursday,dlb,https://www.dlb.lk/result/13/
2025-10-28,801,sasiri,Sasiri,,16;17;25,801 | 2025-Oct-28 Tuesday,dlb,https://www.dlb.lk/result/13/
2025-10-26,800,sasiri,Sasiri,,07;18;30,800 | 2025-Oct-26 Sunday,dlb,https://www.dlb.lk/result/13/
2025-10-25,799,sasiri,Sasiri,,17;22;40,799 | 2025-Oct-25 Saturday,dlb,https://www.dlb.lk/result/13/
2025-10-24,798,sasiri,Sasiri,,03;17;46,798 | 2025-Oct-24 Friday,dlb,https://www.dlb.lk/result/13/
2025-10-23,797,sasiri,Sasiri,,06;17;43,797 | 2025-Oct-23 Thursday,dlb,https://www.dlb.lk/result/13/
2025-10-21,796,sasiri,Sasiri,,19;24;30,796 | 2025-Oct-21 Tuesday,dlb,https://www.dlb.lk/result/13/
2025-10-19,795,sasiri,Sasiri,,19;30;42,795 | 2025-Oct-19 Sunday,dlb,https://www.dlb.lk/result/13/
2025-10-18,794,sasiri,Sasiri,,27;36;42,794 | 2025-Oct-18 Saturday,dlb,https://www.dlb.lk/result/13/
2025-10-17,793,sasiri,Sasiri,,12;25;49,793 | 2025-Oct-17 Friday,dlb,https://www.dlb.lk/result/13/
2025-10-16,792,sasiri,Sasiri,,10;14;38,792 | 2025-Oct-16 Thursday,dlb,https://www.dlb.lk/result/13/
2025-10-14,791,sasiri,Sasiri,,20;31;43,791 | 2025-Oct-14 Tuesday,dlb,https://www.dlb.lk/result/13/
2025-10-12,790,sasiri,Sasiri,,09;10;38,790 | 2025-Oct-12 Sunday,dlb,https://www.dlb.lk/result/13/
2025-10-11,789,sasiri,Sasiri,,19;27;33,789 | 2025-Oct-11 Saturday,dlb,https://www.dlb.lk/result/13/
2025-10-10,788,sasiri,Sasiri,,03;11;15,788 | 2025-Oct-10 Friday,dlb,https://www.dlb.lk/result/13/
2025-10-09,787,sasiri,Sasiri,,06;20;34,787 | 2025-Oct-09 Thursday,dlb,https://www.dlb.lk/result/13/
2025-10-07,786,sasiri,Sasiri,,18;35;50,786 | 2025-Oct-07 Tuesday,dlb,https://www.dlb.lk/result/13/
2025-10-05,785,sasiri,Sasiri,,06;10;21,785 | 2025-Oct-05 Sunday,dlb,https://www.dlb.lk/result/13/
2025-10-04,784,sasiri,Sasiri,,16;25;26,784 | 2025-Oct-04 Saturday,dlb,https://www.dlb.lk/result/13/
2025-10-03,783,sasiri,Sasiri,,25;30;43,783 | 2025-Oct-03 Friday,dlb,https://www.dlb.lk/result/13/
2025-10-02,782,sasiri,Sasiri,,07;14;38,782 | 2025-Oct-02 Thursday,dlb,https://www.dlb.lk/result/13/
2025-09-30,781,sasiri,Sasiri,,02;18;25,781 | 2025-Sep-30 Tuesday,dlb,https://www.dlb.lk/result/13/
2025-09-28,780,sasiri,Sasiri,,17;25;48,780 | 2025-Sep-28 Sunday,dlb,https://www.dlb.lk/result/13/
2025-09-27,779,sasiri,Sasiri,,14;17;47,779 | 2025-Sep-27 Saturday,dlb,https://www.dlb.lk/result/13/
2025-09-26,778,sasiri,Sasiri,,09;42;45,778 | 2025-Sep-26 Friday,dlb,https://www.dlb.lk/result/13/
2025-09-25,777,sasiri,Sasiri,,06;17;47,777 | 2025-Sep-25 Thursday,dlb,https://www.dlb.lk/result/13/
2025-09-23,776,sasiri,Sasiri,,22;44;48,776 | 2025-Sep-23 Tuesday,dlb,https://www.dlb.lk/result/13/
2025-09-21,775,sasiri,Sasiri,,16;20;29,775 | 2025-Sep-21 Sunday,dlb,https://www.dlb.lk/result/13/
2025-09-20,774,sasiri,Sasiri,,16;23;43,774 | 2025-Sep-20 Saturday,dlb,https://www.dlb.lk/result/13/
2025-09-19,773,sasiri,Sasiri,,34;42;45,773 | 2025-Sep-19 Friday,dlb,https://www.dlb.lk/result/13/
2025-09-18,772,sasiri,Sasiri,,22;25;40,772 | 2025-Sep-18 Thursday,dlb,https://www.dlb.lk/result/13/
2025-09-16,771,sasiri,Sasiri,,05;08;25,771 | 2025-Sep-16 Tuesday,dlb,https://www.dlb.lk/result/13/
2025-09-14,770,sasiri,Sasiri,,26;32;42,770 | 2025-Sep-14 Sunday,dlb,https://www.dlb.lk/result/13/
2025-09-13,769,sasiri,Sasiri,,02;37;48,769 | 2025-Sep-13 Saturday,dlb,https://www.dlb.lk/result/13/
2025-09-12,768,sasiri,Sasiri,,05;08;43,768 | 2025-Sep-12 Friday,dlb,https://www.dlb.lk/result/13/
2025-09-11,767,sasiri,Sasiri,,15;18;25,767 | 2025-Sep-11 Thursday,dlb,https://www.dlb.lk/result/13/
2025-09-09,766,sasiri,Sasiri,,17;28;40,766 | 2025-Sep-09 Tuesday,dlb,https://www.dlb.lk/result/13/
2025-09-07,765,sasiri,Sasiri,,01;06;11,765 | 2025-Sep-07 Sunday,dlb,https://www.dlb.lk/result/13/
2025-09-06,764,sasiri,Sasiri,,25;41;44,764 | 2025-Sep-06 Saturday,dlb,https://www.dlb.lk/result/13/
2025-09-05,763,sasiri,Sasiri,,22;30;41,763 | 2025-Sep-05 Friday,dlb,https://www.dlb.lk/result/13/
2025-09-04,762,sasiri,Sasiri,,09;13;40,762 | 2025-Sep-04 Thursday,dlb,https://www.dlb.lk/result/13/
2025-09-02,761,sasiri,Sasiri,,27;45;47,761 | 2025-Sep-02 Tuesday,dlb,https://www.dlb.lk/result/13/
2025-08-31,760,sasiri,Sasiri,,26;37;46,760 | 2025-Aug-31 Sunday,dlb,https://www.dlb.lk/result/13/
2025-08-30,759,sasiri,Sasiri,,08;45;47,759 | 2025-Aug-30 Saturday,dlb,https://www.dlb.lk/result/13/
2025-08-29,758,sasiri,Sasiri,,19;43;50,758 | 2025-Aug-29 Friday,dlb,https://www.dlb.lk/result/13/
2025-08-28,757,sasiri,Sasiri,,22;47;48,757 | 2025-Aug-28 Thursday,dlb,https://www.dlb.lk/result/13/
2025-08-26,756,sasiri,Sasiri,,21;29;35,756 | 2025-Aug-26 Tuesday,dlb,https://www.dlb.lk/result/13/
2025-08-24,755,sasiri,Sasiri,,14;33;40,755 | 2025-Aug-24 Sunday,dlb,https://www.dlb.lk/result/13/
2025-08-23,754,sasiri,Sasiri,,13;17;39,754 | 2025-Aug-23 Saturday,dlb,https://www.dlb.lk/result/13/
2025-08-22,753,sasiri,Sasiri,,04;21;49,753 | 2025-Aug-22 Friday,dlb,https://www.dlb.lk/result/13/
2025-08-21,752,sasiri,Sasiri,,10;41;50,752 | 2025-Aug-21 Thursday,dlb,https://www.dlb.lk/result/13/
2025-08-19,751,sasiri,Sasiri,,20;35;42,751 | 2025-Aug-19 Tuesday,dlb,https://www.dlb.lk/result/13/
2025-08-17,750,sasiri,Sasiri,,06;10;17,750 | 2025-Aug-17 Sunday,dlb,https://www.dlb.lk/result/13/
2025-08-16,749,sasiri,Sasiri,,05;26;38,749 | 2025-Aug-16 Saturday,dlb,https://www.dlb.lk/result/13/
2025-08-15,748,sasiri,Sasiri,,20;23;31,748 | 2025-Aug-15 Friday,dlb,https://www.dlb.lk/result/13/
2025-08-14,747,sasiri,Sasiri,,29;44;45,747 | 2025-Aug-14 Thursday,dlb,https://www.dlb.lk/result/13/
2025-08-12,746,sasiri,Sasiri,,03;24;32,746 | 2025-Aug-12 Tuesday,dlb,https://www.dlb.lk/result/13/
2025-08-10,745,sasiri,Sasiri,,09;17;49,745 | 2025-Aug-10 Sunday,dlb,https://www.dlb.lk/result/13/
2025-08-09,744,sasiri,Sasiri,,13;16;24,744 | 2025-Aug-09 Saturday,dlb,https://www.dlb.lk/result/13/
2025-08-08,743,sasiri,Sasiri,,26;31;32,743 | 2025-Aug-08 Friday,dlb,https://www.dlb.lk/result/13/
2025-08-07,742,sasiri,Sasiri,,18;21;43,742 | 2025-Aug-07 Thursday,dlb,https://www.dlb.lk/result/13/
2025-08-05,741,sasiri,Sasiri,,03;27;30,741 | 2025-Aug-05 Tuesday,dlb,https://www.dlb.lk/result/13/
2025-08-03,740,sasiri,Sasiri,,39;45;47,740 | 2025-Aug-03 Sunday,dlb,https://www.dlb.lk/result/13/
2025-08-02,739,sasiri,Sasiri,,20;29;30,739 | 2025-Aug-02 Saturday,dlb,https://www.dlb.lk/result/13/
2025-08-01,738,sasiri,Sasiri,,18;25;38,738 | 2025-Aug-01 Friday,dlb,https://www.dlb.lk/result/13/
2025-07-31,737,sasiri,Sasiri,,07;08;14,737 | 2025-Jul-31 Thursday,dlb,https://www.dlb.lk/result/13/
2025-07-29,736,sasiri,Sasiri,,23;25;36,736 | 2025-Jul-29 Tuesday,dlb,https://www.dlb.lk/result/13/
2025-07-27,735,sasiri,Sasiri,,23;26;33,735 | 2025-Jul-27 Sunday,dlb,https://www.dlb.lk/result/13/
2025-07-26,734,sasiri,Sasiri,,05;22;31,734 | 2025-Jul-26 Saturday,dlb,https://www.dlb.lk/result/13/
2025-07-25,733,sasiri,Sasiri,,14;34;35,733 | 2025-Jul-25 Friday,dlb,https://www.dlb.lk/result/13/
2025-07-24,732,sasiri,Sasiri,,20;22;31,732 | 2025-Jul-24 Thursday,dlb,https://www.dlb.lk/result/13/
2025-07-22,731,sasiri,Sasiri,,01;04;44,731 | 2025-Jul-22 Tuesday,dlb,https://www.dlb.lk/result/13/
2025-07-20,730,sasiri,Sasiri,,02;35;36,730 | 2025-Jul-20 Sunday,dlb,https://www.dlb.lk/result/13/
2025-07-19,729,sasiri,Sasiri,,05;30;34,729 | 2025-Jul-19 Saturday,dlb,https://www.dlb.lk/result/13/
2025-07-18,728,sasiri,Sasiri,,07;12;26,728 | 2025-Jul-18 Friday,dlb,https://www.dlb.lk/result/13/
2025-07-17,727,sasiri,Sasiri,,04;12;34,727 | 2025-Jul-17 Thursday,dlb,https://www.dlb.lk/result/13/
2025-07-15,726,sasiri,Sasiri,,13;31;34,726 | 2025-Jul-15 Tuesday,dlb,https://www.dlb.lk/result/13/
2025-07-13,725,sasiri,Sasiri,,06;18;44,725 | 2025-Jul-13 Sunday,dlb,https://www.dlb.lk/result/13/
2025-07-12,724,sasiri,Sasiri,,01;05;23,724 | 2025-Jul-12 Saturday,dlb,https://www.dlb.lk/result/13/
2025-07-11,723,sasiri,Sasiri,,13;21;26,723 | 2025-Jul-11 Friday,dlb,https://www.dlb.lk/result/13/
2025-07-10,722,sasiri,Sasiri,,08;19;29,722 | 2025-Jul-10 Thursday,dlb,https://www.dlb.lk/result/13/
2025-07-08,721,sasiri,Sasiri,,05;31;32,721 | 2025-Jul-08 Tuesday,dlb,https://www.dlb.lk/result/13/
2025-07-06,720,sasiri,Sasiri,,17;20;44,720 | 2025-Jul-06 Sunday,dlb,https://www.dlb.lk/result/13/
2025-07-05,719,sasiri,Sasiri,,24;26;36,719 | 2025-Jul-05 Saturday,dlb,https://www.dlb.lk/result/13/
2025-07-04,718,sasiri,Sasiri,,27;34;39,718 | 2025-Jul-04 Friday,dlb,https://www.dlb.lk/result/13/
2025-07-03,717,sasiri,Sasiri,,12;33;40,717 | 2025-Jul-03 Thursday,dlb,https://www.dlb.lk/result/13/
2025-07-01,716,sasiri,Sasiri,,30;32;37,716 | 2025-Jul-01 Tuesday,dlb,https://www.dlb.lk/result/13/
2025-06-29,715,sasiri,Sasiri,,40;41;48,715 | 2025-Jun-29 Sunday,dlb,https://www.dlb.lk/result/13/
2025-06-28,714,sasiri,Sasiri,,12;20;37,714 | 2025-Jun-28 Saturday,dlb,https://www.dlb.lk/result/13/
2025-06-27,713,sasiri,Sasiri,,05;25;26,713 | 2025-Jun-27 Friday,dlb,https://www.dlb.lk/result/13/
2025-06-26,712,sasiri,Sasiri,,06;42;49,712 | 2025-Jun-26 Thursday,dlb,https://www.dlb.lk/result/13/
2025-06-24,711,sasiri,Sasiri,,02;14;32,711 | 2025-Jun-24 Tuesday,dlb,https://www.dlb.lk/result/13/
2025-06-22,710,sasiri,Sasiri,,28;39;43,710 | 2025-Jun-22 Sunday,dlb,https://www.dlb.lk/result/13/
2025-06-21,709,sasiri,Sasiri,,22;26;36,709 | 2025-Jun-21 Saturday,dlb,https://www.dlb.lk/result/13/
2025-06-20,708,sasiri,Sasiri,,20;35;47,708 | 2025-Jun-20 Friday,dlb,https://www.dlb.lk/result/13/
2025-06-19,707,sasiri,Sasiri,,09;41;50,707 | 2025-Jun-19 Thursday,dlb,https://www.dlb.lk/result/13/
2025-06-17,706,sasiri,Sasiri,,24;31;38,706 | 2025-Jun-17 Tuesday,dlb,https://www.dlb.lk/result/13/
2025-06-15,705,sasiri,Sasiri,,09;36;49,705 | 2025-Jun-15 Sunday,dlb,https://www.dlb.lk/result/13/
2025-06-14,704,sasiri,Sasiri,,17;40;49,704 | 2025-Jun-14 Saturday,dlb,https://www.dlb.lk/result/13/
2025-06-13,703,sasiri,Sasiri,,23;24;46,703 | 2025-Jun-13 Friday,dlb,https://www.dlb.lk/result/13/
2025-06-12,702,sasiri,Sasiri,,09;16;50,702 | 2025-Jun-12 Thursday,dlb,https://www.dlb.lk/result/13/
2025-06-10,701,sasiri,Sasiri,,01;12;39,701 | 2025-Jun-10 Tuesday,dlb,https://www.dlb.lk/result/13/
2025-06-08,700,sasiri,Sasiri,,14;44;47,700 | 2025-Jun-08 Sunday,dlb,https://www.dlb.lk/result/13/
2025-06-07,699,sasiri,Sasiri,,20;37;46,699 | 2025-Jun-07 Saturday,dlb,https://www.dlb.lk/result/13/
2025-06-06,698,sasiri,Sasiri,,11;35;40,698 | 2025-Jun-06 Friday,dlb,https://www.dlb.lk/result/13/
2025-06-05,697,sasiri,Sasiri,,27;29;46,697 | 2025-Jun-05 Thursday,dlb,https://www.dlb.lk/result/13/
2025-06-03,696,sasiri,Sasiri,,15;20;35,696 | 2025-Jun-03 Tuesday,dlb,https://www.dlb.lk/result/13/
2025-06-01,695,sasiri,Sasiri,,13;43;46,695 | 2025-Jun-01 Sunday,dlb,https://www.dlb.lk/result/13/
2025-05-31,694,sasiri,Sasiri,,22;25;30,694 | 2025-May-31 Saturday,dlb,https://www.dlb.lk/result/13/
2025-05-30,693,sasiri,Sasiri,,02;03;40,693 | 2025-May-30 Friday,dlb,https://www.dlb.lk/result/13/
2025-05-29,692,sasiri,Sasiri,,27;29;38,692 | 2025-May-29 Thursday,dlb,https://www.dlb.lk/result/13/
2025-05-27,691,sasiri,Sasiri,,07;34;39,691 | 2025-May-27 Tuesday,dlb,https://www.dlb.lk/result/13/
2025-05-25,690,sasiri,Sasiri,,02;21;43,690 | 2025-May-25 Sunday,dlb,https://www.dlb.lk/result/13/
2025-05-24,689,sasiri,Sasiri,,26;47;50,689 | 2025-May-24 Saturday,dlb,https://www.dlb.lk/result/13/
2025-05-23,688,sasiri,Sasiri,,20;34;42,688 | 2025-May-23 Friday,dlb,https://www.dlb.lk/result/13/
2025-05-22,687,sasiri,Sasiri,,02;16;30,687 | 2025-May-22 Thursday,dlb,https://www.dlb.lk/result/13/
2025-05-20,686,sasiri,Sasiri,,01;43;48,686 | 2025-May-20 Tuesday,dlb,https://www.dlb.lk/result/13/
2025-05-18,685,sasiri,Sasiri,,17;19;25,685 | 2025-May-18 Sunday,dlb,https://www.dlb.lk/result/13/
2025-05-17,684,sasiri,Sasiri,,38;43;47,684 | 2025-May-17 Saturday,dlb,https://www.dlb.lk/result/13/
2025-05-16,683,sasiri,Sasiri,,02;16;26,683 | 2025-May-16 Friday,dlb,https://www.dlb.lk/result/13/
2025-05-15,682,sasiri,Sasiri,,21;27;49,682 | 2025-May-15 Thursday,dlb,https://www.dlb.lk/result/13/
2025-05-11,681,sasiri,Sasiri,,09;20;35,681 | 2025-May-11 Sunday,dlb,https://www.dlb.lk/result/13/
2025-05-10,680,sasiri,Sasiri,,26;29;31,680 | 2025-May-10 Saturday,dlb,https://www.dlb.lk/result/13/
2025-05-09,679,sasiri,Sasiri,,03;06;14,679 | 2025-May-09 Friday,dlb,https://www.dlb.lk/result/13/
2025-05-08,678,sasiri,Sasiri,,02;14;19,678 | 2025-May-08 Thursday,dlb,https://www.dlb.lk/result/13/
2025-05-06,677,sasiri,Sasiri,,02;25;29,677 | 2025-May-06 Tuesday,dlb,https://www.dlb.lk/result/13/
2025-05-04,676,sasiri,Sasiri,,14;28;50,676 | 2025-May-04 Sunday,dlb,https://www.dlb.lk/result/13/
2025-05-03,675,sasiri,Sasiri,,17;35;50,675 | 2025-May-03 Saturday,dlb,https://www.dlb.lk/result/13/
2025-05-02,674,sasiri,Sasiri,,12;21;25,674 | 2025-May-02 Friday,dlb,https://www.dlb.lk/result/13/
2025-05-01,673,sasiri,Sasiri,,06;24;39,673 | 2025-May-01 Thursday,dlb,https://www.dlb.lk/result/13/
2025-04-29,672,sasiri,Sasiri,,21;37;47,672 | 2025-Apr-29 Tuesday,dlb,https://www.dlb.lk/result/13/
2025-04-27,671,sasiri,Sasiri,,07;21;50,671 | 2025-Apr-27 Sunday,dlb,https://www.dlb.lk/result/13/
2025-04-26,670,sasiri,Sasiri,,14;37;46,670 | 2025-Apr-26 Saturday,dlb,https://www.dlb.lk/result/13/
2025-04-25,669,sasiri,Sasiri,,16;17;22,669 | 2025-Apr-25 Friday,dlb,https://www.dlb.lk/result/13/
2025-04-24,668,sasiri,Sasiri,,06;17;24,668 | 2025-Apr-24 Thursday,dlb,https://www.dlb.lk/result/13/
2025-04-22,667,sasiri,Sasiri,,15;17;48,667 | 2025-Apr-22 Tuesday,dlb,https://www.dlb.lk/result/13/
2025-04-20,666,sasiri,Sasiri,,18;28;46,666 | 2025-Apr-20 Sunday,dlb,https://www.dlb.lk/result/13/
2025-04-19,665,sasiri,Sasiri,,11;33;49,665 | 2025-Apr-19 Saturday,dlb,https://www.dlb.lk/result/13/
2025-04-18,664,sasiri,Sasiri,,01;30;36,664 | 2025-Apr-18 Friday,dlb,https://www.dlb.lk/result/13/
2025-04-12,663,sasiri,Sasiri,,19;26;41,663 | 2025-Apr-12 Saturday,dlb,https://www.dlb.lk/result/13/
2025-04-11,662,sasiri,Sasiri,,11;21;27,662 | 2025-Apr-11 Friday,dlb,https://www.dlb.lk/result/13/
2025-04-10,661,sasiri,Sasiri,,11;16;40,661 | 2025-Apr-10 Thursday,dlb,https://www.dlb.lk/result/13/
2025-04-08,660,sasiri,Sasiri,,09;36;48,660 | 2025-Apr-08 Tuesday,dlb,https://www.dlb.lk/result/13/
2025-04-06,659,sasiri,Sasiri,,13;32;42,659 | 2025-Apr-06 Sunday,dlb,https://www.dlb.lk/result/13/
2025-04-05,658,sasiri,Sasiri,,19;33;44,658 | 2025-Apr-05 Saturday,dlb,https://www.dlb.lk/result/13/
2025-04-04,657,sasiri,Sasiri,,02;05;34,657 | 2025-Apr-04 Friday,dlb,https://www.dlb.lk/result/13/
2025-04-03,656,sasiri,Sasiri,,37;42;44,656 | 2025-Apr-03 Thursday,dlb,https://www.dlb.lk/result/13/
2025-04-01,655,sasiri,Sasiri,,09;22;23,655 | 2025-Apr-01 Tuesday,dlb,https://www.dlb.lk/result/13/
2025-03-30,654,sasiri,Sasiri,,16;22;27,654 | 2025-Mar-30 Sunday,dlb,https://www.dlb.lk/result/13/
2025-03-29,653,sasiri,Sasiri,,03;11;12,653 | 2025-Mar-29 Saturday,dlb,https://www.dlb.lk/result/13/
2025-03-28,652,sasiri,Sasiri,,05;13;29,652 | 2025-Mar-28 Friday,dlb,https://www.dlb.lk/result/13/
2025-03-27,651,sasiri,Sasiri,,04;13;48,651 | 2025-Mar-27 Thursday,dlb,https://www.dlb.lk/result/13/
2025-03-25,650,sasiri,Sasiri,,36;39;43,650 | 2025-Mar-25 Tuesday,dlb,https://www.dlb.lk/result/13/
2025-03-23,649,sasiri,Sasiri,,02;11;12,649 | 2025-Mar-23 Sunday,dlb,https://www.dlb.lk/result/13/
2025-03-22,648,sasiri,Sasiri,,21;29;34,648 | 2025-Mar-22 Saturday,dlb,https://www.dlb.lk/result/13/
2025-03-21,647,sasiri,Sasiri,,09;14;34,647 | 2025-Mar-21 Friday,dlb,https://www.dlb.lk/result/13/
2025-03-20,646,sasiri,Sasiri,,28;30;43,646 | 2025-Mar-20 Thursday,dlb,https://www.dlb.lk/result/13/
2025-03-18,645,sasiri,Sasiri,,17;22;48,645 | 2025-Mar-18 Tuesday,dlb,https://www.dlb.lk/result/13/
2025-03-16,644,sasiri,Sasiri,,24;27;49,644 | 2025-Mar-16 Sunday,dlb,https://www.dlb.lk/result/13/
2025-03-15,643,sasiri,Sasiri,,15;30;43,643 | 2025-Mar-15 Saturday,dlb,https://www.dlb.lk/result/13/
2025-03-14,642,sasiri,Sasiri,,21;22;49,642 | 2025-Mar-14 Friday,dlb,https://www.dlb.lk/result/13/
2025-03-13,641,sasiri,Sasiri,,04;20;28,641 | 2025-Mar-13 Thursday,dlb,https://www.dlb.lk/result/13/
2025-03-11,640,sasiri,Sasiri,,18;21;24,640 | 2025-Mar-11 Tuesday,dlb,https://www.dlb.lk/result/13/
2025-03-09,639,sasiri,Sasiri,,13;33;38,639 | 2025-Mar-09 Sunday,dlb,https://www.dlb.lk/result/13/
2025-03-08,638,sasiri,Sasiri,,16;27;47,638 | 2025-Mar-08 Saturday,dlb,https://www.dlb.lk/result/13/
2025-03-07,637,sasiri,Sasiri,,28;34;35,637 | 2025-Mar-07 Friday,dlb,https://www.dlb.lk/result/13/
2025-03-06,636,sasiri,Sasiri,,04;29;30,636 | 2025-Mar-06 Thursday,dlb,https://www.dlb.lk/result/13/
2025-03-04,635,sasiri,Sasiri,,09;19;28,635 | 2025-Mar-04 Tuesday,dlb,https://www.dlb.lk/result/13/
2025-03-02,634,sasiri,Sasiri,,28;33;40,634 | 2025-Mar-02 Sunday,dlb,https://www.dlb.lk/result/13/
2025-03-01,633,sasiri,Sasiri,,08;20;43,633 | 2025-Mar-01 Saturday,dlb,https://www.dlb.lk/result/13/
2025-02-28,632,sasiri,Sasiri,,01;21;22,632 | 2025-Feb-28 Friday,dlb,https://www.dlb.lk/result/13/
2025-02-27,631,sasiri,Sasiri,,01;20;32,631 | 2025-Feb-27 Thursday,dlb,https://www.dlb.lk/result/13/
2025-02-25,630,sasiri,Sasiri,,22;26;48,630 | 2025-Feb-25 Tuesday,dlb,https://www.dlb.lk/result/13/
2025-02-23,629,sasiri,Sasiri,,18;29;35,629 | 2025-Feb-23 Sunday,dlb,https://www.dlb.lk/result/13/
2025-02-22,628,sasiri,Sasiri,,01;21;28,628 | 2025-Feb-22 Saturday,dlb,https://www.dlb.lk/result/13/
2025-02-21,627,sasiri,Sasiri,,04;12;47,627 | 2025-Feb-21 Friday,dlb,https://www.dlb.lk/result/13/
2025-02-20,626,sasiri,Sasiri,,14;48;50,626 | 2025-Feb-20 Thursday,dlb,https://www.dlb.lk/result/13/
2025-02-18,625,sasiri,Sasiri,,03;06;14,625 | 2025-Feb-18 Tuesday,dlb,https://www.dlb.lk/result/13/
2025-02-16,624,sasiri,Sasiri,,10;13;19,624 | 2025-Feb-16 Sunday,dlb,https://www.dlb.lk/result/13/
2025-02-15,623,sasiri,Sasiri,,10;18;43,623 | 2025-Feb-15 Saturday,dlb,https://www.dlb.lk/result/13/
2025-02-14,622,sasiri,Sasiri,,03;11;18,622 | 2025-Feb-14 Friday,dlb,https://www.dlb.lk/result/13/
2025-02-13,621,sasiri,Sasiri,,08;22;48,621 | 2025-Feb-13 Thursday,dlb,https://www.dlb.lk/result/13/
2025-02-11,620,sasiri,Sasiri,,19;20;40,620 | 2025-Feb-11 Tuesday,dlb,https://www.dlb.lk/result/13/
2025-02-09,619,sasiri,Sasiri,,25;38;43,619 | 2025-Feb-09 Sunday,dlb,https://www.dlb.lk/result/13/
2025-02-08,618,sasiri,Sasiri,,25;41;49,618 | 2025-Feb-08 Saturday,dlb,https://www.dlb.lk/result/13/
2025-02-07,617,sasiri,Sasiri,,09;38;40,617 | 2025-Feb-07 Friday,dlb,https://www.dlb.lk/result/13/
2025-02-06,616,sasiri,Sasiri,,12;28;50,616 | 2025-Feb-06 Thursday,dlb,https://www.dlb.lk/result/13/
2025-02-04,615,sasiri,Sasiri,,09;32;35,615 | 2025-Feb-04 Tuesday,dlb,https://www.dlb.lk/result/13/
2025-02-02,614,sasiri,Sasiri,,23;46;47,614 | 2025-Feb-02 Sunday,dlb,https://www.dlb.lk/result/13/
2025-02-01,613,sasiri,Sasiri,,15;18;34,613 | 2025-Feb-01 Saturday,dlb,https://www.dlb.lk/result/13/
2025-01-31,612,sasiri,Sasiri,,16;36;47,612 | 2025-Jan-31 Friday,dlb,https://www.dlb.lk/result/13/
2025-01-30,611,sasiri,Sasiri,,09;32;49,611 | 2025-Jan-30 Thursday,dlb,https://www.dlb.lk/result/13/
2025-01-28,610,sasiri,Sasiri,,07;13;19,610 | 2025-Jan-28 Tuesday,dlb,https://www.dlb.lk/result/13/
2025-01-26,609,sasiri,Sasiri,,05;07;12,609 | 2025-Jan-26 Sunday,dlb,https://www.dlb.lk/result/13/
2025-01-25,608,sasiri,Sasiri,,09;23;39,608 | 2025-Jan-25 Saturday,dlb,https://www.dlb.lk/result/13/
2025-01-24,607,sasiri,Sasiri,,22;44;48,607 | 2025-Jan-24 Friday,dlb,https://www.dlb.lk/result/13/
2025-01-23,606,sasiri,Sasiri,,03;19;46,606 | 2025-Jan-23 Thursday,dlb,https://www.dlb.lk/result/13/
2025-01-21,605,sasiri,Sasiri,,03;24;31,605 | 2025-Jan-21 Tuesday,dlb,https://www.dlb.lk/result/13/
2025-01-19,604,sasiri,Sasiri,,34;38;50,604 | 2025-Jan-19 Sunday,dlb,https://www.dlb.lk/result/13/
2025-01-18,603,sasiri,Sasiri,,02;38;42,603 | 2025-Jan-18 Saturday,dlb,https://www.dlb.lk/result/13/
2025-01-17,602,sasiri,Sasiri,,07;10;47,602 | 2025-Jan-17 Friday,dlb,https://www.dlb.lk/result/13/
2025-01-16,601,sasiri,Sasiri,,04;32;40,601 | 2025-Jan-16 Thursday,dlb,https://www.dlb.lk/result/13/
2025-01-14,600,sasiri,Sasiri,,04;23;25,600 | 2025-Jan-14 Tuesday,dlb,https://www.dlb.lk/result/13/
2025-01-12,599,sasiri,Sasiri,,14;25;50,599 | 2025-Jan-12 Sunday,dlb,https://www.dlb.lk/result/13/
2025-01-11,598,sasiri,Sasiri,,13;26;38,598 | 2025-Jan-11 Saturday,dlb,https://www.dlb.lk/result/13/
2025-01-10,597,sasiri,Sasiri,,05;43;48,597 | 2025-Jan-10 Friday,dlb,https://www.dlb.lk/result/13/
2025-01-09,596,sasiri,Sasiri,,21;35;44,596 | 2025-Jan-09 Thursday,dlb,https://www.dlb.lk/result/13/
2025-01-07,595,sasiri,Sasiri,,21;34;45,595 | 2025-Jan-07 Tuesday,dlb,https://www.dlb.lk/result/13/
2025-01-05,594,sasiri,Sasiri,,04;13;50,594 | 2025-Jan-05 Sunday,dlb,https://www.dlb.lk/result/13/
2025-01-04,593,sasiri,Sasiri,,08;20;29,593 | 2025-Jan-04 Saturday,dlb,https://www.dlb.lk/result/13/
2025-01-03,592,sasiri,Sasiri,,01;32;42,592 | 2025-Jan-03 Friday,dlb,https://www.dlb.lk/result/13/
2025-01-02,591,sasiri,Sasiri,,11;36;47,591 | 2025-Jan-02 Thursday,dlb,https://www.dlb.lk/result/13/
2024-12-31,590,sasiri,Sasiri,,03;20;38,590 | 2024-Dec-31 Tuesday,dlb,https://www.dlb.lk/result/13/
2024-12-29,589,sasiri,Sasiri,,09;33;40,589 | 2024-Dec-29 Sunday,dlb,https://www.dlb.lk/result/13/
2024-12-28,588,sasiri,Sasiri,,33;36;49,588 | 2024-Dec-28 Saturday,dlb,https://www.dlb.lk/result/13/
2024-12-27,587,sasiri,Sasiri,,01;04;27,587 | 2024-Dec-27 Friday,dlb,https://www.dlb.lk/result/13/
2024-12-26,586,sasiri,Sasiri,,04;34;41,586 | 2024-Dec-26 Thursday,dlb,https://www.dlb.lk/result/13/
2024-12-24,585,sasiri,Sasiri,,17;25;42,585 | 2024-Dec-24 Tuesday,dlb,https://www.dlb.lk/result/13/
2024-12-22,584,sasiri,Sasiri,,02;11;19,584 | 2024-Dec-22 Sunday,dlb,https://www.dlb.lk/result/13/
2024-12-21,583,sasiri,Sasiri,,25;32;33,583 | 2024-Dec-21 Saturday,dlb,https://www.dlb.lk/result/13/
2024-12-20,582,sasiri,Sasiri,,11;31;40,582 | 2024-Dec-20 Friday,dlb,https://www.dlb.lk/result/13/
2024-12-19,581,sasiri,Sasiri,,09;26;46,581 | 2024-Dec-19 Thursday,dlb,https://www.dlb.lk/result/13/
2024-12-17,580,sasiri,Sasiri,,12;35;45,580 | 2024-Dec-17 Tuesday,dlb,https://www.dlb.lk/result/13/
2024-12-15,579,sasiri,Sasiri,,22;34;50,579 | 2024-Dec-15 Sunday,dlb,https://www.dlb.lk/result/13/
2024-12-14,578,sasiri,Sasiri,,07;13;15,578 | 2024-Dec-14 Saturday,dlb,https://www.dlb.lk/result/13/
2024-12-13,577,sasiri,Sasiri,,17;31;50,577 | 2024-Dec-13 Friday,dlb,https://www.dlb.lk/result/13/
2024-12-12,576,sasiri,Sasiri,,02;29;37,576 | 2024-Dec-12 Thursday,dlb,https://www.dlb.lk/result/13/
2024-12-10,575,sasiri,Sasiri,,32;42;44,575 | 2024-Dec-10 Tuesday,dlb,https://www.dlb.lk/result/13/
2024-12-08,574,sasiri,Sasiri,,26;42;45,574 | 2024-Dec-08 Sunday,dlb,https://www.dlb.lk/result/13/
2024-12-07,573,sasiri,Sasiri,,08;40;41,573 | 2024-Dec-07 Saturday,dlb,https://www.dlb.lk/result/13/
2024-12-06,572,sasiri,Sasiri,,13;20;21,572 | 2024-Dec-06 Friday,dlb,https://www.dlb.lk/result/13/
2024-12-05,571,sasiri,Sasiri,,03;24;46,571 | 2024-Dec-05 Thursday,dlb,https://www.dlb.lk/result/13/
2024-12-03,570,sasiri,Sasiri,,22;25;43,570 | 2024-Dec-03 Tuesday,dlb,https://www.dlb.lk/result/13/
2024-12-01,569,sasiri,Sasiri,,36;44;46,569 | 2024-Dec-01 Sunday,dlb,https://www.dlb.lk/result/13/
2024-11-30,568,sasiri,Sasiri,,22;24;41,568 | 2024-Nov-30 Saturday,dlb,https://www.dlb.lk/result/13/
2024-11-29,567,sasiri,Sasiri,,22;34;38,567 | 2024-Nov-29 Friday,dlb,https://www.dlb.lk/result/13/
2024-11-28,566,sasiri,Sasiri,,32;47;49,566 | 2024-Nov-28 Thursday,dlb,https://www.dlb.lk/result/13/
2024-11-26,565,sasiri,Sasiri,,18;29;45,565 | 2024-Nov-26 Tuesday,dlb,https://www.dlb.lk/result/13/
2024-11-24,564,sasiri,Sasiri,,17;18;49,564 | 2024-Nov-24 Sunday,dlb,https://www.dlb.lk/result/13/
2024-11-23,563,sasiri,Sasiri,,09;19;45,563 | 2024-Nov-23 Saturday,dlb,https://www.dlb.lk/result/13/
2024-11-22,562,sasiri,Sasiri,,12;42;45,562 | 2024-Nov-22 Friday,dlb,https://www.dlb.lk/result/13/
2024-11-21,561,sasiri,Sasiri,,15;26;45,561 | 2024-Nov-21 Thursday,dlb,https://www.dlb.lk/result/13/
2024-11-19,560,sasiri,Sasiri,,03;11;16,560 | 2024-Nov-19 Tuesday,dlb,https://www.dlb.lk/result/13/
2024-11-17,559,sasiri,Sasiri,,03;17;23,559 | 2024-Nov-17 Sunday,dlb,https://www.dlb.lk/result/13/
2024-11-16,558,sasiri,Sasiri,,04;09;21,558 | 2024-Nov-16 Saturday,dlb,https://www.dlb.lk/result/13/
2024-11-14,557,sasiri,Sasiri,,02;13;36,557 | 2024-Nov-14 Thursday,dlb,https://www.dlb.lk/result/13/
2024-11-12,556,sasiri,Sasiri,,13;25;36,556 | 2024-Nov-12 Tuesday,dlb,https://www.dlb.lk/result/13/
2024-11-10,555,sasiri,Sasiri,,05;09;33,555 | 2024-Nov-10 Sunday,dlb,https://www.dlb.lk/result/13/
2024-11-09,554,sasiri,Sasiri,,05;16;45,554 | 2024-Nov-09 Saturday,dlb,https://www.dlb.lk/result/13/
2024-11-08,553,sasiri,Sasiri,,08;41;48,553 | 2024-Nov-08 Friday,dlb,https://www.dlb.lk/result/13/
2024-11-07,552,sasiri,Sasiri,,14;27;46,552 | 2024-Nov-07 Thursday,dlb,https://www.dlb.lk/result/13/
2024-11-05,551,sasiri,Sasiri,,04;12;41,551 | 2024-Nov-05 Tuesday,dlb,https://www.dlb.lk/result/13/
2024-11-03,550,sasiri,Sasiri,,01;06;41,550 | 2024-Nov-03 Sunday,dlb,https://www.dlb.lk/result/13/
2024-11-02,549,sasiri,Sasiri,,11;15;33,549 | 2024-Nov-02 Saturday,dlb,https://www.dlb.lk/result/13/
2024-11-01,548,sasiri,Sasiri,,20;37;44,548 | 2024-Nov-01 Friday,dlb,https://www.dlb.lk/result/13/
2024-10-29,547,sasiri,Sasiri,,03;15;23,547 | 2024-Oct-29 Tuesday,dlb,https://www.dlb.lk/result/13/
2024-10-27,546,sasiri,Sasiri,,01;02;14,546 | 2024-Oct-27 Sunday,dlb,https://www.dlb.lk/result/13/
2024-10-25,545,sasiri,Sasiri,,18;35;50,545 | 2024-Oct-25 Friday,dlb,https://www.dlb.lk/result/13/
2024-10-22,544,sasiri,Sasiri,,08;31;45,544 | 2024-Oct-22 Tuesday,dlb,https://www.dlb.lk/result/13/
2024-10-20,543,sasiri,Sasiri,,15;24;38,543 | 2024-Oct-20 Sunday,dlb,https://www.dlb.lk/result/13/
2024-10-18,542,sasiri,Sasiri,,11;21;49,542 | 2024-Oct-18 Friday,dlb,https://www.dlb.lk/result/13/
2024-10-15,541,sasiri,Sasiri,,39;42;47,541 | 2024-Oct-15 Tuesday,dlb,https://www.dlb.lk/result/13/
2024-10-13,540,sasiri,Sasiri,,13;33;50,540 | 2024-Oct-13 Sunday,dlb,https://www.dlb.lk/result/13/
2024-10-11,539,sasiri,Sasiri,,31;33;50,539 | 2024-Oct-11 Friday,dlb,https://www.dlb.lk/result/13/
2024-10-08,538,sasiri,Sasiri,,09;20;43,538 | 2024-Oct-08 Tuesday,dlb,https://www.dlb.lk/result/13/
2024-10-06,537,sasiri,Sasiri,,05;10;49,537 | 2024-Oct-06 Sunday,dlb,https://www.dlb.lk/result/13/
2024-10-04,536,sasiri,Sasiri,,04;11;25,536 | 2024-Oct-04 Friday,dlb,https://www.dlb.lk/result/13/
2024-10-01,535,sasiri,Sasiri,,27;35;39,535 | 2024-Oct-01 Tuesday,dlb,https://www.dlb.lk/result/13/
2024-09-29,534,sasiri,Sasiri,,02;04;39,534 | 2024-Sep-29 Sunday,dlb,https://www.dlb.lk/result/13/
2024-09-27,533,sasiri,Sasiri,,43;47;50,533 | 2024-Sep-27 Friday,dlb,https://www.dlb.lk/result/13/
2024-09-24,532,sasiri,Sasiri,,33;34;44,532 | 2024-Sep-24 Tuesday,dlb,https://www.dlb.lk/result/13/
2024-09-20,531,sasiri,Sasiri,,19;25;38,531 | 2024-Sep-20 Friday,dlb,https://www.dlb.lk/result/13/
2024-09-17,530,sasiri,Sasiri,,05;19;31,530 | 2024-Sep-17 Tuesday,dlb,https://www.dlb.lk/result/13/
2024-09-15,529,sasiri,Sasiri,,26;32;49,529 | 2024-Sep-15 Sunday,dlb,https://www.dlb.lk/result/13/
2024-09-13,528,sasiri,Sasiri,,09;26;29,528 | 2024-Sep-13 Friday,dlb,https://www.dlb.lk/result/13/
2024-09-10,527,sasiri,Sasiri,,10;14;43,527 | 2024-Sep-10 Tuesday,dlb,https://www.dlb.lk/result/13/
2024-09-08,526,sasiri,Sasiri,,02;24;46,526 | 2024-Sep-08 Sunday,dlb,https://www.dlb.lk/result/13/
2024-09-06,525,sasiri,Sasiri,,22;28;41,525 | 2024-Sep-06 Friday,dlb,https://www.dlb.lk/result/13/
2024-09-03,524,sasiri,Sasiri,,16;26;37,524 | 2024-Sep-03 Tuesday,dlb,https://www.dlb.lk/result/13/
2024-09-01,523,sasiri,Sasiri,,03;23;46,523 | 2024-Sep-01 Sunday,dlb,https://www.dlb.lk/result/13/
2024-08-30,522,sasiri,Sasiri,,09;11;50,522 | 2024-Aug-30 Friday,dlb,https://www.dlb.lk/result/13/
2024-08-27,521,sasiri,Sasiri,,31;33;46,521 | 2024-Aug-27 Tuesday,dlb,https://www.dlb.lk/result/13/
2024-08-25,520,sasiri,Sasiri,,02;13;27,520 | 2024-Aug-25 Sunday,dlb,https://www.dlb.lk/result/13/
2024-08-23,519,sasiri,Sasiri,,08;31;45,519 | 2024-Aug-23 Friday,dlb,https://www.dlb.lk/result/13/
2024-08-20,518,sasiri,Sasiri,,01;16;49,518 | 2024-Aug-20 Tuesday,dlb,https://www.dlb.lk/result/13/
2024-08-18,517,sasiri,Sasiri,,05;07;47,517 | 2024-Aug-18 Sunday,dlb,https://www.dlb.lk/result/13/
2024-08-16,516,sasiri,Sasiri,,06;24;44,516 | 2024-Aug-16 Friday,dlb,https://www.dlb.lk/result/13/
2024-08-13,515,sasiri,Sasiri,,12;16;32,515 | 2024-Aug-13 Tuesday,dlb,https://www.dlb.lk/result/13/
2024-08-11,514,sasiri,Sasiri,,16;23;25,514 | 2024-Aug-11 Sunday,dlb,https://www.dlb.lk/result/13/
2024-08-09,513,sasiri,Sasiri,,10;37;50,513 | 2024-Aug-09 Friday,dlb,https://www.dlb.lk/result/13/
2024-08-06,512,sasiri,Sasiri,,09;38;39,512 | 2024-Aug-06 Tuesday,dlb,https://www.dlb.lk/result/13/
2024-08-04,511,sasiri,Sasiri,,06;44;47,511 | 2024-Aug-04 Sunday,dlb,https://www.dlb.lk/result/13/
2024-08-02,510,sasiri,Sasiri,,20;29;42,510 | 2024-Aug-02 Friday,dlb,https://www.dlb.lk/result/13/
2024-07-30,509,sasiri,Sasiri,,27;38;44,509 | 2024-Jul-30 Tuesday,dlb,https://www.dlb.lk/result/13/
2024-07-28,508,sasiri,Sasiri,,16;22;36,508 | 2024-Jul-28 Sunday,dlb,https://www.dlb.lk/result/13/
2024-07-26,507,sasiri,Sasiri,,01;04;05,507 | 2024-Jul-26 Friday,dlb,https://www.dlb.lk/result/13/
2024-07-23,506,sasiri,Sasiri,,01;19;47,506 | 2024-Jul-23 Tuesday,dlb,https://www.dlb.lk/result/13/
2024-07-21,505,sasiri,Sasiri,,09;30;41,505 | 2024-Jul-21 Sunday,dlb,https://www.dlb.lk/result/13/
2024-07-19,504,sasiri,Sasiri,,09;21;23,504 | 2024-Jul-19 Friday,dlb,https://www.dlb.lk/result/13/
2024-07-16,503,sasiri,Sasiri,,07;25;31,503 | 2024-Jul-16 Tuesday,dlb,https://www.dlb.lk/result/13/
2024-07-14,502,sasiri,Sasiri,,01;36;45,502 | 2024-Jul-14 Sunday,dlb,https://www.dlb.lk/result/13/
2024-07-12,501,sasiri,Sasiri,,11;16;49,501 | 2024-Jul-12 Friday,dlb,https://www.dlb.lk/result/13/
2024-07-09,500,sasiri,Sasiri,,22;33;47,500 | 2024-Jul-09 Tuesday,dlb,https://www.dlb.lk/result/13/
2024-07-07,499,sasiri,Sasiri,,26;30;48,499 | 2024-Jul-07 Sunday,dlb,https://www.dlb.lk/result/13/
2024-07-05,498,sasiri,Sasiri,,06;12;27,498 | 2024-Jul-05 Friday,dlb,https://www.dlb.lk/result/13/
2024-07-02,497,sasiri,Sasiri,,10;27;46,497 | 2024-Jul-02 Tuesday,dlb,https://www.dlb.lk/result/13/
2024-06-30,496,sasiri,Sasiri,,02;09;45,496 | 2024-Jun-30 Sunday,dlb,https://www.dlb.lk/result/13/
2024-06-28,495,sasiri,Sasiri,,26;49;50,495 | 2024-Jun-28 Friday,dlb,https://www.dlb.lk/result/13/
2024-06-25,494,sasiri,Sasiri,,09;45;50,494 | 2024-Jun-25 Tuesday,dlb,https://www.dlb.lk/result/13/
2024-06-23,493,sasiri,Sasiri,,06;15;42,493 | 2024-Jun-23 Sunday,dlb,https://www.dlb.lk/result/13/
2024-06-21,492,sasiri,Sasiri,,20;21;45,492 | 2024-Jun-21 Friday,dlb,https://www.dlb.lk/result/13/
2024-06-18,491,sasiri,Sasiri,,19;22;38,491 | 2024-Jun-18 Tuesday,dlb,https://www.dlb.lk/result/13/
2024-06-16,490,sasiri,Sasiri,,05;43;48,490 | 2024-Jun-16 Sunday,dlb,https://www.dlb.lk/result/13/
2024-06-14,489,sasiri,Sasiri,,05;08;47,489 | 2024-Jun-14 Friday,dlb,https://www.dlb.lk/result/13/
2024-06-11,488,sasiri,Sasiri,,02;08;14,488 | 2024-Jun-11 Tuesday,dlb,https://www.dlb.lk/result/13/
2024-06-09,487,sasiri,Sasiri,,04;21;35,487 | 2024-Jun-09 Sunday,dlb,https://www.dlb.lk/result/13/
2024-06-07,486,sasiri,Sasiri,,05;09;24,486 | 2024-Jun-07 Friday,dlb,https://www.dlb.lk/result/13/
2024-06-04,485,sasiri,Sasiri,,27;29;48,485 | 2024-Jun-04 Tuesday,dlb,https://www.dlb.lk/result/13/
2024-06-02,484,sasiri,Sasiri,,28;35;36,484 | 2024-Jun-02 Sunday,dlb,https://www.dlb.lk/result/13/
2024-05-31,483,sasiri,Sasiri,,05;32;39,483 | 2024-May-31 Friday,dlb,https://www.dlb.lk/result/13/
2024-05-28,482,sasiri,Sasiri,,27;32;45,482 | 2024-May-28 Tuesday,dlb,https://www.dlb.lk/result/13/
2024-05-26,481,sasiri,Sasiri,,04;12;36,481 | 2024-May-26 Sunday,dlb,https://www.dlb.lk/result/13/
2024-05-21,480,sasiri,Sasiri,,05;26;45,480 | 2024-May-21 Tuesday,dlb,https://www.dlb.lk/result/13/
2024-05-19,479,sasiri,Sasiri,,04;33;49,479 | 2024-May-19 Sunday,dlb,https://www.dlb.lk/result/13/
2024-05-17,478,sasiri,Sasiri,,15;17;38,478 | 2024-May-17 Friday,dlb,https://www.dlb.lk/result/13/
2024-05-14,477,sasiri,Sasiri,,02;18;19,477 | 2024-May-14 Tuesday,dlb,https://www.dlb.lk/result/13/
2024-05-12,476,sasiri,Sasiri,,03;36;42,476 | 2024-May-12 Sunday,dlb,https://www.dlb.lk/result/13/
2024-05-10,475,sasiri,Sasiri,,06;08;45,475 | 2024-May-10 Friday,dlb,https://www.dlb.lk/result/13/
2024-05-07,474,sasiri,Sasiri,,15;34;38,474 | 2024-May-07 Tuesday,dlb,https://www.dlb.lk/result/13/
2024-05-05,473,sasiri,Sasiri,,02;07;47,473 | 2024-May-05 Sunday,dlb,https://www.dlb.lk/result/13/
2024-05-03,472,sasiri,Sasiri,,12;24;28,472 | 2024-May-03 Friday,dlb,https://www.dlb.lk/result/13/
2024-04-30,471,sasiri,Sasiri,,09;12;31,471 | 2024-Apr-30 Tuesday,dlb,https://www.dlb.lk/result/13/
2024-04-28,470,sasiri,Sasiri,,20;26;40,470 | 2024-Apr-28 Sunday,dlb,https://www.dlb.lk/result/13/
2024-04-26,469,sasiri,Sasiri,,15;26;28,469 | 2024-Apr-26 Friday,dlb,https://www.dlb.lk/result/13/
2024-04-23,468,sasiri,Sasiri,,22;31;39,468 | 2024-Apr-23 Tuesday,dlb,https://www.dlb.lk/result/13/
2024-04-21,467,sasiri,Sasiri,,14;20;41,467 | 2024-Apr-21 Sunday,dlb,https://www.dlb.lk/result/13/
2024-04-19,466,sasiri,Sasiri,,14;43;44,466 | 2024-Apr-19 Friday,dlb,https://www.dlb.lk/result/13/
2024-04-09,465,sasiri,Sasiri,,13;20;29,465 | 2024-Apr-09 Tuesday,dlb,https://www.dlb.lk/result/13/
2024-04-07,464,sasiri,Sasiri,,13;30;36,464 | 2024-Apr-07 Sunday,dlb,https://www.dlb.lk/result/13/
2024-04-05,463,sasiri,Sasiri,,25;35;36,463 | 2024-Apr-05 Friday,dlb,https://www.dlb.lk/result/13/
2024-04-02,462,sasiri,Sasiri,,02;10;47,462 | 2024-Apr-02 Tuesday,dlb,https://www.dlb.lk/result/13/
2024-03-31,461,sasiri,Sasiri,,08;28;41,461 | 2024-Mar-31 Sunday,dlb,https://www.dlb.lk/result/13/
2024-03-29,460,sasiri,Sasiri,,05;29;41,460 | 2024-Mar-29 Friday,dlb,https://www.dlb.lk/result/13/
2024-03-26,459,sasiri,Sasiri,,20;41;43,459 | 2024-Mar-26 Tuesday,dlb,https://www.dlb.lk/result/13/
2024-03-24,458,sasiri,Sasiri,,17;31;40,458 | 2024-Mar-24 Sunday,dlb,https://www.dlb.lk/result/13/
2024-03-22,457,sasiri,Sasiri,,19;27;33,457 | 2024-Mar-22 Friday,dlb,https://www.dlb.lk/result/13/
2024-03-19,456,sasiri,Sasiri,,12;21;27,456 | 2024-Mar-19 Tuesday,dlb,https://www.dlb.lk/result/13/
2024-03-17,455,sasiri,Sasiri,,04;34;44,455 | 2024-Mar-17 Sunday,dlb,https://www.dlb.lk/result/13/
2024-03-15,454,sasiri,Sasiri,,08;46;50,454 | 2024-Mar-15 Friday,dlb,https://www.dlb.lk/result/13/
2024-03-12,453,sasiri,Sasiri,,06;11;21,453 | 2024-Mar-12 Tuesday,dlb,https://www.dlb.lk/result/13/
2024-03-10,452,sasiri,Sasiri,,02;48;50,452 | 2024-Mar-10 Sunday,dlb,https://www.dlb.lk/result/13/
2024-03-08,451,sasiri,Sasiri,,06;32;35,451 | 2024-Mar-08 Friday,dlb,https://www.dlb.lk/result/13/
2024-03-05,450,sasiri,Sasiri,,14;35;39,450 | 2024-Mar-05 Tuesday,dlb,https://www.dlb.lk/result/13/
2024-03-03,449,sasiri,Sasiri,,13;29;32,449 | 2024-Mar-03 Sunday,dlb,https://www.dlb.lk/result/13/
2024-03-01,448,sasiri,Sasiri,,15;19;32,448 | 2024-Mar-01 Friday,dlb,https://www.dlb.lk/result/13/
2024-02-27,447,sasiri,Sasiri,,11;13;40,447 | 2024-Feb-27 Tuesday,dlb,https://www.dlb.lk/result/13/
2024-02-25,446,sasiri,Sasiri,,07;12;19,446 | 2024-Feb-25 Sunday,dlb,https://www.dlb.lk/result/13/
2024-02-23,445,sasiri,Sasiri,,01;11;24,445 | 2024-Feb-23 Friday,dlb,https://www.dlb.lk/result/13/
2024-02-20,444,sasiri,Sasiri,,21;23;37,444 | 2024-Feb-20 Tuesday,dlb,https://www.dlb.lk/result/13/
2024-02-18,443,sasiri,Sasiri,,22;25;48,443 | 2024-Feb-18 Sunday,dlb,https://www.dlb.lk/result/13/
2024-02-16,442,sasiri,Sasiri,,03;43;47,442 | 2024-Feb-16 Friday,dlb,https://www.dlb.lk/result/13/
2024-02-13,441,sasiri,Sasiri,,07;48;50,441 | 2024-Feb-13 Tuesday,dlb,https://www.dlb.lk/result/13/
2024-02-11,440,sasiri,Sasiri,,02;30;40,440 | 2024-Feb-11 Sunday,dlb,https://www.dlb.lk/result/13/
2024-02-09,439,sasiri,Sasiri,,05;14;38,439 | 2024-Feb-09 Friday,dlb,https://www.dlb.lk/result/13/
2024-02-06,438,sasiri,Sasiri,,15;17;39,438 | 2024-Feb-06 Tuesday,dlb,https://www.dlb.lk/result/13/
2024-02-04,437,sasiri,Sasiri,,16;17;47,437 | 2024-Feb-04 Sunday,dlb,https://www.dlb.lk/result/13/
2024-02-02,436,sasiri,Sasiri,,03;17;33,436 | 2024-Feb-02 Friday,dlb,https://www.dlb.lk/result/13/
2024-01-30,435,sasiri,Sasiri,,07;33;41,435 | 2024-Jan-30 Tuesday,dlb,https://www.dlb.lk/result/13/
2024-01-28,434,sasiri,Sasiri,,20;36;39,434 | 2024-Jan-28 Sunday,dlb,https://www.dlb.lk/result/13/
2024-01-26,433,sasiri,Sasiri,,22;35;36,433 | 2024-Jan-26 Friday,dlb,https://www.dlb.lk/result/13/
2024-01-23,432,sasiri,Sasiri,,06;35;44,432 | 2024-Jan-23 Tuesday,dlb,https://www.dlb.lk/result/13/
2024-01-21,431,sasiri,Sasiri,,06;09;23,431 | 2024-Jan-21 Sunday,dlb,https://www.dlb.lk/result/13/
2024-01-19,430,sasiri,Sasiri,,04;17;19,430 | 2024-Jan-19 Friday,dlb,https://www.dlb.lk/result/13/
2024-01-16,429,sasiri,Sasiri,,27;44;46,429 | 2024-Jan-16 Tuesday,dlb,https://www.dlb.lk/result/13/
2024-01-14,428,sasiri,Sasiri,,06;37;39,428 | 2024-Jan-14 Sunday,dlb,https://www.dlb.lk/result/13/
2024-01-12,427,sasiri,Sasiri,,31;33;40,427 | 2024-Jan-12 Friday,dlb,https://www.dlb.lk/result/13/
2024-01-09,426,sasiri,Sasiri,,06;07;18,426 | 2024-Jan-09 Tuesday,dlb,https://www.dlb.lk/result/13/
2024-01-07,425,sasiri,Sasiri,,06;21;31,425 | 2024-Jan-07 Sunday,dlb,https://www.dlb.lk/result/13/
2024-01-05,424,sasiri,Sasiri,,26;45;46,424 | 2024-Jan-05 Friday,dlb,https://www.dlb.lk/result/13/
2024-01-02,423,sasiri,Sasiri,,13;21;25,423 | 2024-Jan-02 Tuesday,dlb,https://www.dlb.lk/result/13/
2023-12-31,422,sasiri,Sasiri,,18;25;30,422 | 2023-Dec-31 Sunday,dlb,https://www.dlb.lk/result/13/
2023-12-29,421,sasiri,Sasiri,,01;04;21,421 | 2023-Dec-29 Friday,dlb,https://www.dlb.lk/result/13/
2023-12-26,420,sasiri,Sasiri,,04;34;41,420 | 2023-Dec-26 Tuesday,dlb,https://www.dlb.lk/result/13/
2023-12-24,419,sasiri,Sasiri,,04;41;47,419 | 2023-Dec-24 Sunday,dlb,https://www.dlb.lk/result/13/
2023-12-22,418,sasiri,Sasiri,,15;16;38,418 | 2023-Dec-22 Friday,dlb,https://www.dlb.lk/result/13/
2023-12-19,417,sasiri,Sasiri,,07;26;33,417 | 2023-Dec-19 Tuesday,dlb,https://www.dlb.lk/result/13/
2023-12-17,416,sasiri,Sasiri,,13;20;24,416 | 2023-Dec-17 Sunday,dlb,https://www.dlb.lk/result/13/
2023-12-15,415,sasiri,Sasiri,,13;41;47,415 | 2023-Dec-15 Friday,dlb,https://www.dlb.lk/result/13/
2023-12-12,414,sasiri,Sasiri,,32;45;49,414 | 2023-Dec-12 Tuesday,dlb,https://www.dlb.lk/result/13/
2023-12-10,413,sasiri,Sasiri,,03;11;19,413 | 2023-Dec-10 Sunday,dlb,https://www.dlb.lk/result/13/
2023-12-08,412,sasiri,Sasiri,,09;10;15,412 | 2023-Dec-08 Friday,dlb,https://www.dlb.lk/result/13/
2023-12-05,411,sasiri,Sasiri,,04;07;47,411 | 2023-Dec-05 Tuesday,dlb,https://www.dlb.lk/result/13/
2023-12-03,410,sasiri,Sasiri,,02;21;37,410 | 2023-Dec-03 Sunday,dlb,https://www.dlb.lk/result/13/
2023-12-01,409,sasiri,Sasiri,,06;23;44,409 | 2023-Dec-01 Friday,dlb,https://www.dlb.lk/result/13/
2023-11-28,408,sasiri,Sasiri,,09;39;44,408 | 2023-Nov-28 Tuesday,dlb,https://www.dlb.lk/result/13/
2023-11-26,407,sasiri,Sasiri,,15;16;21,407 | 2023-Nov-26 Sunday,dlb,https://www.dlb.lk/result/13/
2023-11-24,406,sasiri,Sasiri,,01;37;38,406 | 2023-Nov-24 Friday,dlb,https://www.dlb.lk/result/13/
2023-11-21,405,sasiri,Sasiri,,09;27;46,405 | 2023-Nov-21 Tuesday,dlb,https://www.dlb.lk/result/13/
2023-11-19,404,sasiri,Sasiri,,04;05;17,404 | 2023-Nov-19 Sunday,dlb,https://www.dlb.lk/result/13/
2023-11-17,403,sasiri,Sasiri,,07;20;32,403 | 2023-Nov-17 Friday,dlb,https://www.dlb.lk/result/13/
2023-11-14,402,sasiri,Sasiri,,05;34;44,402 | 2023-Nov-14 Tuesday,dlb,https://www.dlb.lk/result/13/
2023-11-12,401,sasiri,Sasiri,,26;37;39,401 | 2023-Nov-12 Sunday,dlb,https://www.dlb.lk/result/13/
2023-11-10,400,sasiri,Sasiri,,08;27;35,400 | 2023-Nov-10 Friday,dlb,https://www.dlb.lk/result/13/
2023-11-07,399,sasiri,Sasiri,,04;13;47,399 | 2023-Nov-07 Tuesday,dlb,https://www.dlb.lk/result/13/
2023-11-05,398,sasiri,Sasiri,,03;16;31,398 | 2023-Nov-05 Sunday,dlb,https://www.dlb.lk/result/13/
2023-11-03,397,sasiri,Sasiri,,13;23;39,397 | 2023-Nov-03 Friday,dlb,https://www.dlb.lk/result/13/
2023-10-31,396,sasiri,Sasiri,,05;10;48,396 | 2023-Oct-31 Tuesday,dlb,https://www.dlb.lk/result/13/
2023-10-29,395,sasiri,Sasiri,,10;24;36,395 | 2023-Oct-29 Sunday,dlb,https://www.dlb.lk/result/13/
2023-10-27,394,sasiri,Sasiri,,03;22;25,394 | 2023-Oct-27 Friday,dlb,https://www.dlb.lk/result/13/
2023-10-24,393,sasiri,Sasiri,,18;32;46,393 | 2023-Oct-24 Tuesday,dlb,https://www.dlb.lk/result/13/
2023-10-22,392,sasiri,Sasiri,,19;28;38,392 | 2023-Oct-22 Sunday,dlb,https://www.dlb.lk/result/13/
2023-10-20,391,sasiri,Sasiri,,07;33;42,391 | 2023-Oct-20 Friday,dlb,https://www.dlb.lk/result/13/
2023-10-17,390,sasiri,Sasiri,,07;29;38,390 | 2023-Oct-17 Tuesday,dlb,https://www.dlb.lk/result/13/
2023-10-15,389,sasiri,Sasiri,,05;43;45,389 | 2023-Oct-15 Sunday,dlb,https://www.dlb.lk/result/13/
2023-10-13,388,sasiri,Sasiri,,02;04;48,388 | 2023-Oct-13 Friday,dlb,https://www.dlb.lk/result/13/
2023-10-10,387,sasiri,Sasiri,,03;05;12,387 | 2023-Oct-10 Tuesday,dlb,https://www.dlb.lk/result/13/
2023-10-08,386,sasiri,Sasiri,,26;46;48,386 | 2023-Oct-08 Sunday,dlb,https://www.dlb.lk/result/13/
2023-10-06,385,sasiri,Sasiri,,02;14;47,385 | 2023-Oct-06 Friday,dlb,https://www.dlb.lk/result/13/
2023-10-03,384,sasiri,Sasiri,,09;29;35,384 | 2023-Oct-03 Tuesday,dlb,https://www.dlb.lk/result/13/
2023-10-01,383,sasiri,Sasiri,,28;29;43,383 | 2023-Oct-01 Sunday,dlb,https://www.dlb.lk/result/13/
2023-09-29,382,sasiri,Sasiri,,08;27;33,382 | 2023-Sep-29 Friday,dlb,https://www.dlb.lk/result/13/
2023-09-26,381,sasiri,Sasiri,,03;12;24,381 | 2023-Sep-26 Tuesday,dlb,https://www.dlb.lk/result/13/
2023-09-24,380,sasiri,Sasiri,,26;35;45,380 | 2023-Sep-24 Sunday,dlb,https://www.dlb.lk/result/13/
2023-09-22,379,sasiri,Sasiri,,03;23;44,379 | 2023-Sep-22 Friday,dlb,https://www.dlb.lk/result/13/
2023-09-19,378,sasiri,Sasiri,,16;37;47,378 | 2023-Sep-19 Tuesday,dlb,https://www.dlb.lk/result/13/
2023-09-17,377,sasiri,Sasiri,,15;22;31,377 | 2023-Sep-17 Sunday,dlb,https://www.dlb.lk/result/13/
2023-09-15,376,sasiri,Sasiri,,07;44;46,376 | 2023-Sep-15 Friday,dlb,https://www.dlb.lk/result/13/
2023-09-12,375,sasiri,Sasiri,,09;31;50,375 | 2023-Sep-12 Tuesday,dlb,https://www.dlb.lk/result/13/
2023-09-10,374,sasiri,Sasiri,,16;21;25,374 | 2023-Sep-10 Sunday,dlb,https://www.dlb.lk/result/13/
2023-09-08,373,sasiri,Sasiri,,08;18;38,373 | 2023-Sep-08 Friday,dlb,https://www.dlb.lk/result/13/
2023-09-05,372,sasiri,Sasiri,,13;25;38,372 | 2023-Sep-05 Tuesday,dlb,https://www.dlb.lk/result/13/
2023-09-03,371,sasiri,Sasiri,,24;38;42,371 | 2023-Sep-03 Sunday,dlb,https://www.dlb.lk/result/13/
2023-09-01,370,sasiri,Sasiri,,23;39;43,370 | 2023-Sep-01 Friday,dlb,https://www.dlb.lk/result/13/
2023-08-29,369,sasiri,Sasiri,,06;12;42,369 | 2023-Aug-29 Tuesday,dlb,https://www.dlb.lk/result/13/
2023-08-27,368,sasiri,Sasiri,,11;15;42,368 | 2023-Aug-27 Sunday,dlb,https://www.dlb.lk/result/13/
2023-08-25,367,sasiri,Sasiri,,11;20;39,367 | 2023-Aug-25 Friday,dlb,https://www.dlb.lk/result/13/
2023-08-22,366,sasiri,Sasiri,,23;26;49,366 | 2023-Aug-22 Tuesday,dlb,https://www.dlb.lk/result/13/
2023-08-20,365,sasiri,Sasiri,,03;30;38,365 | 2023-Aug-20 Sunday,dlb,https://www.dlb.lk/result/13/
2023-08-18,364,sasiri,Sasiri,,21;23;48,364 | 2023-Aug-18 Friday,dlb,https://www.dlb.lk/result/13/
2023-08-15,363,sasiri,Sasiri,,11;13;26,363 | 2023-Aug-15 Tuesday,dlb,https://www.dlb.lk/result/13/
2023-08-13,362,sasiri,Sasiri,,37;39;40,362 | 2023-Aug-13 Sunday,dlb,https://www.dlb.lk/result/13/
2023-08-11,361,sasiri,Sasiri,,05;08;27,361 | 2023-Aug-11 Friday,dlb,https://www.dlb.lk/result/13/
2023-08-08,360,sasiri,Sasiri,,16;19;22,360 | 2023-Aug-08 Tuesday,dlb,https://www.dlb.lk/result/13/
2023-08-06,359,sasiri,Sasiri,,09;26;37,359 | 2023-Aug-06 Sunday,dlb,https://www.dlb.lk/result/13/
2023-08-04,358,sasiri,Sasiri,,01;12;19,358 | 2023-Aug-04 Friday,dlb,https://www.dlb.lk/result/13/
2023-08-01,357,sasiri,Sasiri,,04;24;49,357 | 2023-Aug-01 Tuesday,dlb,https://www.dlb.lk/result/13/
2023-07-30,356,sasiri,Sasiri,,10;20;29,356 | 2023-Jul-30 Sunday,dlb,https://www.dlb.lk/result/13/
2023-07-28,355,sasiri,Sasiri,,04;19;37,355 | 2023-Jul-28 Friday,dlb,https://www.dlb.lk/result/13/
2023-07-25,354,sasiri,Sasiri,,22;24;49,354 | 2023-Jul-25 Tuesday,dlb,https://www.dlb.lk/result/13/
2023-07-23,353,sasiri,Sasiri,,07;33;50,353 | 2023-Jul-23 Sunday,dlb,https://www.dlb.lk/result/13/
2023-07-21,352,sasiri,Sasiri,,12;21;47,352 | 2023-Jul-21 Friday,dlb,https://www.dlb.lk/result/13/
2023-07-18,351,sasiri,Sasiri,,02;20;36,351 | 2023-Jul-18 Tuesday,dlb,https://www.dlb.lk/result/13/
2023-07-16,350,sasiri,Sasiri,,17;22;30,350 | 2023-Jul-16 Sunday,dlb,https://www.dlb.lk/result/13/
2023-07-14,349,sasiri,Sasiri,,20;31;42,349 | 2023-Jul-14 Friday,dlb,https://www.dlb.lk/result/13/
2023-07-11,348,sasiri,Sasiri,,07;34;36,348 | 2023-Jul-11 Tuesday,dlb,https://www.dlb.lk/result/13/
2023-07-09,347,sasiri,Sasiri,,05;39;45,347 | 2023-Jul-09 Sunday,dlb,https://www.dlb.lk/result/13/
2023-07-07,346,sasiri,Sasiri,,22;36;44,346 | 2023-Jul-07 Friday,dlb,https://www.dlb.lk/result/13/
2023-07-04,345,sasiri,Sasiri,,01;23;31,345 | 2023-Jul-04 Tuesday,dlb,https://www.dlb.lk/result/13/
2023-07-02,344,sasiri,Sasiri,,07;19;32,344 | 2023-Jul-02 Sunday,dlb,https://www.dlb.lk/result/13/
2023-06-30,343,sasiri,Sasiri,,16;41;49,343 | 2023-Jun-30 Friday,dlb,https://www.dlb.lk/result/13/
2023-06-27,342,sasiri,Sasiri,,10;14;47,342 | 2023-Jun-27 Tuesday,dlb,https://www.dlb.lk/result/13/
2023-06-25,341,sasiri,Sasiri,,12;35;41,341 | 2023-Jun-25 Sunday,dlb,https://www.dlb.lk/result/13/
2023-06-23,340,sasiri,Sasiri,,01;05;17,340 | 2023-Jun-23 Friday,dlb,https://www.dlb.lk/result/13/
2023-06-20,339,sasiri,Sasiri,,19;23;50,339 | 2023-Jun-20 Tuesday,dlb,https://www.dlb.lk/result/13/
2023-06-18,338,sasiri,Sasiri,,01;47;50,338 | 2023-Jun-18 Sunday,dlb,https://www.dlb.lk/result/13/
2023-06-16,337,sasiri,Sasiri,,10;14;30,337 | 2023-Jun-16 Friday,dlb,https://www.dlb.lk/result/13/
2023-06-13,336,sasiri,Sasiri,,19;27;35,336 | 2023-Jun-13 Tuesday,dlb,https://www.dlb.lk/result/13/
2023-06-11,335,sasiri,Sasiri,,02;04;22,335 | 2023-Jun-11 Sunday,dlb,https://www.dlb.lk/result/13/
2023-06-09,334,sasiri,Sasiri,,28;37;40,334 | 2023-Jun-09 Friday,dlb,https://www.dlb.lk/result/13/
2023-06-06,333,sasiri,Sasiri,,09;12;15,333 | 2023-Jun-06 Tuesday,dlb,https://www.dlb.lk/result/13/
2023-06-04,332,sasiri,Sasiri,,03;09;47,332 | 2023-Jun-04 Sunday,dlb,https://www.dlb.lk/result/13/
2023-06-02,331,sasiri,Sasiri,,07;15;21,331 | 2023-Jun-02 Friday,dlb,https://www.dlb.lk/result/13/
2023-05-30,330,sasiri,Sasiri,,09;20;21,330 | 2023-May-30 Tuesday,dlb,https://www.dlb.lk/result/13/
2023-05-28,329,sasiri,Sasiri,,04;24;28,329 | 2023-May-28 Sunday,dlb,https://www.dlb.lk/result/13/
2023-05-26,328,sasiri,Sasiri,,22;23;29,328 | 2023-May-26 Friday,dlb,https://www.dlb.lk/result/13/
2023-05-23,327,sasiri,Sasiri,,06;20;35,327 | 2023-May-23 Tuesday,dlb,https://www.dlb.lk/result/13/
2023-05-21,326,sasiri,Sasiri,,15;20;22,326 | 2023-May-21 Sunday,dlb,https://www.dlb.lk/result/13/
2023-05-19,325,sasiri,Sasiri,,03;12;48,325 | 2023-May-19 Friday,dlb,https://www.dlb.lk/result/13/
2023-05-16,324,sasiri,Sasiri,,01;07;45,324 | 2023-May-16 Tuesday,dlb,https://www.dlb.lk/result/13/
2023-05-14,323,sasiri,Sasiri,,11;12;19,323 | 2023-May-14 Sunday,dlb,https://www.dlb.lk/result/13/
2023-05-12,322,sasiri,Sasiri,,05;18;45,322 | 2023-May-12 Friday,dlb,https://www.dlb.lk/result/13/
2023-05-09,321,sasiri,Sasiri,,17;25;40,321 | 2023-May-09 Tuesday,dlb,https://www.dlb.lk/result/13/
2023-05-07,320,sasiri,Sasiri,,02;10;49,320 | 2023-May-07 Sunday,dlb,https://www.dlb.lk/result/13/
2023-05-02,319,sasiri,Sasiri,,32;46;48,319 | 2023-May-02 Tuesday,dlb,https://www.dlb.lk/result/13/
2023-04-30,318,sasiri,Sasiri,,02;33;49,318 | 2023-Apr-30 Sunday,dlb,https://www.dlb.lk/result/13/
2023-04-28,317,sasiri,Sasiri,,08;14;27,317 | 2023-Apr-28 Friday,dlb,https://www.dlb.lk/result/13/
2023-04-25,316,sasiri,Sasiri,,41;47;48,316 | 2023-Apr-25 Tuesday,dlb,https://www.dlb.lk/result/13/
2023-04-23,315,sasiri,Sasiri,,06;30;34,315 | 2023-Apr-23 Sunday,dlb,https://www.dlb.lk/result/13/
2023-04-21,314,sasiri,Sasiri,,08;19;40,314 | 2023-Apr-21 Friday,dlb,https://www.dlb.lk/result/13/
2023-04-18,313,sasiri,Sasiri,,10;24;25,313 | 2023-Apr-18 Tuesday,dlb,https://www.dlb.lk/result/13/
2023-04-11,312,sasiri,Sasiri,,07;29;39,312 | 2023-Apr-11 Tuesday,dlb,https://www.dlb.lk/result/13/
2023-04-09,311,sasiri,Sasiri,,22;35;49,311 | 2023-Apr-09 Sunday,dlb,https://www.dlb.lk/result/13/
2023-04-07,310,sasiri,Sasiri,,01;12;33,310 | 2023-Apr-07 Friday,dlb,https://www.dlb.lk/result/13/
2023-04-04,309,sasiri,Sasiri,,20;40;48,309 | 2023-Apr-04 Tuesday,dlb,https://www.dlb.lk/result/13/
2023-04-02,308,sasiri,Sasiri,,15;44;47,308 | 2023-Apr-02 Sunday,dlb,https://www.dlb.lk/result/13/
2023-03-31,307,sasiri,Sasiri,,19;24;43,307 | 2023-Mar-31 Friday,dlb,https://www.dlb.lk/result/13/
2023-03-28,306,sasiri,Sasiri,,01;30;47,306 | 2023-Mar-28 Tuesday,dlb,https://www.dlb.lk/result/13/
2023-03-26,305,sasiri,Sasiri,,21;42;49,305 | 2023-Mar-26 Sunday,dlb,https://www.dlb.lk/result/13/
2023-03-24,304,sasiri,Sasiri,,08;19;24,304 | 2023-Mar-24 Friday,dlb,https://www.dlb.lk/result/13/
2023-03-21,303,sasiri,Sasiri,,01;24;40,303 | 2023-Mar-21 Tuesday,dlb,https://www.dlb.lk/result/13/
2023-03-19,302,sasiri,Sasiri,,26;38;47,302 | 2023-Mar-19 Sunday,dlb,https://www.dlb.lk/result/13/
2023-03-17,301,sasiri,Sasiri,,16;21;34,301 | 2023-Mar-17 Friday,dlb,https://www.dlb.lk/result/13/
2023-03-14,300,sasiri,Sasiri,,15;40;47,300 | 2023-Mar-14 Tuesday,dlb,https://www.dlb.lk/result/13/
2023-03-12,299,sasiri,Sasiri,,15;27;34,299 | 2023-Mar-12 Sunday,dlb,https://www.dlb.lk/result/13/
2023-03-10,298,sasiri,Sasiri,,03;36;48,298 | 2023-Mar-10 Friday,dlb,https://www.dlb.lk/result/13/
2023-03-07,297,sasiri,Sasiri,,16;22;24,297 | 2023-Mar-07 Tuesday,dlb,https://www.dlb.lk/result/13/
2023-03-05,296,sasiri,Sasiri,,06;18;32,296 | 2023-Mar-05 Sunday,dlb,https://www.dlb.lk/result/13/
2023-03-03,295,sasiri,Sasiri,,15;24;43,295 | 2023-Mar-03 Friday,dlb,https://www.dlb.lk/result/13/
2023-02-28,294,sasiri,Sasiri,,17;32;33,294 | 2023-Feb-28 Tuesday,dlb,https://www.dlb.lk/result/13/
2023-02-26,293,sasiri,Sasiri,,09;38;40,293 | 2023-Feb-26 Sunday,dlb,https://www.dlb.lk/result/13/
2023-02-24,292,sasiri,Sasiri,,03;04;24,292 | 2023-Feb-24 Friday,dlb,https://www.dlb.lk/result/13/
2023-02-21,291,sasiri,Sasiri,,03;14;38,291 | 2023-Feb-21 Tuesday,dlb,https://www.dlb.lk/result/13/
2023-02-19,290,sasiri,Sasiri,,12;18;31,290 | 2023-Feb-19 Sunday,dlb,https://www.dlb.lk/result/13/
2023-02-17,289,sasiri,Sasiri,,03;08;20,289 | 2023-Feb-17 Friday,dlb,https://www.dlb.lk/result/13/
2023-02-14,288,sasiri,Sasiri,,01;29;39,288 | 2023-Feb-14 Tuesday,dlb,https://www.dlb.lk/result/13/
2023-02-12,287,sasiri,Sasiri,,10;15;46,287 | 2023-Feb-12 Sunday,dlb,https://www.dlb.lk/result/13/
2023-02-10,286,sasiri,Sasiri,,20;31;41,286 | 2023-Feb-10 Friday,dlb,https://www.dlb.lk/result/13/
2023-02-07,285,sasiri,Sasiri,,17;35;49,285 | 2023-Feb-07 Tuesday,dlb,https://www.dlb.lk/result/13/
2023-02-05,284,sasiri,Sasiri,,19;26;40,284 | 2023-Feb-05 Sunday,dlb,https://www.dlb.lk/result/13/
2023-02-03,283,sasiri,Sasiri,,10;17;25,283 | 2023-Feb-03 Friday,dlb,https://www.dlb.lk/result/13/
2023-01-31,282,sasiri,Sasiri,,21;45;50,282 | 2023-Jan-31 Tuesday,dlb,https://www.dlb.lk/result/13/
2023-01-29,281,sasiri,Sasiri,,06;18;50,281 | 2023-Jan-29 Sunday,dlb,https://www.dlb.lk/result/13/
2023-01-27,280,sasiri,Sasiri,,08;10;46,280 | 2023-Jan-27 Friday,dlb,https://www.dlb.lk/result/13/
2023-01-24,279,sasiri,Sasiri,,18;19;23,279 | 2023-Jan-24 Tuesday,dlb,https://www.dlb.lk/result/13/
2023-01-22,278,sasiri,Sasiri,,16;30;50,278 | 2023-Jan-22 Sunday,dlb,https://www.dlb.lk/result/13/
2023-01-20,277,sasiri,Sasiri,,23;38;42,277 | 2023-Jan-20 Friday,dlb,https://www.dlb.lk/result/13/
2023-01-17,276,sasiri,Sasiri,,01;15;18,276 | 2023-Jan-17 Tuesday,dlb,https://www.dlb.lk/result/13/
2023-01-15,275,sasiri,Sasiri,,18;26;34,275 | 2023-Jan-15 Sunday,dlb,https://www.dlb.lk/result/13/
2023-01-13,274,sasiri,Sasiri,,15;40;43,274 | 2023-Jan-13 Friday,dlb,https://www.dlb.lk/result/13/
2023-01-10,273,sasiri,Sasiri,,03;34;36,273 | 2023-Jan-10 Tuesday,dlb,https://www.dlb.lk/result/13/
2023-01-08,272,sasiri,Sasiri,,01;04;50,272 | 2023-Jan-08 Sunday,dlb,https://www.dlb.lk/result/13/
2023-01-06,271,sasiri,Sasiri,,17;39;47,271 | 2023-Jan-06 Friday,dlb,https://www.dlb.lk/result/13/
2023-01-03,270,sasiri,Sasiri,,24;27;45,270 | 2023-Jan-03 Tuesday,dlb,https://www.dlb.lk/result/13/
2023-01-01,269,sasiri,Sasiri,,13;22;50,269 | 2023-Jan-01 Sunday,dlb,https://www.dlb.lk/result/13/
2022-12-30,268,sasiri,Sasiri,,01;41;49,268 | 2022-Dec-30 Friday,dlb,https://www.dlb.lk/result/13/
2022-12-27,267,sasiri,Sasiri,,11;28;35,267 | 2022-Dec-27 Tuesday,dlb,https://www.dlb.lk/result/13/
2022-12-25,266,sasiri,Sasiri,,20;24;32,266 | 2022-Dec-25 Sunday,dlb,https://www.dlb.lk/result/13/
2022-12-23,265,sasiri,Sasiri,,04;08;26,265 | 2022-Dec-23 Friday,dlb,https://www.dlb.lk/result/13/
2022-12-20,264,sasiri,Sasiri,,08;32;35,264 | 2022-Dec-20 Tuesday,dlb,https://www.dlb.lk/result/13/
2022-12-18,263,sasiri,Sasiri,,10;12;44,263 | 2022-Dec-18 Sunday,dlb,https://www.dlb.lk/result/13/
2022-12-16,262,sasiri,Sasiri,,12;14;28,262 | 2022-Dec-16 Friday,dlb,https://www.dlb.lk/result/13/
2022-12-13,261,sasiri,Sasiri,,27;40;43,261 | 2022-Dec-13 Tuesday,dlb,https://www.dlb.lk/result/13/
2022-12-11,260,sasiri,Sasiri,,11;14;19,260 | 2022-Dec-11 Sunday,dlb,https://www.dlb.lk/result/13/
2022-12-09,259,sasiri,Sasiri,,11;21;38,259 | 2022-Dec-09 Friday,dlb,https://www.dlb.lk/result/13/
2022-12-06,258,sasiri,Sasiri,,19;26;39,258 | 2022-Dec-06 Tuesday,dlb,https://www.dlb.lk/result/13/
2022-12-04,257,sasiri,Sasiri,,03;14;47,257 | 2022-Dec-04 Sunday,dlb,https://www.dlb.lk/result/13/
2022-12-02,256,sasiri,Sasiri,,10;38;42,256 | 2022-Dec-02 Friday,dlb,https://www.dlb.lk/result/13/
2022-11-29,255,sasiri,Sasiri,,05;20;47,255 | 2022-Nov-29 Tuesday,dlb,https://www.dlb.lk/result/13/
2022-11-27,254,sasiri,Sasiri,,08;15;34,254 | 2022-Nov-27 Sunday,dlb,https://www.dlb.lk/result/13/
2022-11-25,253,sasiri,Sasiri,,06;31;42,253 | 2022-Nov-25 Friday,dlb,https://www.dlb.lk/result/13/
2022-11-22,252,sasiri,Sasiri,,15;23;50,252 | 2022-Nov-22 Tuesday,dlb,https://www.dlb.lk/result/13/
2022-11-20,251,sasiri,Sasiri,,01;06;48,251 | 2022-Nov-20 Sunday,dlb,https://www.dlb.lk/result/13/
2022-11-18,250,sasiri,Sasiri,,33;34;38,250 | 2022-Nov-18 Friday,dlb,https://www.dlb.lk/result/13/
2022-11-15,249,sasiri,Sasiri,,16;23;27,249 | 2022-Nov-15 Tuesday,dlb,https://www.dlb.lk/result/13/
2022-11-13,248,sasiri,Sasiri,,02;45;48,248 | 2022-Nov-13 Sunday,dlb,https://www.dlb.lk/result/13/
2022-11-11,247,sasiri,Sasiri,,06;33;43,247 | 2022-Nov-11 Friday,dlb,https://www.dlb.lk/result/13/
2022-11-08,246,sasiri,Sasiri,,13;23;25,246 | 2022-Nov-08 Tuesday,dlb,https://www.dlb.lk/result/13/
2022-11-06,245,sasiri,Sasiri,,26;28;39,245 | 2022-Nov-06 Sunday,dlb,https://www.dlb.lk/result/13/
2022-11-04,244,sasiri,Sasiri,,13;16;43,244 | 2022-Nov-04 Friday,dlb,https://www.dlb.lk/result/13/
2022-11-01,243,sasiri,Sasiri,,17;40;47,243 | 2022-Nov-01 Tuesday,dlb,https://www.dlb.lk/result/13/
2022-10-30,242,sasiri,Sasiri,,04;17;18,242 | 2022-Oct-30 Sunday,dlb,https://www.dlb.lk/result/13/
2022-10-28,241,sasiri,Sasiri,,05;30;41,241 | 2022-Oct-28 Friday,dlb,https://www.dlb.lk/result/13/
2022-10-25,240,sasiri,Sasiri,,05;18;31,240 | 2022-Oct-25 Tuesday,dlb,https://www.dlb.lk/result/13/
2022-10-23,239,sasiri,Sasiri,,16;44;48,239 | 2022-Oct-23 Sunday,dlb,https://www.dlb.lk/result/13/
2022-10-21,238,sasiri,Sasiri,,05;17;29,238 | 2022-Oct-21 Friday,dlb,https://www.dlb.lk/result/13/
2022-10-18,237,sasiri,Sasiri,,13;14;32,237 | 2022-Oct-18 Tuesday,dlb,https://www.dlb.lk/result/13/
2022-10-16,236,sasiri,Sasiri,,10;39;44,236 | 2022-Oct-16 Sunday,dlb,https://www.dlb.lk/result/13/
2022-10-14,235,sasiri,Sasiri,,04;17;32,235 | 2022-Oct-14 Friday,dlb,https://www.dlb.lk/result/13/
2022-10-11,234,sasiri,Sasiri,,07;31;46,234 | 2022-Oct-11 Tuesday,dlb,https://www.dlb.lk/result/13/
2022-10-09,233,sasiri,Sasiri,,24;34;39,233 | 2022-Oct-09 Sunday,dlb,https://www.dlb.lk/result/13/
2022-10-07,232,sasiri,Sasiri,,28;41;48,232 | 2022-Oct-07 Friday,dlb,https://www.dlb.lk/result/13/
2022-10-04,231,sasiri,Sasiri,,07;13;41,231 | 2022-Oct-04 Tuesday,dlb,https://www.dlb.lk/result/13/
2022-10-02,230,sasiri,Sasiri,,11;20;32,230 | 2022-Oct-02 Sunday,dlb,https://www.dlb.lk/result/13/
2022-09-30,229,sasiri,Sasiri,,04;11;40,229 | 2022-Sep-30 Friday,dlb,https://www.dlb.lk/result/13/
2022-09-27,228,sasiri,Sasiri,,06;11;41,228 | 2022-Sep-27 Tuesday,dlb,https://www.dlb.lk/result/13/
2022-09-25,227,sasiri,Sasiri,,02;27;38,227 | 2022-Sep-25 Sunday,dlb,https://www.dlb.lk/result/13/
2022-09-23,226,sasiri,Sasiri,,11;29;44,226 | 2022-Sep-23 Friday,dlb,https://www.dlb.lk/result/13/
2022-09-20,225,sasiri,Sasiri,,08;18;33,225 | 2022-Sep-20 Tuesday,dlb,https://www.dlb.lk/result/13/
2022-09-18,224,sasiri,Sasiri,,02;37;50,224 | 2022-Sep-18 Sunday,dlb,https://www.dlb.lk/result/13/
2022-09-16,223,sasiri,Sasiri,,17;22;47,223 | 2022-Sep-16 Friday,dlb,https://www.dlb.lk/result/13/
2022-09-13,222,sasiri,Sasiri,,12;13;44,222 | 2022-Sep-13 Tuesday,dlb,https://www.dlb.lk/result/13/
2022-09-11,221,sasiri,Sasiri,,09;19;42,221 | 2022-Sep-11 Sunday,dlb,https://www.dlb.lk/result/13/
2022-09-09,220,sasiri,Sasiri,,22;27;38,220 | 2022-Sep-09 Friday,dlb,https://www.dlb.lk/result/13/
2022-09-06,219,sasiri,Sasiri,,10;22;37,219 | 2022-Sep-06 Tuesday,dlb,https://www.dlb.lk/result/13/
2022-09-04,218,sasiri,Sasiri,,07;17;31,218 | 2022-Sep-04 Sunday,dlb,https://www.dlb.lk/result/13/
2022-09-02,217,sasiri,Sasiri,,18;39;45,217 | 2022-Sep-02 Friday,dlb,https://www.dlb.lk/result/13/
2022-08-30,216,sasiri,Sasiri,,03;17;22,216 | 2022-Aug-30 Tuesday,dlb,https://www.dlb.lk/result/13/
2022-08-28,215,sasiri,Sasiri,,05;14;28,215 | 2022-Aug-28 Sunday,dlb,https://www.dlb.lk/result/13/
2022-08-26,214,sasiri,Sasiri,,08;20;44,214 | 2022-Aug-26 Friday,dlb,https://www.dlb.lk/result/13/
2022-08-23,213,sasiri,Sasiri,,12;33;41,213 | 2022-Aug-23 Tuesday,dlb,https://www.dlb.lk/result/13/
2022-08-21,212,sasiri,Sasiri,,22;32;46,212 | 2022-Aug-21 Sunday,dlb,https://www.dlb.lk/result/13/
2022-08-19,211,sasiri,Sasiri,,07;18;28,211 | 2022-Aug-19 Friday,dlb,https://www.dlb.lk/result/13/
2022-08-16,210,sasiri,Sasiri,,10;19;48,210 | 2022-Aug-16 Tuesday,dlb,https://www.dlb.lk/result/13/
2022-08-14,209,sasiri,Sasiri,,09;11;19,209 | 2022-Aug-14 Sunday,dlb,https://www.dlb.lk/result/13/
2022-08-12,208,sasiri,Sasiri,,12;32;41,208 | 2022-Aug-12 Friday,dlb,https://www.dlb.lk/result/13/
2022-08-09,207,sasiri,Sasiri,,12;32;46,207 | 2022-Aug-09 Tuesday,dlb,https://www.dlb.lk/result/13/
2022-08-07,206,sasiri,Sasiri,,01;15;48,206 | 2022-Aug-07 Sunday,dlb,https://www.dlb.lk/result/13/
2022-08-05,205,sasiri,Sasiri,,02;29;38,205 | 2022-Aug-05 Friday,dlb,https://www.dlb.lk/result/13/
2022-08-02,204,sasiri,Sasiri,,01;12;39,204 | 2022-Aug-02 Tuesday,dlb,https://www.dlb.lk/result/13/
2022-07-31,203,sasiri,Sasiri,,16;25;46,203 | 2022-Jul-31 Sunday,dlb,https://www.dlb.lk/result/13/
2022-07-29,202,sasiri,Sasiri,,09;41;43,202 | 2022-Jul-29 Friday,dlb,https://www.dlb.lk/result/13/
2022-07-26,201,sasiri,Sasiri,,05;30;35,201 | 2022-Jul-26 Tuesday,dlb,https://www.dlb.lk/result/13/
2022-07-24,200,sasiri,Sasiri,,06;28;47,200 | 2022-Jul-24 Sunday,dlb,https://www.dlb.lk/result/13/
2022-07-22,199,sasiri,Sasiri,,17;24;30,199 | 2022-Jul-22 Friday,dlb,https://www.dlb.lk/result/13/
2022-07-19,198,sasiri,Sasiri,,05;23;28,198 | 2022-Jul-19 Tuesday,dlb,https://www.dlb.lk/result/13/
2022-07-17,197,sasiri,Sasiri,,05;15;45,197 | 2022-Jul-17 Sunday,dlb,https://www.dlb.lk/result/13/
2022-07-15,196,sasiri,Sasiri,,05;15;45,196 | 2022-Jul-15 Friday,dlb,https://www.dlb.lk/result/13/
2022-07-12,195,sasiri,Sasiri,,15;40;48,195 | 2022-Jul-12 Tuesday,dlb,https://www.dlb.lk/result/13/
2022-07-10,194,sasiri,Sasiri,,15;40;48,194 | 2022-Jul-10 Sunday,dlb,https://www.dlb.lk/result/13/
2022-07-08,193,sasiri,Sasiri,,02;24;27,193 | 2022-Jul-08 Friday,dlb,https://www.dlb.lk/result/13/
2022-07-05,192,sasiri,Sasiri,,07;19;20,192 | 2022-Jul-05 Tuesday,dlb,https://www.dlb.lk/result/13/
2022-07-03,191,sasiri,Sasiri,,06;30;42,191 | 2022-Jul-03 Sunday,dlb,https://www.dlb.lk/result/13/
2022-07-01,190,sasiri,Sasiri,,13;18;50,190 | 2022-Jul-01 Friday,dlb,https://www.dlb.lk/result/13/
2022-06-28,189,sasiri,Sasiri,,10;33;50,189 | 2022-Jun-28 Tuesday,dlb,https://www.dlb.lk/result/13/
2022-06-26,188,sasiri,Sasiri,,02;04;31,188 | 2022-Jun-26 Sunday,dlb,https://www.dlb.lk/result/13/
2022-06-24,187,sasiri,Sasiri,,09;31;41,187 | 2022-Jun-24 Friday,dlb,https://www.dlb.lk/result/13/
2022-06-21,186,sasiri,Sasiri,,11;18;39,186 | 2022-Jun-21 Tuesday,dlb,https://www.dlb.lk/result/13/
2022-06-19,185,sasiri,Sasiri,,03;09;24,185 | 2022-Jun-19 Sunday,dlb,https://www.dlb.lk/result/13/
2022-06-17,184,sasiri,Sasiri,,15;19;34,184 | 2022-Jun-17 Friday,dlb,https://www.dlb.lk/result/13/
2022-06-14,183,sasiri,Sasiri,,17;19;40,183 | 2022-Jun-14 Tuesday,dlb,https://www.dlb.lk/result/13/
2022-06-12,182,sasiri,Sasiri,,22;29;42,182 | 2022-Jun-12 Sunday,dlb,https://www.dlb.lk/result/13/
2022-06-10,181,sasiri,Sasiri,,05;12;14,181 | 2022-Jun-10 Friday,dlb,https://www.dlb.lk/result/13/
2022-06-07,180,sasiri,Sasiri,,03;19;20,180 | 2022-Jun-07 Tuesday,dlb,https://www.dlb.lk/result/13/
2022-06-05,179,sasiri,Sasiri,,12;18;41,179 | 2022-Jun-05 Sunday,dlb,https://www.dlb.lk/result/13/
2022-06-03,178,sasiri,Sasiri,,23;26;40,178 | 2022-Jun-03 Friday,dlb,https://www.dlb.lk/result/13/
2022-05-31,177,sasiri,Sasiri,,01;39;49,177 | 2022-May-31 Tuesday,dlb,https://www.dlb.lk/result/13/
2022-05-22,173,sasiri,Sasiri,,09;10;40,173 | 2022-May-22 Sunday,dlb,https://www.dlb.lk/result/13/
2022-05-20,172,sasiri,Sasiri,,17;26;38,172 | 2022-May-20 Friday,dlb,https://www.dlb.lk/result/13/
2022-05-17,171,sasiri,Sasiri,,13;19;20,171 | 2022-May-17 Tuesday,dlb,https://www.dlb.lk/result/13/
2022-05-13,170,sasiri,Sasiri,,07;09;45,170 | 2022-May-13 Friday,dlb,https://www.dlb.lk/result/13/
2022-05-10,169,sasiri,Sasiri,,17;19;36,169 | 2022-May-10 Tuesday,dlb,https://www.dlb.lk/result/13/
2022-05-08,168,sasiri,Sasiri,,31;36;43,168 | 2022-May-08 Sunday,dlb,https://www.dlb.lk/result/13/
2022-05-06,167,sasiri,Sasiri,,31;36;43,167 | 2022-May-06 Friday,dlb,https://www.dlb.lk/result/13/
2022-05-03,166,sasiri,Sasiri,,16;22;44,166 | 2022-May-03 Tuesday,dlb,https://www.dlb.lk/result/13/
2022-05-01,165,sasiri,Sasiri,,27;34;41,165 | 2022-May-01 Sunday,dlb,https://www.dlb.lk/result/13/
2022-04-29,164,sasiri,Sasiri,,06;28;42,164 | 2022-Apr-29 Friday,dlb,https://www.dlb.lk/result/13/
2022-04-26,163,sasiri,Sasiri,,28;37;42,163 | 2022-Apr-26 Tuesday,dlb,https://www.dlb.lk/result/13/
2022-04-24,162,sasiri,Sasiri,,07;31;43,162 | 2022-Apr-24 Sunday,dlb,https://www.dlb.lk/result/13/
2022-04-22,161,sasiri,Sasiri,,11;21;29,161 | 2022-Apr-22 Friday,dlb,https://www.dlb.lk/result/13/
2022-04-19,160,sasiri,Sasiri,,03;36;37,160 | 2022-Apr-19 Tuesday,dlb,https://www.dlb.lk/result/13/
2022-04-12,159,sasiri,Sasiri,,39;42;43,159 | 2022-Apr-12 Tuesday,dlb,https://www.dlb.lk/result/13/
2022-04-10,158,sasiri,Sasiri,,08;46;50,158 | 2022-Apr-10 Sunday,dlb,https://www.dlb.lk/result/13/
2022-04-08,157,sasiri,Sasiri,,09;41;49,157 | 2022-Apr-08 Friday,dlb,https://www.dlb.lk/result/13/
2022-04-05,156,sasiri,Sasiri,,02;29;35,156 | 2022-Apr-05 Tuesday,dlb,https://www.dlb.lk/result/13/
2022-04-03,155,sasiri,Sasiri,,14;18;41,155 | 2022-Apr-03 Sunday,dlb,https://www.dlb.lk/result/13/
2022-04-01,154,sasiri,Sasiri,,14;35;49,154 | 2022-Apr-01 Friday,dlb,https://www.dlb.lk/result/13/
2022-03-29,153,sasiri,Sasiri,,18;22;44,153 | 2022-Mar-29 Tuesday,dlb,https://www.dlb.lk/result/13/
2022-03-27,152,sasiri,Sasiri,,20;40;41,152 | 2022-Mar-27 Sunday,dlb,https://www.dlb.lk/result/13/
2022-03-25,151,sasiri,Sasiri,,15;17;43,151 | 2022-Mar-25 Friday,dlb,https://www.dlb.lk/result/13/
2022-03-22,150,sasiri,Sasiri,,19;35;43,150 | 2022-Mar-22 Tuesday,dlb,https://www.dlb.lk/result/13/
2022-03-20,149,sasiri,Sasiri,,12;19;44,149 | 2022-Mar-20 Sunday,dlb,https://www.dlb.lk/result/13/
2022-03-18,148,sasiri,Sasiri,,16;25;48,148 | 2022-Mar-18 Friday,dlb,https://www.dlb.lk/result/13/
2022-03-15,147,sasiri,Sasiri,,01;24;39,147 | 2022-Mar-15 Tuesday,dlb,https://www.dlb.lk/result/13/
2022-03-13,146,sasiri,Sasiri,,29;31;36,146 | 2022-Mar-13 Sunday,dlb,https://www.dlb.lk/result/13/
2022-03-11,145,sasiri,Sasiri,,01;20;50,145 | 2022-Mar-11 Friday,dlb,https://www.dlb.lk/result/13/
2022-03-08,144,sasiri,Sasiri,,12;21;24,144 | 2022-Mar-08 Tuesday,dlb,https://www.dlb.lk/result/13/
2022-03-06,143,sasiri,Sasiri,,32;36;40,143 | 2022-Mar-06 Sunday,dlb,https://www.dlb.lk/result/13/
2022-03-04,142,sasiri,Sasiri,,14;19;27,142 | 2022-Mar-04 Friday,dlb,https://www.dlb.lk/result/13/
2022-03-01,141,sasiri,Sasiri,,07;31;36,141 | 2022-Mar-01 Tuesday,dlb,https://www.dlb.lk/result/13/
2022-02-27,140,sasiri,Sasiri,,26;45;49,140 | 2022-Feb-27 Sunday,dlb,https://www.dlb.lk/result/13/
2022-02-25,139,sasiri,Sasiri,,04;10;31,139 | 2022-Feb-25 Friday,dlb,https://www.dlb.lk/result/13/
2022-02-22,138,sasiri,Sasiri,,09;23;42,138 | 2022-Feb-22 Tuesday,dlb,https://www.dlb.lk/result/13/
2022-02-20,137,sasiri,Sasiri,,22;26;47,137 | 2022-Feb-20 Sunday,dlb,https://www.dlb.lk/result/13/
2022-02-18,136,sasiri,Sasiri,,33;38;43,136 | 2022-Feb-18 Friday,dlb,https://www.dlb.lk/result/13/
2022-02-15,135,sasiri,Sasiri,,06;22;41,135 | 2022-Feb-15 Tuesday,dlb,https://www.dlb.lk/result/13/
2022-02-13,134,sasiri,Sasiri,,02;10;27,134 | 2022-Feb-13 Sunday,dlb,https://www.dlb.lk/result/13/
2022-02-11,133,sasiri,Sasiri,,06;31;38,133 | 2022-Feb-11 Friday,dlb,https://www.dlb.lk/result/13/
2022-02-08,132,sasiri,Sasiri,,02;16;34,132 | 2022-Feb-08 Tuesday,dlb,https://www.dlb.lk/result/13/
2022-02-06,131,sasiri,Sasiri,,37;41;46,131 | 2022-Feb-06 Sunday,dlb,https://www.dlb.lk/result/13/
2022-02-04,130,sasiri,Sasiri,,32;33;39,130 | 2022-Feb-04 Friday,dlb,https://www.dlb.lk/result/13/
2022-02-01,129,sasiri,Sasiri,,21;26;45,129 | 2022-Feb-01 Tuesday,dlb,https://www.dlb.lk/result/13/
2022-01-30,128,sasiri,Sasiri,,23;24;49,128 | 2022-Jan-30 Sunday,dlb,https://www.dlb.lk/result/13/
2022-01-28,127,sasiri,Sasiri,,02;26;32,127 | 2022-Jan-28 Friday,dlb,https://www.dlb.lk/result/13/
2022-01-25,126,sasiri,Sasiri,,23;32;43,126 | 2022-Jan-25 Tuesday,dlb,https://www.dlb.lk/result/13/
2022-01-23,125,sasiri,Sasiri,,13;31;50,125 | 2022-Jan-23 Sunday,dlb,https://www.dlb.lk/result/13/
2022-01-21,124,sasiri,Sasiri,,09;10;32,124 | 2022-Jan-21 Friday,dlb,https://www.dlb.lk/result/13/
2022-01-18,123,sasiri,Sasiri,,08;19;44,123 | 2022-Jan-18 Tuesday,dlb,https://www.dlb.lk/result/13/
2022-01-16,122,sasiri,Sasiri,,11;38;45,122 | 2022-Jan-16 Sunday,dlb,https://www.dlb.lk/result/13/
2022-01-14,121,sasiri,Sasiri,,06;38;41,121 | 2022-Jan-14 Friday,dlb,https://www.dlb.lk/result/13/
2022-01-11,120,sasiri,Sasiri,,07;40;43,120 | 2022-Jan-11 Tuesday,dlb,https://www.dlb.lk/result/13/
2022-01-09,119,sasiri,Sasiri,,05;23;28,119 | 2022-Jan-09 Sunday,dlb,https://www.dlb.lk/result/13/
2022-01-07,118,sasiri,Sasiri,,04;29;32,118 | 2022-Jan-07 Friday,dlb,https://www.dlb.lk/result/13/
2022-01-04,117,sasiri,Sasiri,,09;33;38,117 | 2022-Jan-04 Tuesday,dlb,https://www.dlb.lk/result/13/
2022-01-02,116,sasiri,Sasiri,,41;42;44,116 | 2022-Jan-02 Sunday,dlb,https://www.dlb.lk/result/13/
2021-12-31,115,sasiri,Sasiri,,06;29;30,115 | 2021-Dec-31 Friday,dlb,https://www.dlb.lk/result/13/
2021-12-29,114,sasiri,Sasiri,,26;31;44,114 | 2021-Dec-29 Wednesday,dlb,https://www.dlb.lk/result/13/
2021-12-25,113,sasiri,Sasiri,,12;15;46,113 | 2021-Dec-25 Saturday,dlb,https://www.dlb.lk/result/13/
2021-12-22,112,sasiri,Sasiri,,17;28;48,112 | 2021-Dec-22 Wednesday,dlb,https://www.dlb.lk/result/13/
2021-12-18,111,sasiri,Sasiri,,09;20;44,111 | 2021-Dec-18 Saturday,dlb,https://www.dlb.lk/result/13/
2021-12-15,110,sasiri,Sasiri,,32;43;44,110 | 2021-Dec-15 Wednesday,dlb,https://www.dlb.lk/result/13/
2021-12-11,109,sasiri,Sasiri,,26;37;42,109 | 2021-Dec-11 Saturday,dlb,https://www.dlb.lk/result/13/
2021-12-08,108,sasiri,Sasiri,,14;20;28,108 | 2021-Dec-08 Wednesday,dlb,https://www.dlb.lk/result/13/
2021-12-04,107,sasiri,Sasiri,,25;42;48,107 | 2021-Dec-04 Saturday,dlb,https://www.dlb.lk/result/13/
2021-12-01,106,sasiri,Sasiri,,35;37;44,106 | 2021-Dec-01 Wednesday,dlb,https://www.dlb.lk/result/13/
2021-11-27,105,sasiri,Sasiri,,25;37;47,105 | 2021-Nov-27 Saturday,dlb,https://www.dlb.lk/result/13/
2021-11-24,104,sasiri,Sasiri,,15;30;37,104 | 2021-Nov-24 Wednesday,dlb,https://www.dlb.lk/result/13/
2021-11-20,103,sasiri,Sasiri,,07;21;41,103 | 2021-Nov-20 Saturday,dlb,https://www.dlb.lk/result/13/
2021-11-17,102,sasiri,Sasiri,,15;29;35,102 | 2021-Nov-17 Wednesday,dlb,https://www.dlb.lk/result/13/
2021-11-13,101,sasiri,Sasiri,,16;27;49,101 | 2021-Nov-13 Saturday,dlb,https://www.dlb.lk/result/13/
2021-11-10,100,sasiri,Sasiri,,10;18;25,100 | 2021-Nov-10 Wednesday,dlb,https://www.dlb.lk/result/13/
