draw_date,draw_id,game,game_name,letter,numbers,raw_text,source,url
2026-01-11,2871,shanida,Shanida,O,12;30;54;62,Draw Number - 2871 | 2026-Jan-11 Sunday,dlb,https://www.dlb.lk/result/1/
2026-01-11,5206,shanida,Shanida,Y,33;48;54;80,Draw Number - 5206 | 2026-Jan-11 Sunday,dlb,https://www.dlb.lk/result/1/
2026-01-11,4757,shanida,Shanida,,09;10;12;34,Draw Number - 4757 | 2026-Jan-11 Sunday,dlb,https://www.dlb.lk/result/1/
2026-01-11,779,shanida,Shanida,U,08;05;04;01,Draw Number - 779 | 2026-Jan-11 Sunday,dlb,https://www.dlb.lk/result/1/
2026-01-11,3045,shanida,Shanida,G,09;47;58;60,Draw Number - 3045 | 2026-Jan-11 Sunday,dlb,https://www.dlb.lk/result/1/
2026-01-11,2221,shanida,Shanida,G,23;28;63;66,Draw Number - 2221 | 2026-Jan-11 Sunday,dlb,https://www.dlb.lk/result/1/
2025-10-29,2174,shanida,Shanida,V,15;30;54;55,Draw Number - 2174 | 2025-Oct-29 Wednesday,dlb,https://www.dlb.lk/result/1/
2026-01-11,253,shanida,Shanida,U,04;01;03;03,Draw Number - 253 | 2026-Jan-11 Sunday,dlb,https://www.dlb.lk/result/1/
2025-12-29,5193,shanida,Shanida,Y,18;19;22;61,5193 | 2025-Dec-29 Monday,dlb,https://www.dlb.lk/result/1/
2025-12-28,5192,shanida,Shanida,K,13;41;59;77,5192 | 2025-Dec-28 Sunday,dlb,https://www.dlb.lk/result/1/
2025-12-27,5191,shanida,Shanida,B,05;27;31;61,5191 | 2025-Dec-27 Saturday,dlb,https://www.dlb.lk/result/1/
2025-12-26,5190,shanida,Shanida,X,16;21;52;73,5190 | 2025-Dec-26 Friday,dlb,https://www.dlb.lk/result/1/
2025-12-25,5189,shanida,Shanida,V,15;25;29;67,5189 | 2025-Dec-25 Thursday,dlb,https://www.dlb.lk/result/1/
2025-12-24,5188,shanida,Shanida,B,19;31;69;72,5188 | 2025-Dec-24 Wednesday,dlb,https://www.dlb.lk/result/1/
2025-12-23,5187,shanida,Shanida,N,09;17;33;68,5187 | 2025-Dec-23 Tuesday,dlb,https://www.dlb.lk/result/1/
2025-12-22,5186,shanida,Shanida,R,05;11;63;68,5186 | 2025-Dec-22 Monday,dlb,https://www.dlb.lk/result/1/
2025-12-21,5185,shanida,Shanida,O,32;50;61;68,5185 | 2025-Dec-21 Sunday,dlb,https://www.dlb.lk/result/1/
2025-12-20,5184,shanida,Shanida,E,21;61;67;80,5184 | 2025-Dec-20 Saturday,dlb,https://www.dlb.lk/result/1/
2025-12-19,5183,shanida,Shanida,N,04;19;40;67,5183 | 2025-Dec-19 Friday,dlb,https://www.dlb.lk/result/1/
2025-12-18,5182,shanida,Shanida,X,13;25;62;76,5182 | 2025-Dec-18 Thursday,dlb,https://www.dlb.lk/result/1/
2025-12-17,5181,shanida,Shanida,G,05;48;70;72,5181 | 2025-Dec-17 Wednesday,dlb,https://www.dlb.lk/result/1/
2025-12-16,5180,shanida,Shanida,I,15;17;38;50,5180 | 2025-Dec-16 Tuesday,dlb,https://www.dlb.lk/result/1/
2025-12-15,5179,shanida,Shanida,T,03;27;49;59,5179 | 2025-Dec-15 Monday,dlb,https://www.dlb.lk/result/1/
2025-12-14,5178,shanida,Shanida,X,18;37;40;47,5178 | 2025-Dec-14 Sunday,dlb,https://www.dlb.lk/result/1/
2025-12-13,5177,shanida,Shanida,T,22;62;65;76,5177 | 2025-Dec-13 Saturday,dlb,https://www.dlb.lk/result/1/
2025-12-12,5176,shanida,Shanida,D,09;12;44;49,5176 | 2025-Dec-12 Friday,dlb,https://www.dlb.lk/result/1/
2025-12-11,5175,shanida,Shanida,S,03;42;52;79,5175 | 2025-Dec-11 Thursday,dlb,https://www.dlb.lk/result/1/
2025-12-10,5174,shanida,Shanida,C,13;19;47;73,5174 | 2025-Dec-10 Wednesday,dlb,https://www.dlb.lk/result/1/
2025-12-09,5173,shanida,Shanida,R,22;46;62;72,5173 | 2025-Dec-09 Tuesday,dlb,https://www.dlb.lk/result/1/
2025-12-08,5172,shanida,Shanida,Y,05;15;43;60,5172 | 2025-Dec-08 Monday,dlb,https://www.dlb.lk/result/1/
2025-12-07,5171,shanida,Shanida,P,03;24;35;74,5171 | 2025-Dec-07 Sunday,dlb,https://www.dlb.lk/result/1/
2025-12-06,5170,shanida,Shanida,J,03;10;14;39,5170 | 2025-Dec-06 Saturday,dlb,https://www.dlb.lk/result/1/
2025-12-05,5169,shanida,Shanida,Q,11;42;43;68,5169 | 2025-Dec-05 Friday,dlb,https://www.dlb.lk/result/1/
2025-12-04,5168,shanida,Shanida,A,27;44;53;72,5168 | 2025-Dec-04 Thursday,dlb,https://www.dlb.lk/result/1/
2025-12-03,5167,shanida,Shanida,D,23;37;65;80,5167 | 2025-Dec-03 Wednesday,dlb,https://www.dlb.lk/result/1/
2025-12-02,5166,shanida,Shanida,A,12;53;65;70,5166 | 2025-Dec-02 Tuesday,dlb,https://www.dlb.lk/result/1/
2025-12-01,5165,shanida,Shanida,X,27;34;44;56,5165 | 2025-Dec-01 Monday,dlb,https://www.dlb.lk/result/1/
2025-11-30,5164,shanida,Shanida,E,17;19;31;52,5164 | 2025-Nov-30 Sunday,dlb,https://www.dlb.lk/result/1/
2025-11-29,5163,shanida,Shanida,S,23;37;63;74,5163 | 2025-Nov-29 Saturday,dlb,https://www.dlb.lk/result/1/
2025-11-28,5162,shanida,Shanida,V,16;40;65;80,5162 | 2025-Nov-28 Friday,dlb,https://www.dlb.lk/result/1/
2025-11-27,5161,shanida,Shanida,I,03;10;25;36,5161 | 2025-Nov-27 Thursday,dlb,https://www.dlb.lk/result/1/
2025-11-26,5160,shanida,Shanida,B,01;06;33;61,5160 | 2025-Nov-26 Wednesday,dlb,https://www.dlb.lk/result/1/
2025-11-25,5159,shanida,Shanida,S,04;19;47;69,5159 | 2025-Nov-25 Tuesday,dlb,https://www.dlb.lk/result/1/
2025-11-24,5158,shanida,Shanida,I,21;22;28;37,5158 | 2025-Nov-24 Monday,dlb,https://www.dlb.lk/result/1/
2025-11-23,5157,shanida,Shanida,G,07;20;39;53,5157 | 2025-Nov-23 Sunday,dlb,https://www.dlb.lk/result/1/
2025-11-22,5156,shanida,Shanida,X,02;17;61;77,5156 | 2025-Nov-22 Saturday,dlb,https://www.dlb.lk/result/1/
2025-11-21,5155,shanida,Shanida,H,08;32;62;71,5155 | 2025-Nov-21 Friday,dlb,https://www.dlb.lk/result/1/
2025-11-20,5154,shanida,Shanida,Q,09;11;76;80,5154 | 2025-Nov-20 Thursday,dlb,https://www.dlb.lk/result/1/
2025-11-19,5153,shanida,Shanida,Q,23;24;37;38,5153 | 2025-Nov-19 Wednesday,dlb,https://www.dlb.lk/result/1/
2025-11-18,5152,shanida,Shanida,C,12;21;71;76,5152 | 2025-Nov-18 Tuesday,dlb,https://www.dlb.lk/result/1/
2025-11-17,5151,shanida,Shanida,R,42;58;59;72,5151 | 2025-Nov-17 Monday,dlb,https://www.dlb.lk/result/1/
2025-11-16,5150,shanida,Shanida,O,23;34;45;49,5150 | 2025-Nov-16 Sunday,dlb,https://www.dlb.lk/result/1/
2025-11-15,5149,shanida,Shanida,H,01;13;71;74,5149 | 2025-Nov-15 Saturday,dlb,https://www.dlb.lk/result/1/
2025-11-14,5148,shanida,Shanida,J,04;36;64;75,5148 | 2025-Nov-14 Friday,dlb,https://www.dlb.lk/result/1/
2025-11-13,5147,shanida,Shanida,D,38;46;56;79,5147 | 2025-Nov-13 Thursday,dlb,https://www.dlb.lk/result/1/
2025-11-12,5146,shanida,Shanida,K,42;74;75;79,5146 | 2025-Nov-12 Wednesday,dlb,https://www.dlb.lk/result/1/
2025-11-11,5145,shanida,Shanida,U,13;41;68;69,5145 | 2025-Nov-11 Tuesday,dlb,https://www.dlb.lk/result/1/
2025-11-10,5144,shanida,Shanida,X,16;43;46;55,5144 | 2025-Nov-10 Monday,dlb,https://www.dlb.lk/result/1/
2025-11-09,5143,shanida,Shanida,L,54;62;68;74,5143 | 2025-Nov-09 Sunday,dlb,https://www.dlb.lk/result/1/
2025-11-08,5142,shanida,Shanida,Z,25;52;61;72,5142 | 2025-Nov-08 Saturday,dlb,https://www.dlb.lk/result/1/
2025-11-07,5141,shanida,Shanida,U,02;03;34;60,5141 | 2025-Nov-07 Friday,dlb,https://www.dlb.lk/result/1/
2025-11-06,5140,shanida,Shanida,G,03;22;62;76,5140 | 2025-Nov-06 Thursday,dlb,https://www.dlb.lk/result/1/
2025-11-05,5139,shanida,Shanida,U,14;49;57;60,5139 | 2025-Nov-05 Wednesday,dlb,https://www.dlb.lk/result/1/
2025-11-04,5138,shanida,Shanida,Q,03;05;58;66,5138 | 2025-Nov-04 Tuesday,dlb,https://www.dlb.lk/result/1/
2025-11-03,5137,shanida,Shanida,G,28;31;73;76,5137 | 2025-Nov-03 Monday,dlb,https://www.dlb.lk/result/1/
2025-11-02,5136,shanida,Shanida,T,07;21;44;49,5136 | 2025-Nov-02 Sunday,dlb,https://www.dlb.lk/result/1/
2025-11-01,5135,shanida,Shanida,J,26;71;72;78,5135 | 2025-Nov-01 Saturday,dlb,https://www.dlb.lk/result/1/
2025-10-31,5134,shanida,Shanida,Q,19;62;65;68,5134 | 2025-Oct-31 Friday,dlb,https://www.dlb.lk/result/1/
2025-10-30,5133,shanida,Shanida,Z,18;48;56;57,5133 | 2025-Oct-30 Thursday,dlb,https://www.dlb.lk/result/1/
2025-10-29,5132,shanida,Shanida,O,36;47;57;59,5132 | 2025-Oct-29 Wednesday,dlb,https://www.dlb.lk/result/1/
2025-10-28,5131,shanida,Shanida,L,28;37;48;67,5131 | 2025-Oct-28 Tuesday,dlb,https://www.dlb.lk/result/1/
2025-10-27,5130,shanida,Shanida,M,30;33;37;80,5130 | 2025-Oct-27 Monday,dlb,https://www.dlb.lk/result/1/
2025-10-26,5129,shanida,Shanida,Y,01;10;54;75,5129 | 2025-Oct-26 Sunday,dlb,https://www.dlb.lk/result/1/
2025-10-25,5128,shanida,Shanida,Q,17;67;68;79,5128 | 2025-Oct-25 Saturday,dlb,https://www.dlb.lk/result/1/
2025-10-24,5127,shanida,Shanida,T,07;32;39;77,5127 | 2025-Oct-24 Friday,dlb,https://www.dlb.lk/result/1/
2025-10-23,5126,shanida,Shanida,O,15;54;62;73,5126 | 2025-Oct-23 Thursday,dlb,https://www.dlb.lk/result/1/
2025-10-22,5125,shanida,Shanida,R,04;54;57;59,5125 | 2025-Oct-22 Wednesday,dlb,https://www.dlb.lk/result/1/
2025-10-21,5124,shanida,Shanida,F,13;26;45;78,5124 | 2025-Oct-21 Tuesday,dlb,https://www.dlb.lk/result/1/
2025-10-20,5123,shanida,Shanida,G,03;45;74;76,5123 | 2025-Oct-20 Monday,dlb,https://www.dlb.lk/result/1/
2025-10-19,5122,shanida,Shanida,L,17;60;62;63,5122 | 2025-Oct-19 Sunday,dlb,https://www.dlb.lk/result/1/
2025-10-18,5121,shanida,Shanida,Z,27;36;44;62,5121 | 2025-Oct-18 Saturday,dlb,https://www.dlb.lk/result/1/
2025-10-17,5120,shanida,Shanida,W,18;46;53;68,5120 | 2025-Oct-17 Friday,dlb,https://www.dlb.lk/result/1/
2025-10-16,5119,shanida,Shanida,X,02;03;26;78,5119 | 2025-Oct-16 Thursday,dlb,https://www.dlb.lk/result/1/
2025-10-15,5118,shanida,Shanida,G,51;60;71;77,5118 | 2025-Oct-15 Wednesday,dlb,https://www.dlb.lk/result/1/
2025-10-14,5117,shanida,Shanida,P,08;35;45;61,5117 | 2025-Oct-14 Tuesday,dlb,https://www.dlb.lk/result/1/
2025-10-13,5116,shanida,Shanida,R,19;25;53;58,5116 | 2025-Oct-13 Monday,dlb,https://www.dlb.lk/result/1/
2025-10-12,5115,shanida,Shanida,G,09;32;33;39,5115 | 2025-Oct-12 Sunday,dlb,https://www.dlb.lk/result/1/
2025-10-11,5114,shanida,Shanida,W,08;26;27;34,5114 | 2025-Oct-11 Saturday,dlb,https://www.dlb.lk/result/1/
2025-10-10,5113,shanida,Shanida,T,09;18;56;64,5113 | 2025-Oct-10 Friday,dlb,https://www.dlb.lk/result/1/
2025-10-09,5112,shanida,Shanida,X,47;61;70;72,5112 | 2025-Oct-09 Thursday,dlb,https://www.dlb.lk/result/1/
2025-10-08,5111,shanida,Shanida,W,13;29;53;70,5111 | 2025-Oct-08 Wednesday,dlb,https://www.dlb.lk/result/1/
2025-10-07,5110,shanida,Shanida,J,11;44;50;80,5110 | 2025-Oct-07 Tuesday,dlb,https://www.dlb.lk/result/1/
2025-10-06,5109,shanida,Shanida,U,25;48;75;77,5109 | 2025-Oct-06 Monday,dlb,https://www.dlb.lk/result/1/
2025-10-05,5108,shanida,Shanida,L,04;37;59;74,5108 | 2025-Oct-05 Sunday,dlb,https://www.dlb.lk/result/1/
2025-10-04,5107,shanida,Shanida,V,03;15;59;77,5107 | 2025-Oct-04 Saturday,dlb,https://www.dlb.lk/result/1/
2025-10-03,5106,shanida,Shanida,U,05;41;46;74,5106 | 2025-Oct-03 Friday,dlb,https://www.dlb.lk/result/1/
2025-10-02,5105,shanida,Shanida,M,01;04;44;60,5105 | 2025-Oct-02 Thursday,dlb,https://www.dlb.lk/result/1/
2025-10-01,5104,shanida,Shanida,T,09;18;31;40,5104 | 2025-Oct-01 Wednesday,dlb,https://www.dlb.lk/result/1/
2025-09-30,5103,shanida,Shanida,N,04;12;37;58,5103 | 2025-Sep-30 Tuesday,dlb,https://www.dlb.lk/result/1/
2025-09-29,5102,shanida,Shanida,A,13;19;27;55,5102 | 2025-Sep-29 Monday,dlb,https://www.dlb.lk/result/1/
2025-09-28,5101,shanida,Shanida,E,02;04;21;22,5101 | 2025-Sep-28 Sunday,dlb,https://www.dlb.lk/result/1/
2025-09-27,5100,shanida,Shanida,K,11;28;51;71,5100 | 2025-Sep-27 Saturday,dlb,https://www.dlb.lk/result/1/
2025-09-26,5099,shanida,Shanida,Y,45;54;57;60,5099 | 2025-Sep-26 Friday,dlb,https://www.dlb.lk/result/1/
2025-09-25,5098,shanida,Shanida,K,06;61;73;76,5098 | 2025-Sep-25 Thursday,dlb,https://www.dlb.lk/result/1/
2025-09-24,5097,shanida,Shanida,X,10;16;33;34,5097 | 2025-Sep-24 Wednesday,dlb,https://www.dlb.lk/result/1/
2025-09-23,5096,shanida,Shanida,A,13;34;62;76,5096 | 2025-Sep-23 Tuesday,dlb,https://www.dlb.lk/result/1/
2025-09-22,5095,shanida,Shanida,V,15;28;42;66,5095 | 2025-Sep-22 Monday,dlb,https://www.dlb.lk/result/1/
2025-09-21,5094,shanida,Shanida,G,43;44;52;78,5094 | 2025-Sep-21 Sunday,dlb,https://www.dlb.lk/result/1/
2025-09-20,5093,shanida,Shanida,K,39;41;61;76,5093 | 2025-Sep-20 Saturday,dlb,https://www.dlb.lk/result/1/
2025-09-19,5092,shanida,Shanida,N,03;05;36;60,5092 | 2025-Sep-19 Friday,dlb,https://www.dlb.lk/result/1/
2025-09-18,5091,shanida,Shanida,C,21;52;53;65,5091 | 2025-Sep-18 Thursday,dlb,https://www.dlb.lk/result/1/
2025-09-17,5090,shanida,Shanida,D,02;32;55;69,5090 | 2025-Sep-17 Wednesday,dlb,https://www.dlb.lk/result/1/
2025-09-16,5089,shanida,Shanida,V,38;43;44;45,5089 | 2025-Sep-16 Tuesday,dlb,https://www.dlb.lk/result/1/
2025-09-15,5088,shanida,Shanida,L,06;27;45;80,5088 | 2025-Sep-15 Monday,dlb,https://www.dlb.lk/result/1/
2025-09-14,5087,shanida,Shanida,C,25;65;71;78,5087 | 2025-Sep-14 Sunday,dlb,https://www.dlb.lk/result/1/
2025-09-13,5086,shanida,Shanida,Q,11;22;53;61,5086 | 2025-Sep-13 Saturday,dlb,https://www.dlb.lk/result/1/
