draw_date,draw_id,game,game_name,letter,numbers,raw_text,source,url
2026-01-12,2420,mega_power,Mega Power,K,26;13;44;70;75,"2420 Monday January 12, 2026 K 26 13 44 70 75",nlb,https://www.nlb.lk/results/mega-power
2026-01-11,2419,mega_power,Mega Power,W,13;09;12;19;32,"2419 Sunday January 11, 2026 W 13 09 12 19 32",nlb,https://www.nlb.lk/results/mega-power
2026-01-10,2418,mega_power,Mega Power,C,03;09;21;52;63,"2418 Saturday January 10, 2026 C 03 09 21 52 63",nlb,https://www.nlb.lk/results/mega-power
2026-01-09,2417,mega_power,Mega Power,F,26;10;26;69;73,"2417 Friday January 09, 2026 F 26 10 26 69 73",nlb,https://www.nlb.lk/results/mega-power
2026-01-08,2416,mega_power,Mega Power,M,14;06;36;53;58,"2416 Thursday January 08, 2026 M 14 06 36 53 58",nlb,https://www.nlb.lk/results/mega-power
2026-01-07,2415,mega_power,Mega Power,D,14;18;26;38;58,"2415 Wednesday January 07, 2026 D 14 18 26 38 58",nlb,https://www.nlb.lk/results/mega-power
2026-01-06,2414,mega_power,Mega Power,S,10;33;45;63;67,"2414 Tuesday January 06, 2026 S 10 33 45 63 67",nlb,https://www.nlb.lk/results/mega-power
2026-01-05,2413,mega_power,Mega Power,W,15;15;28;61;74,"2413 Monday January 05, 2026 W 15 15 28 61 74",nlb,https://www.nlb.lk/results/mega-power
2026-01-04,2412,mega_power,Mega Power,Y,11;24;28;50;59,"2412 Sunday January 04, 2026 Y 11 24 28 50 59",nlb,https://www.nlb.lk/results/mega-power
2026-01-03,2411,mega_power,Mega Power,Z,18;58;64;68;70,"2411 Saturday January 03, 2026 Z 18 58 64 68 70",nlb,https://www.nlb.lk/results/mega-power
2026-01-02,2410,mega_power,Mega Power,J,12;15;29;39;62,"2410 Friday January 02, 2026 J 12 15 29 39 62",nlb,https://www.nlb.lk/results/mega-power
2026-01-01,2409,mega_power,Mega Power,U,21;18;23;31;76,"2409 Thursday January 01, 2026 U 21 18 23 31 76",nlb,https://www.nlb.lk/results/mega-power
2025-12-31,2408,mega_power,Mega Power,J,09;06;13;15;31,"2408 Wednesday December 31, 2025 J 09 06 13 15 31",nlb,https://www.nlb.lk/results/mega-power
2025-12-30,2407,mega_power,Mega Power,N,19;01;17;38;50,"2407 Tuesday December 30, 2025 N 19 01 17 38 50",nlb,https://www.nlb.lk/results/mega-power
2025-12-29,2406,mega_power,Mega Power,I,23;22;63;68;74,"2406 Monday December 29, 2025 I 23 22 63 68 74",nlb,https://www.nlb.lk/results/mega-power
2025-12-28,2405,mega_power,Mega Power,C,18;09;65;68;75,"2405 Sunday December 28, 2025 C 18 09 65 68 75",nlb,https://www.nlb.lk/results/mega-power
2025-12-27,2404,mega_power,Mega Power,L,06;24;27;40;66,"2404 Saturday December 27, 2025 L 06 24 27 40 66",nlb,https://www.nlb.lk/results/mega-power
2025-12-26,2403,mega_power,Mega Power,B,02;06;25;58;67,"2403 Friday December 26, 2025 B 2 6 25 58 67",nlb,https://www.nlb.lk/results/mega-power
2025-12-25,2402,mega_power,Mega Power,K,24;13;19;26;58,"2402 Thursday December 25, 2025 K 24 13 19 26 58",nlb,https://www.nlb.lk/results/mega-power
2025-12-24,2401,mega_power,Mega Power,T,18;25;42;64;80,"2401 Wednesday December 24, 2025 T 18 25 42 64 80",nlb,https://www.nlb.lk/results/mega-power
2025-12-23,2400,mega_power,Mega Power,N,05;33;53;67;75,"2400 Tuesday December 23, 2025 N 05 33 53 67 75",nlb,https://www.nlb.lk/results/mega-power
2025-12-22,2399,mega_power,Mega Power,B,17;13;24;64;68,"2399 Monday December 22, 2025 B 17 13 24 64 68",nlb,https://www.nlb.lk/results/mega-power
2025-12-21,2398,mega_power,Mega Power,P,04;08;29;32;61,"2398 Sunday December 21, 2025 P 04 08 29 32 61",nlb,https://www.nlb.lk/results/mega-power
2025-12-20,2397,mega_power,Mega Power,K,08;33;35;60;65,"2397 Saturday December 20, 2025 K 8 33 35 60 65",nlb,https://www.nlb.lk/results/mega-power
2025-12-19,2396,mega_power,Mega Power,C,01;03;11;15;72,"2396 Friday December 19, 2025 C 01 03 11 15 72",nlb,https://www.nlb.lk/results/mega-power
2025-12-18,2395,mega_power,Mega Power,B,03;62;76;77;78,"2395 Thursday December 18, 2025 B 3 62 76 77 78",nlb,https://www.nlb.lk/results/mega-power
2025-12-17,2394,mega_power,Mega Power,H,04;40;44;45;69,"2394 Wednesday December 17, 2025 H 04 40 44 45 69",nlb,https://www.nlb.lk/results/mega-power
2025-12-16,2393,mega_power,Mega Power,V,05;05;32;62;79,"2393 Tuesday December 16, 2025 V 05 05 32 62 79",nlb,https://www.nlb.lk/results/mega-power
2025-12-15,2392,mega_power,Mega Power,N,04;48;49;68;78,"2392 Monday December 15, 2025 N 04 48 49 68 78",nlb,https://www.nlb.lk/results/mega-power
2025-12-14,2391,mega_power,Mega Power,I,12;20;27;29;42,"2391 Sunday December 14, 2025 I 12 20 27 29 42",nlb,https://www.nlb.lk/results/mega-power
2025-12-13,2390,mega_power,Mega Power,L,03;03;19;57;66,"2390 Saturday December 13, 2025 L 03 03 19 57 66",nlb,https://www.nlb.lk/results/mega-power
2025-12-12,2389,mega_power,Mega Power,T,07;30;31;42;67,"2389 Friday December 12, 2025 T 07 30 31 42 67",nlb,https://www.nlb.lk/results/mega-power
2025-12-11,2388,mega_power,Mega Power,V,22;22;39;61;78,"2388 Thursday December 11, 2025 V 22 22 39 61 78",nlb,https://www.nlb.lk/results/mega-power
2025-12-10,2387,mega_power,Mega Power,Q,04;24;28;38;49,"2387 Wednesday December 10, 2025 Q 04 24 28 38 49",nlb,https://www.nlb.lk/results/mega-power
2025-12-09,2386,mega_power,Mega Power,T,12;13;41;66;73,"2386 Tuesday December 09, 2025 T 12 13 41 66 73",nlb,https://www.nlb.lk/results/mega-power
2025-12-08,2385,mega_power,Mega Power,O,20;15;28;39;70,"2385 Monday December 08, 2025 O 20 15 28 39 70",nlb,https://www.nlb.lk/results/mega-power
2025-12-07,2384,mega_power,Mega Power,S,09;51;56;76;77,"2384 Sunday December 07, 2025 S 09 51 56 76 77",nlb,https://www.nlb.lk/results/mega-power
2025-12-06,2383,mega_power,Mega Power,P,09;09;13;46;76,"2383 Saturday December 06, 2025 P 09 09 13 46 76",nlb,https://www.nlb.lk/results/mega-power
2025-12-05,2382,mega_power,Mega Power,H,13;02;06;21;39,"2382 Friday December 05, 2025 H 13 2 6 21 39",nlb,https://www.nlb.lk/results/mega-power
2025-12-04,2381,mega_power,Mega Power,K,21;01;52;65;67,"2381 Thursday December 04, 2025 K 21 01 52 65 67",nlb,https://www.nlb.lk/results/mega-power
2025-12-03,2380,mega_power,Mega Power,G,19;11;21;40;49,"2380 Wednesday December 03, 2025 G 19 11 21 40 49",nlb,https://www.nlb.lk/results/mega-power
2025-12-02,2379,mega_power,Mega Power,C,01;16;17;56;75,"2379 Tuesday December 02, 2025 C 01 16 17 56 75",nlb,https://www.nlb.lk/results/mega-power
2025-12-01,2378,mega_power,Mega Power,I,07;06;14;23;46,"2378 Monday December 01, 2025 I 07 06 14 23 46",nlb,https://www.nlb.lk/results/mega-power
2025-11-30,2377,mega_power,Mega Power,I,23;07;10;11;23,"2377 Sunday November 30, 2025 I 23 7 10 11 23",nlb,https://www.nlb.lk/results/mega-power
2025-11-29,2376,mega_power,Mega Power,R,26;12;23;66;74,"2376 Saturday November 29, 2025 R 26 12 23 66 74",nlb,https://www.nlb.lk/results/mega-power
2025-11-28,2375,mega_power,Mega Power,O,02;28;43;48;78,"2375 Friday November 28, 2025 O 2 28 43 48 78",nlb,https://www.nlb.lk/results/mega-power
2025-11-27,2374,mega_power,Mega Power,I,15;50;60;63;75,"2374 Thursday November 27, 2025 I 15 50 60 63 75",nlb,https://www.nlb.lk/results/mega-power
2025-11-26,2373,mega_power,Mega Power,V,02;03;24;33;34,"2373 Wednesday November 26, 2025 V 2 3 24 33 34",nlb,https://www.nlb.lk/results/mega-power
2025-11-25,2372,mega_power,Mega Power,V,03;37;54;66;78,"2372 Tuesday November 25, 2025 V 3 37 54 66 78",nlb,https://www.nlb.lk/results/mega-power
2025-11-24,2371,mega_power,Mega Power,V,24;40;63;72;76,"2371 Monday November 24, 2025 V 24 40 63 72 76",nlb,https://www.nlb.lk/results/mega-power
2025-11-23,2370,mega_power,Mega Power,K,12;39;43;47;52,"2370 Sunday November 23, 2025 K 12 39 43 47 52",nlb,https://www.nlb.lk/results/mega-power
2025-11-22,2369,mega_power,Mega Power,F,08;04;13;22;49,"2369 Saturday November 22, 2025 F 08 04 13 22 49",nlb,https://www.nlb.lk/results/mega-power
2025-11-21,2368,mega_power,Mega Power,S,10;12;61;76;79,"2368 Friday November 21, 2025 S 10 12 61 76 79",nlb,https://www.nlb.lk/results/mega-power
2025-11-20,2367,mega_power,Mega Power,O,24;11;36;50;71,"2367 Thursday November 20, 2025 O 24 11 36 50 71",nlb,https://www.nlb.lk/results/mega-power
2025-11-19,2366,mega_power,Mega Power,B,11;05;59;74;75,"2366 Wednesday November 19, 2025 B 11 05 59 74 75",nlb,https://www.nlb.lk/results/mega-power
2025-11-18,2365,mega_power,Mega Power,Y,06;20;26;56;79,"2365 Tuesday November 18, 2025 Y 06 20 26 56 79",nlb,https://www.nlb.lk/results/mega-power
2025-11-17,2364,mega_power,Mega Power,W,08;11;33;49;77,"2364 Monday November 17, 2025 W 08 11 33 49 77",nlb,https://www.nlb.lk/results/mega-power
2025-11-16,2363,mega_power,Mega Power,V,22;09;23;30;41,"2363 Sunday November 16, 2025 V 22 9 23 30 41",nlb,https://www.nlb.lk/results/mega-power
2025-11-15,2362,mega_power,Mega Power,Y,11;03;06;26;66,"2362 Saturday November 15, 2025 Y 11 03 06 26 66",nlb,https://www.nlb.lk/results/mega-power
2025-11-14,2361,mega_power,Mega Power,P,24;17;31;38;68,"2361 Friday November 14, 2025 P 24 17 31 38 68",nlb,https://www.nlb.lk/results/mega-power
2025-11-13,2360,mega_power,Mega Power,B,13;01;47;48;69,"2360 Thursday November 13, 2025 B 13 01 47 48 69",nlb,https://www.nlb.lk/results/mega-power
2025-11-12,2359,mega_power,Mega Power,A,23;43;66;73;78,"2359 Wednesday November 12, 2025 A 23 43 66 73 78",nlb,https://www.nlb.lk/results/mega-power
2025-11-11,2358,mega_power,Mega Power,Y,02;18;25;50;52,"2358 Tuesday November 11, 2025 Y 02 18 25 50 52",nlb,https://www.nlb.lk/results/mega-power
2025-11-10,2357,mega_power,Mega Power,R,26;13;47;54;63,"2357 Monday November 10, 2025 R 26 13 47 54 63",nlb,https://www.nlb.lk/results/mega-power
2025-11-09,2356,mega_power,Mega Power,J,26;09;10;44;65,"2356 Sunday November 09, 2025 J 26 09 10 44 65",nlb,https://www.nlb.lk/results/mega-power
2025-11-08,2355,mega_power,Mega Power,G,18;14;46;61;79,"2355 Saturday November 08, 2025 G 18 14 46 61 79",nlb,https://www.nlb.lk/results/mega-power
2025-11-07,2354,mega_power,Mega Power,J,03;41;52;63;80,"2354 Friday November 07, 2025 J 03 41 52 63 80",nlb,https://www.nlb.lk/results/mega-power
2025-11-06,2353,mega_power,Mega Power,T,06;09;27;34;55,"2353 Thursday November 06, 2025 T 6 9 27 34 55",nlb,https://www.nlb.lk/results/mega-power
2025-11-05,2352,mega_power,Mega Power,S,09;19;36;50;71,"2352 Wednesday November 05, 2025 S 09 19 36 50 71",nlb,https://www.nlb.lk/results/mega-power
2025-11-04,2351,mega_power,Mega Power,U,20;06;27;54;57,"2351 Tuesday November 04, 2025 U 20 06 27 54 57",nlb,https://www.nlb.lk/results/mega-power
2025-11-03,2350,mega_power,Mega Power,L,13;11;48;49;65,"2350 Monday November 03, 2025 L 13 11 48 49 65",nlb,https://www.nlb.lk/results/mega-power
2025-11-02,2349,mega_power,Mega Power,D,17;26;41;45;60,"2349 Sunday November 02, 2025 D 17 26 41 45 60",nlb,https://www.nlb.lk/results/mega-power
2025-11-01,2348,mega_power,Mega Power,R,03;08;41;65;68,"2348 Saturday November 01, 2025 R 03 08 41 65 68",nlb,https://www.nlb.lk/results/mega-power
2025-10-31,2347,mega_power,Mega Power,D,07;22;39;40;76,"2347 Friday October 31, 2025 D 7 22 39 40 76",nlb,https://www.nlb.lk/results/mega-power
2025-10-30,2346,mega_power,Mega Power,U,16;01;02;19;58,"2346 Thursday October 30, 2025 U 16 01 02 19 58",nlb,https://www.nlb.lk/results/mega-power
2025-10-29,2345,mega_power,Mega Power,F,26;26;36;46;63,"2345 Wednesday October 29, 2025 F 26 26 36 46 63",nlb,https://www.nlb.lk/results/mega-power
2025-10-28,2344,mega_power,Mega Power,X,18;07;55;59;60,"2344 Tuesday October 28, 2025 X 18 7 55 59 60",nlb,https://www.nlb.lk/results/mega-power
2025-10-27,2343,mega_power,Mega Power,O,24;20;49;54;60,"2343 Monday October 27, 2025 O 24 20 49 54 60",nlb,https://www.nlb.lk/results/mega-power
2025-10-26,2342,mega_power,Mega Power,K,11;03;06;39;72,"2342 Sunday October 26, 2025 K 11 03 06 39 72",nlb,https://www.nlb.lk/results/mega-power
2025-10-25,2341,mega_power,Mega Power,K,09;05;22;24;63,"2341 Saturday October 25, 2025 K 09 05 22 24 63",nlb,https://www.nlb.lk/results/mega-power
2025-10-24,2340,mega_power,Mega Power,T,10;10;19;46;55,"2340 Friday October 24, 2025 T 10 10 19 46 55",nlb,https://www.nlb.lk/results/mega-power
2025-10-23,2339,mega_power,Mega Power,C,23;07;54;62;64,"2339 Thursday October 23, 2025 C 23 07 54 62 64",nlb,https://www.nlb.lk/results/mega-power
2025-10-22,2338,mega_power,Mega Power,X,14;10;23;39;58,"2338 Wednesday October 22, 2025 X 14 10 23 39 58",nlb,https://www.nlb.lk/results/mega-power
2025-10-21,2337,mega_power,Mega Power,R,16;02;12;18;49,"2337 Tuesday October 21, 2025 R 16 02 12 18 49",nlb,https://www.nlb.lk/results/mega-power
2025-10-20,2336,mega_power,Mega Power,O,22;14;32;51;65,"2336 Monday October 20, 2025 O 22 14 32 51 65",nlb,https://www.nlb.lk/results/mega-power
2025-10-19,2335,mega_power,Mega Power,U,19;30;54;59;62,"2335 Sunday October 19, 2025 U 19 30 54 59 62",nlb,https://www.nlb.lk/results/mega-power
2025-10-18,2334,mega_power,Mega Power,J,21;11;18;28;70,"2334 Saturday October 18, 2025 J 21 11 18 28 70",nlb,https://www.nlb.lk/results/mega-power
2025-10-17,2333,mega_power,Mega Power,O,12;45;46;49;79,"2333 Friday October 17, 2025 O 12 45 46 49 79",nlb,https://www.nlb.lk/results/mega-power
2025-10-16,2332,mega_power,Mega Power,V,02;14;32;56;69,"2332 Thursday October 16, 2025 V 2 14 32 56 69",nlb,https://www.nlb.lk/results/mega-power
2025-10-15,2331,mega_power,Mega Power,Q,13;06;28;42;46,"2331 Wednesday October 15, 2025 Q 13 06 28 42 46",nlb,https://www.nlb.lk/results/mega-power
2025-10-14,2330,mega_power,Mega Power,D,21;13;14;48;70,"2330 Tuesday October 14, 2025 D 21 13 14 48 70",nlb,https://www.nlb.lk/results/mega-power
2025-10-13,2329,mega_power,Mega Power,E,18;27;36;39;70,"2329 Monday October 13, 2025 E 18 27 36 39 70",nlb,https://www.nlb.lk/results/mega-power
2025-10-12,2328,mega_power,Mega Power,J,06;21;29;46;65,"2328 Sunday October 12, 2025 J 06 21 29 46 65",nlb,https://www.nlb.lk/results/mega-power
2025-10-11,2327,mega_power,Mega Power,M,02;28;36;70;74,"2327 Saturday October 11, 2025 M 02 28 36 70 74",nlb,https://www.nlb.lk/results/mega-power
2025-10-10,2326,mega_power,Mega Power,K,05;14;17;18;72,"2326 Friday October 10, 2025 K 05 14 17 18 72",nlb,https://www.nlb.lk/results/mega-power
2025-10-09,2325,mega_power,Mega Power,C,23;10;17;52;72,"2325 Thursday October 09, 2025 C 23 10 17 52 72",nlb,https://www.nlb.lk/results/mega-power
2025-10-08,2324,mega_power,Mega Power,D,24;03;10;60;73,"2324 Wednesday October 08, 2025 D 24 03 10 60 73",nlb,https://www.nlb.lk/results/mega-power
2025-10-07,2323,mega_power,Mega Power,Q,04;04;19;39;41,"2323 Tuesday October 07, 2025 Q 04 04 19 39 41",nlb,https://www.nlb.lk/results/mega-power
2025-10-06,2322,mega_power,Mega Power,E,19;26;47;68;75,"2322 Monday October 06, 2025 E 19 26 47 68 75",nlb,https://www.nlb.lk/results/mega-power
2025-10-05,2321,mega_power,Mega Power,T,03;03;16;25;49,"2321 Sunday October 05, 2025 T 03 03 16 25 49",nlb,https://www.nlb.lk/results/mega-power
2025-10-04,2320,mega_power,Mega Power,E,17;06;22;50;52,"2320 Saturday October 04, 2025 E 17 06 22 50 52",nlb,https://www.nlb.lk/results/mega-power
2025-10-03,2319,mega_power,Mega Power,B,17;16;52;64;69,"2319 Friday October 03, 2025 B 17 16 52 64 69",nlb,https://www.nlb.lk/results/mega-power
2025-10-02,2318,mega_power,Mega Power,I,15;18;26;40;80,"2318 Thursday October 02, 2025 I 15 18 26 40 80",nlb,https://www.nlb.lk/results/mega-power
2025-10-01,2317,mega_power,Mega Power,Q,25;48;58;60;77,"2317 Wednesday October 01, 2025 Q 25 48 58 60 77",nlb,https://www.nlb.lk/results/mega-power
2025-09-30,2316,mega_power,Mega Power,C,02;18;23;40;62,"2316 Tuesday September 30, 2025 C 2 18 23 40 62",nlb,https://www.nlb.lk/results/mega-power
2025-09-29,2315,mega_power,Mega Power,I,25;05;24;36;57,"2315 Monday September 29, 2025 I 25 5 24 36 57",nlb,https://www.nlb.lk/results/mega-power
2025-09-28,2314,mega_power,Mega Power,F,20;18;19;21;67,"2314 Sunday September 28, 2025 F 20 18 19 21 67",nlb,https://www.nlb.lk/results/mega-power
2025-09-27,2313,mega_power,Mega Power,N,25;03;11;30;52,"2313 Saturday September 27, 2025 N 25 03 11 30 52",nlb,https://www.nlb.lk/results/mega-power
2025-09-26,2312,mega_power,Mega Power,S,07;15;37;59;77,"2312 Friday September 26, 2025 S 07 15 37 59 77",nlb,https://www.nlb.lk/results/mega-power
2025-09-25,2311,mega_power,Mega Power,B,04;07;32;41;69,"2311 Thursday September 25, 2025 B 04 07 32 41 69",nlb,https://www.nlb.lk/results/mega-power
2025-09-24,2310,mega_power,Mega Power,W,25;10;24;38;73,"2310 Wednesday September 24, 2025 W 25 10 24 38 73",nlb,https://www.nlb.lk/results/mega-power
2025-09-23,2309,mega_power,Mega Power,Y,13;13;21;46;71,"2309 Tuesday September 23, 2025 Y 13 13 21 46 71",nlb,https://www.nlb.lk/results/mega-power
2025-09-22,2308,mega_power,Mega Power,P,18;41;42;61;76,"2308 Monday September 22, 2025 P 18 41 42 61 76",nlb,https://www.nlb.lk/results/mega-power
2025-09-21,2307,mega_power,Mega Power,L,15;02;28;36;57,"2307 Sunday September 21, 2025 L 15 02 28 36 57",nlb,https://www.nlb.lk/results/mega-power
2025-09-20,2306,mega_power,Mega Power,A,20;06;09;52;58,"2306 Saturday September 20, 2025 A 20 06 09 52 58",nlb,https://www.nlb.lk/results/mega-power
2025-09-19,2305,mega_power,Mega Power,U,23;13;14;37;80,"2305 Friday September 19, 2025 U 23 13 14 37 80",nlb,https://www.nlb.lk/results/mega-power
2025-09-18,2304,mega_power,Mega Power,P,24;09;17;40;74,"2304 Thursday September 18, 2025 P 24 9 17 40 74",nlb,https://www.nlb.lk/results/mega-power
2025-09-17,2303,mega_power,Mega Power,T,25;29;45;60;61,"2303 Wednesday September 17, 2025 T 25 29 45 60 61",nlb,https://www.nlb.lk/results/mega-power
2025-09-16,2302,mega_power,Mega Power,M,24;40;44;58;65,"2302 Tuesday September 16, 2025 M 24 40 44 58 65",nlb,https://www.nlb.lk/results/mega-power
2025-09-15,2301,mega_power,Mega Power,P,11;32;41;55;80,"2301 Monday September 15, 2025 P 11 32 41 55 80",nlb,https://www.nlb.lk/results/mega-power
2025-09-14,2300,mega_power,Mega Power,A,20;25;32;40;67,"2300 Sunday September 14, 2025 A 20 25 32 40 67",nlb,https://www.nlb.lk/results/mega-power
2025-09-13,2299,mega_power,Mega Power,R,04;11;16;34;39,"2299 Saturday September 13, 2025 R 04 11 16 34 39",nlb,https://www.nlb.lk/results/mega-power
2025-09-12,2298,mega_power,Mega Power,Z,20;07;48;67;78,"2298 Friday September 12, 2025 Z 20 07 48 67 78",nlb,https://www.nlb.lk/results/mega-power
2025-09-11,2297,mega_power,Mega Power,Q,14;12;22;25;54,"2297 Thursday September 11, 2025 Q 14 12 22 25 54",nlb,https://www.nlb.lk/results/mega-power
2025-09-10,2296,mega_power,Mega Power,O,08;02;04;43;74,"2296 Wednesday September 10, 2025 O 08 02 04 43 74",nlb,https://www.nlb.lk/results/mega-power
2025-09-09,2295,mega_power,Mega Power,E,11;25;55;62;64,"2295 Tuesday September 09, 2025 E 11 25 55 62 64",nlb,https://www.nlb.lk/results/mega-power
2025-09-08,2294,mega_power,Mega Power,Q,19;10;25;57;66,"2294 Monday September 08, 2025 Q 19 10 25 57 66",nlb,https://www.nlb.lk/results/mega-power
2025-09-07,2293,mega_power,Mega Power,G,17;20;46;58;70,"2293 Sunday September 07, 2025 G 17 20 46 58 70",nlb,https://www.nlb.lk/results/mega-power
2025-09-06,2292,mega_power,Mega Power,B,17;24;38;43;63,"2292 Saturday September 06, 2025 B 17 24 38 43 63",nlb,https://www.nlb.lk/results/mega-power
2025-09-05,2291,mega_power,Mega Power,V,06;48;64;65;75,"2291 Friday September 05, 2025 V 6 48 64 65 75",nlb,https://www.nlb.lk/results/mega-power
2025-09-04,2290,mega_power,Mega Power,B,02;30;36;37;41,"2290 Thursday September 04, 2025 B 2 30 36 37 41",nlb,https://www.nlb.lk/results/mega-power
2025-09-03,2289,mega_power,Mega Power,R,12;02;10;75;76,"2289 Wednesday September 03, 2025 R 12 02 10 75 76",nlb,https://www.nlb.lk/results/mega-power
2025-09-02,2288,mega_power,Mega Power,R,25;22;47;59;78,"2288 Tuesday September 02, 2025 R 25 22 47 59 78",nlb,https://www.nlb.lk/results/mega-power
2025-09-01,2287,mega_power,Mega Power,P,03;09;22;23;27,"2287 Monday September 01, 2025 P 03 09 22 23 27",nlb,https://www.nlb.lk/results/mega-power
2025-08-31,2286,mega_power,Mega Power,H,04;43;66;69;77,"2286 Sunday August 31, 2025 H 4 43 66 69 77",nlb,https://www.nlb.lk/results/mega-power
2025-08-30,2285,mega_power,Mega Power,K,17;13;56;61;67,"2285 Saturday August 30, 2025 K 17 13 56 61 67",nlb,https://www.nlb.lk/results/mega-power
2025-08-29,2284,mega_power,Mega Power,A,07;31;57;77;78,"2284 Friday August 29, 2025 A 7 31 57 77 78",nlb,https://www.nlb.lk/results/mega-power
2025-08-28,2283,mega_power,Mega Power,O,14;02;68;76;77,"2283 Thursday August 28, 2025 O 14 02 68 76 77",nlb,https://www.nlb.lk/results/mega-power
2025-08-27,2282,mega_power,Mega Power,K,13;24;33;39;62,"2282 Wednesday August 27, 2025 K 13 24 33 39 62",nlb,https://www.nlb.lk/results/mega-power
2025-08-26,2281,mega_power,Mega Power,P,01;04;64;65;70,"2281 Tuesday August 26, 2025 P 1 4 64 65 70",nlb,https://www.nlb.lk/results/mega-power
2025-08-25,2280,mega_power,Mega Power,P,19;41;68;70;76,"2280 Monday August 25, 2025 P 19 41 68 70 76",nlb,https://www.nlb.lk/results/mega-power
2025-08-24,2279,mega_power,Mega Power,I,23;01;24;62;76,"2279 Sunday August 24, 2025 I 23 01 24 62 76",nlb,https://www.nlb.lk/results/mega-power
2025-08-23,2278,mega_power,Mega Power,T,20;10;39;42;62,"2278 Saturday August 23, 2025 T 20 10 39 42 62",nlb,https://www.nlb.lk/results/mega-power
2025-08-22,2277,mega_power,Mega Power,T,23;19;59;61;73,"2277 Friday August 22, 2025 T 23 19 59 61 73",nlb,https://www.nlb.lk/results/mega-power
2025-08-21,2276,mega_power,Mega Power,I,25;45;48;65;71,"2276 Thursday August 21, 2025 I 25 45 48 65 71",nlb,https://www.nlb.lk/results/mega-power
2025-08-20,2275,mega_power,Mega Power,B,10;08;19;43;50,"2275 Wednesday August 20, 2025 B 10 08 19 43 50",nlb,https://www.nlb.lk/results/mega-power
2025-08-19,2274,mega_power,Mega Power,E,23;22;48;69;78,"2274 Tuesday August 19, 2025 E 23 22 48 69 78",nlb,https://www.nlb.lk/results/mega-power
2025-08-18,2273,mega_power,Mega Power,K,09;02;25;28;54,"2273 Monday August 18, 2025 K 09 02 25 28 54",nlb,https://www.nlb.lk/results/mega-power
2025-08-17,2272,mega_power,Mega Power,K,16;08;14;35;66,"2272 Sunday August 17, 2025 K 16 08 14 35 66",nlb,https://www.nlb.lk/results/mega-power
2025-08-16,2271,mega_power,Mega Power,M,22;06;15;16;80,"2271 Saturday August 16, 2025 M 22 06 15 16 80",nlb,https://www.nlb.lk/results/mega-power
2025-08-15,2270,mega_power,Mega Power,A,15;52;62;63;77,"2270 Friday August 15, 2025 A 15 52 62 63 77",nlb,https://www.nlb.lk/results/mega-power
2025-08-14,2269,mega_power,Mega Power,U,24;10;12;23;77,"2269 Thursday August 14, 2025 U 24 10 12 23 77",nlb,https://www.nlb.lk/results/mega-power
2025-08-13,2268,mega_power,Mega Power,P,10;15;17;58;59,"2268 Wednesday August 13, 2025 P 10 15 17 58 59",nlb,https://www.nlb.lk/results/mega-power
2025-08-12,2267,mega_power,Mega Power,A,14;22;57;65;66,"2267 Tuesday August 12, 2025 A 14 22 57 65 66",nlb,https://www.nlb.lk/results/mega-power
2025-08-11,2266,mega_power,Mega Power,S,18;06;27;40;53,"2266 Monday August 11, 2025 S 18 06 27 40 53",nlb,https://www.nlb.lk/results/mega-power
2025-08-10,2265,mega_power,Mega Power,J,25;08;34;50;60,"2265 Sunday August 10, 2025 J 25 08 34 50 60",nlb,https://www.nlb.lk/results/mega-power
2025-08-09,2264,mega_power,Mega Power,Z,06;43;45;76;77,"2264 Saturday August 09, 2025 Z 06 43 45 76 77",nlb,https://www.nlb.lk/results/mega-power
2025-08-08,2263,mega_power,Mega Power,K,08;33;35;39;50,"2263 Friday August 08, 2025 K 08 33 35 39 50",nlb,https://www.nlb.lk/results/mega-power
2025-08-07,2262,mega_power,Mega Power,Q,12;28;29;41;62,"2262 Thursday August 07, 2025 Q 12 28 29 41 62",nlb,https://www.nlb.lk/results/mega-power
2025-08-06,2261,mega_power,Mega Power,X,21;39;40;55;56,"2261 Wednesday August 06, 2025 X 21 39 40 55 56",nlb,https://www.nlb.lk/results/mega-power
2025-08-05,2260,mega_power,Mega Power,A,03;22;28;32;74,"2260 Tuesday August 05, 2025 A 3 22 28 32 74",nlb,https://www.nlb.lk/results/mega-power
2025-08-04,2259,mega_power,Mega Power,K,01;32;43;52;57,"2259 Monday August 04, 2025 K 01 32 43 52 57",nlb,https://www.nlb.lk/results/mega-power
2025-08-03,2258,mega_power,Mega Power,H,26;36;45;58;75,"2258 Sunday August 03, 2025 H 26 36 45 58 75",nlb,https://www.nlb.lk/results/mega-power
2025-08-02,2257,mega_power,Mega Power,U,06;09;27;37;69,"2257 Saturday August 02, 2025 U 06 09 27 37 69",nlb,https://www.nlb.lk/results/mega-power
2025-08-01,2256,mega_power,Mega Power,J,02;23;34;44;59,"2256 Friday August 01, 2025 J 2 23 34 44 59",nlb,https://www.nlb.lk/results/mega-power
2025-07-31,2255,mega_power,Mega Power,C,13;09;28;44;62,"2255 Thursday July 31, 2025 C 13 9 28 44 62",nlb,https://www.nlb.lk/results/mega-power
2025-07-30,2254,mega_power,Mega Power,Q,19;15;29;47;56,"2254 Wednesday July 30, 2025 Q 19 15 29 47 56",nlb,https://www.nlb.lk/results/mega-power
2025-07-29,2253,mega_power,Mega Power,H,09;01;02;22;72,"2253 Tuesday July 29, 2025 H 09 01 02 22 72",nlb,https://www.nlb.lk/results/mega-power
2025-07-28,2252,mega_power,Mega Power,J,26;48;60;68;76,"2252 Monday July 28, 2025 J 26 48 60 68 76",nlb,https://www.nlb.lk/results/mega-power
2025-07-27,2251,mega_power,Mega Power,O,25;11;38;61;78,"2251 Sunday July 27, 2025 O 25 11 38 61 78",nlb,https://www.nlb.lk/results/mega-power
2025-07-26,2250,mega_power,Mega Power,H,26;27;31;34;66,"2250 Saturday July 26, 2025 H 26 27 31 34 66",nlb,https://www.nlb.lk/results/mega-power
2025-07-25,2249,mega_power,Mega Power,U,09;04;15;39;48,"2249 Friday July 25, 2025 U 9 4 15 39 48",nlb,https://www.nlb.lk/results/mega-power
2025-07-24,2248,mega_power,Mega Power,L,22;13;20;55;70,"2248 Thursday July 24, 2025 L 22 13 20 55 70",nlb,https://www.nlb.lk/results/mega-power
2025-07-23,2247,mega_power,Mega Power,M,01;16;31;46;49,"2247 Wednesday July 23, 2025 M 01 16 31 46 49",nlb,https://www.nlb.lk/results/mega-power
2025-07-22,2246,mega_power,Mega Power,Q,15;08;12;20;72,"2246 Tuesday July 22, 2025 Q 15 08 12 20 72",nlb,https://www.nlb.lk/results/mega-power
2025-07-21,2245,mega_power,Mega Power,N,12;40;42;53;61,"2245 Monday July 21, 2025 N 12 40 42 53 61",nlb,https://www.nlb.lk/results/mega-power
2025-07-20,2244,mega_power,Mega Power,W,26;05;26;32;58,"2244 Sunday July 20, 2025 W 26 05 26 32 58",nlb,https://www.nlb.lk/results/mega-power
2025-07-19,2243,mega_power,Mega Power,C,03;05;15;27;47,"2243 Saturday July 19, 2025 C 03 05 15 27 47",nlb,https://www.nlb.lk/results/mega-power
2025-07-18,2242,mega_power,Mega Power,E,14;04;10;37;73,"2242 Friday July 18, 2025 E 14 4 10 37 73",nlb,https://www.nlb.lk/results/mega-power
2025-07-17,2241,mega_power,Mega Power,T,02;17;34;67;76,"2241 Thursday July 17, 2025 T 2 17 34 67 76",nlb,https://www.nlb.lk/results/mega-power
2025-07-16,2240,mega_power,Mega Power,B,07;08;37;71;76,"2240 Wednesday July 16, 2025 B 07 08 37 71 76",nlb,https://www.nlb.lk/results/mega-power
2025-07-15,2239,mega_power,Mega Power,M,19;14;15;44;73,"2239 Tuesday July 15, 2025 M 19 14 15 44 73",nlb,https://www.nlb.lk/results/mega-power
2025-07-14,2238,mega_power,Mega Power,H,24;33;46;62;72,"2238 Monday July 14, 2025 H 24 33 46 62 72",nlb,https://www.nlb.lk/results/mega-power
2025-07-13,2237,mega_power,Mega Power,L,22;40;45;61;66,"2237 Sunday July 13, 2025 L 22 40 45 61 66",nlb,https://www.nlb.lk/results/mega-power
2025-07-12,2236,mega_power,Mega Power,S,07;03;28;30;48,"2236 Saturday July 12, 2025 S 07 03 28 30 48",nlb,https://www.nlb.lk/results/mega-power
2025-07-11,2235,mega_power,Mega Power,T,03;04;18;19;59,"2235 Friday July 11, 2025 T 3 4 18 19 59",nlb,https://www.nlb.lk/results/mega-power
2025-07-10,2234,mega_power,Mega Power,C,13;04;15;68;69,"2234 Thursday July 10, 2025 C 13 04 15 68 69",nlb,https://www.nlb.lk/results/mega-power
2025-07-09,2233,mega_power,Mega Power,T,04;37;42;61;62,"2233 Wednesday July 09, 2025 T 04 37 42 61 62",nlb,https://www.nlb.lk/results/mega-power
2025-07-08,2232,mega_power,Mega Power,N,03;15;21;34;73,"2232 Tuesday July 08, 2025 N 03 15 21 34 73",nlb,https://www.nlb.lk/results/mega-power
2025-07-07,2231,mega_power,Mega Power,I,22;09;13;42;73,"2231 Monday July 07, 2025 I 22 9 13 42 73",nlb,https://www.nlb.lk/results/mega-power
2025-07-06,2230,mega_power,Mega Power,R,19;01;10;47;70,"2230 Sunday July 06, 2025 R 19 01 10 47 70",nlb,https://www.nlb.lk/results/mega-power
2025-07-05,2229,mega_power,Mega Power,A,26;05;32;62;68,"2229 Saturday July 05, 2025 A 26 05 32 62 68",nlb,https://www.nlb.lk/results/mega-power
2025-07-04,2228,mega_power,Mega Power,F,10;25;65;69;75,"2228 Friday July 04, 2025 F 10 25 65 69 75",nlb,https://www.nlb.lk/results/mega-power
2025-07-03,2227,mega_power,Mega Power,N,20;14;16;47;62,"2227 Thursday July 03, 2025 N 20 14 16 47 62",nlb,https://www.nlb.lk/results/mega-power
2025-07-02,2226,mega_power,Mega Power,A,24;32;33;57;80,"2226 Wednesday July 02, 2025 A 24 32 33 57 80",nlb,https://www.nlb.lk/results/mega-power
2025-07-01,2225,mega_power,Mega Power,T,15;11;23;43;65,"2225 Tuesday July 01, 2025 T 15 11 23 43 65",nlb,https://www.nlb.lk/results/mega-power
2025-06-30,2224,mega_power,Mega Power,X,24;32;43;70;76,"2224 Monday June 30, 2025 X 24 32 43 70 76",nlb,https://www.nlb.lk/results/mega-power
2025-06-29,2223,mega_power,Mega Power,Y,19;03;22;44;52,"2223 Sunday June 29, 2025 Y 19 3 22 44 52",nlb,https://www.nlb.lk/results/mega-power
2025-06-28,2222,mega_power,Mega Power,S,26;01;47;62;75,"2222 Saturday June 28, 2025 S 26 01 47 62 75",nlb,https://www.nlb.lk/results/mega-power
2025-06-27,2221,mega_power,Mega Power,U,24;14;39;43;54,"2221 Friday June 27, 2025 U 24 14 39 43 54",nlb,https://www.nlb.lk/results/mega-power
2025-06-26,2220,mega_power,Mega Power,O,15;04;18;60;62,"2220 Thursday June 26, 2025 O 15 4 18 60 62",nlb,https://www.nlb.lk/results/mega-power
2025-06-25,2219,mega_power,Mega Power,Q,08;23;49;59;61,"2219 Wednesday June 25, 2025 Q 08 23 49 59 61",nlb,https://www.nlb.lk/results/mega-power
2025-06-24,2218,mega_power,Mega Power,K,03;24;39;41;57,"2218 Tuesday June 24, 2025 K 3 24 39 41 57",nlb,https://www.nlb.lk/results/mega-power
2025-06-23,2217,mega_power,Mega Power,I,03;01;11;36;52,"2217 Monday June 23, 2025 I 03 01 11 36 52",nlb,https://www.nlb.lk/results/mega-power
2025-06-22,2216,mega_power,Mega Power,Y,20;42;53;68;71,"2216 Sunday June 22, 2025 Y 20 42 53 68 71",nlb,https://www.nlb.lk/results/mega-power
2025-06-21,2215,mega_power,Mega Power,V,17;11;36;53;59,"2215 Saturday June 21, 2025 V 17 11 36 53 59",nlb,https://www.nlb.lk/results/mega-power
2025-06-20,2214,mega_power,Mega Power,C,19;12;45;51;53,"2214 Friday June 20, 2025 C 19 12 45 51 53",nlb,https://www.nlb.lk/results/mega-power
2025-06-19,2213,mega_power,Mega Power,N,18;03;61;68;79,"2213 Thursday June 19, 2025 N 18 3 61 68 79",nlb,https://www.nlb.lk/results/mega-power
2025-06-18,2212,mega_power,Mega Power,Z,26;22;64;74;76,"2212 Wednesday June 18, 2025 Z 26 22 64 74 76",nlb,https://www.nlb.lk/results/mega-power
2025-06-17,2211,mega_power,Mega Power,G,18;32;42;53;65,"2211 Tuesday June 17, 2025 G 18 32 42 53 65",nlb,https://www.nlb.lk/results/mega-power
2025-06-16,2210,mega_power,Mega Power,N,05;13;48;69;70,"2210 Monday June 16, 2025 N 05 13 48 69 70",nlb,https://www.nlb.lk/results/mega-power
2025-06-15,2209,mega_power,Mega Power,E,04;33;65;74;80,"2209 Sunday June 15, 2025 E 4 33 65 74 80",nlb,https://www.nlb.lk/results/mega-power
2025-06-14,2208,mega_power,Mega Power,I,18;16;60;63;73,"2208 Saturday June 14, 2025 I 18 16 60 63 73",nlb,https://www.nlb.lk/results/mega-power
2025-06-13,2207,mega_power,Mega Power,E,07;03;14;15;34,"2207 Friday June 13, 2025 E 07 03 14 15 34",nlb,https://www.nlb.lk/results/mega-power
2025-06-12,2206,mega_power,Mega Power,D,15;17;42;63;64,"2206 Thursday June 12, 2025 D 15 17 42 63 64",nlb,https://www.nlb.lk/results/mega-power
